ply
format ascii 1.0
comment photon map dump
element vertex 10000
property float x
property float y
property float z
property float red
property float green
property float blue
end_header
-228.174 261.366 1306 68.8873 55.5356 44.7564
-180.418 278 1304.69 3.57253 2.82051 2.17702
-181.55 273.697 1306 6.62766 5.12428 3.78806
147.455 -278 1073.14 4.51748 3.4205 2.42172
246.638 -278 963.43 68.8873 55.5356 44.7564
-96.1298 80.1717 1306 68.8873 55.5356 44.7564
27.8795 278 1286.27 11.5985 9.15705 7.06788
-56.2075 114.734 1306 68.8873 55.5356 44.7564
-120.702 -78 1077.99 102.847 81.198 62.6727
-278 -212.595 1199.39 68.8873 55.5356 44.7564
-79.1359 218.557 1306 68.8873 55.5356 44.7564
278 -78.7967 1006.07 74.7113 58.9847 45.5274
278 198.652 1017.48 68.8873 55.5356 44.7564
-278 73.2623 872.065 68.8873 55.5356 44.7564
-101.938 182.053 1306 68.8873 55.5356 44.7564
-278 116.34 1302.58 2.50433 1.97717 1.52608
278 19.502 1162.58 68.8873 55.5356 44.7564
274.462 -55.964 1306 3.00628 0.250055 0
-63.7013 -278 806.43 4.67265 0.380617 0
278 101.396 1077.63 6.13267 0.48921 0
204.431 273.241 1306 68.8873 55.5356 44.7564
278 195.026 1303.45 3.2678 2.57993 1.99132
-278 72.0255 1303.99 68.8873 55.5356 44.7564
-31.2682 185.608 1306 68.8873 55.5356 44.7564
-278 181.418 1137.88 77.5718 61.243 47.2705
-140.734 278 1134.13 39.4648 100.149 15.6318
-278 164.526 1283.09 38.5756 95.8673 14.3312
-278 121.053 1172.41 68.8873 55.5356 44.7564
-188.852 278 1101.92 19.7199 51.1001 8.32787
278 156.529 856.491 68.8873 55.5356 44.7564
229.356 278 1071.39 26.6372 2.21561 0
278 135.765 1224.3 68.8873 55.5356 44.7564
160.565 177.992 1306 108.469 9.02219 0
-25.9375 -132.172 1175.94 73.3672 5.97623 0
237.784 205.191 1306 68.8873 55.5356 44.7564
-278 85.7494 976.275 72.8343 57.5028 44.3836
-152.153 243.071 1306 14.7599 37.4558 5.84631
-273.807 -278 850.693 68.8873 55.5356 44.7564
278 -48.7592 1143.3 68.8873 55.5356 44.7564
-41.3011 278 750.243 72.9936 6.07142 0
-278 215.439 939.777 29.4978 2.40279 0
-278 167.826 811.025 68.8873 55.5356 44.7564
107.818 193.212 1306 68.8873 55.5356 44.7564
278 207.606 1302.35 2.94435 2.32457 1.79422
-132.178 -278 1296.8 3.79973 0.309512 0
-33.7504 278 1178.77 7.32479 0.584307 0
-278 206.411 1055.27 68.8873 55.5356 44.7564
-268.522 -177.919 1306 68.8873 55.5356 44.7564
-278 -180.788 1303.88 28.7906 22.7302 17.5443
19.9096 248.688 1306 68.8873 55.5356 44.7564
102.273 -53.0836 1306 68.8873 55.5356 44.7564
36.1486 -40.7715 1306 68.8873 55.5356 44.7564
246.494 278 1022.97 82.032 64.7644 49.9885
278 261.789 966.881 40.0913 30.9973 22.9144
272.628 278 955.757 21.1322 1.68574 0
55.8715 -24.0111 1306 68.8873 55.5356 44.7564
278 8.24144 1255.28 30.3684 23.9759 18.5058
-278 -51.9714 1026.93 68.8873 55.5356 44.7564
-167.918 -278 862.664 15.7115 40.7131 6.63508
278 42.7489 998.477 68.8873 55.5356 44.7564
76.3989 278 869.865 82.8005 6.88712 0
-262.565 191.628 1306 25.5836 2.08395 0
278 5.52823 1299.24 68.8873 55.5356 44.7564
-278 -258.19 1000.08 68.8873 55.5356 44.7564
-234.022 -278 977.58 35.4165 91.7746 14.9567
-184 -191.827 1306 17.7851 45.1329 7.04459
-124.145 -157.64 1225.86 26.9677 67.0196 10.0188
102.775 -274.847 1306 68.8873 55.5356 44.7564
95.6146 -278 1298.89 92.6555 73.1516 56.4622
91.5915 -276.629 1306 30.6602 23.7055 17.524
-104.093 135.144 1306 68.8873 55.5356 44.7564
-278 -80.9315 1048.58 68.8873 55.5356 44.7564
278 -82.2796 875.822 68.8873 55.5356 44.7564
153.242 -120.889 1306 68.8873 55.5356 44.7564
-0.989563 -145.453 1150.99 97.056 76.6258 59.1437
160.461 -266.618 1306 170.666 131.953 97.545
278 -159.644 1251.78 110.218 83.4537 59.0854
-278 175.701 1226.87 68.8873 55.5356 44.7564
-105.747 278 1126.59 32.9556 85.3977 13.9174
128.793 -278 995.43 59.3435 150.595 23.5057
278 -201.454 1013.07 53.8781 133.897 20.0163
27.0097 208.045 1306 68.8873 55.5356 44.7564
-278 -146.949 1104.65 54.446 42.9852 33.1782
155.521 214.396 1306 68.8873 55.5356 44.7564
178.992 278 1301.11 9.91972 7.83163 6.04485
63.0384 64.1557 1306 68.8873 55.5356 44.7564
-278 -58.6334 1073.24 74.4442 58.7738 45.3646
-9.60919 278 753.605 23.185 58.8361 9.18347
-278 78.999 971.445 68.8873 55.5356 44.7564
-278 111.779 1069.24 68.8873 55.5356 44.7564
-137.083 144.974 1306 68.8873 55.5356 44.7564
83.6889 -278 1281.98 6.92591 5.46801 4.22049
-52.1265 -157.616 1202.13 8.40997 6.50231 4.80675
-24.0334 -200.1 1306 13.5668 10.2724 7.27286
-19.2352 -278 928.771 68.8873 55.5356 44.7564
-133.211 -235.408 1083.21 29.8457 23.5632 18.1873
278 264.585 1097.99 68.8873 55.5356 44.7564
260.814 278 1123.39 70.7348 5.88354 0
278 249.405 1118.04 119.725 9.75233 0
168.12 201.1 1306 68.8873 55.5356 44.7564
-278 272.457 1284.98 68.8873 55.5356 44.7564
2.02625 180.043 1306 68.8873 55.5356 44.7564
-278 193.16 1113.95 77.8659 61.4752 47.4497
0.73048 -278 858.565 68.8873 55.5356 44.7564
-278 257.247 1153.34 68.8873 55.5356 44.7564
-273.826 278 1182.75 4.93721 12.7938 2.08502
-270.496 -278 1110.95 9.79293 24.8513 3.87893
278 252.388 1085.12 68.8873 55.5356 44.7564
-278 57.0008 798.218 116.869 9.72082 0
-224.242 -16.3197 1306 7.57798 2.02602 0
278 230.566 1100.14 68.8873 55.5356 44.7564
233.311 273.441 1306 28.6409 2.38227 0
278 240.765 1257.77 37.6259 3.06488 0
-278 -60.3261 875.544 68.8873 55.5356 44.7564
202.865 102.19 1306 68.8873 55.5356 44.7564
-278 261.957 1161.94 37.6762 29.7454 22.959
-278 93.5348 1137.72 68.8873 55.5356 44.7564
-108.048 88.8729 1306 68.8873 55.5356 44.7564
-278 175.926 906.018 68.8873 55.5356 44.7564
278 5.8056 814.475 68.8873 55.5356 44.7564
0.0766296 -278 778.255 95.9976 7.98483 0
-51.4592 -221.064 790.218 140.647 11.4566 0
-176.447 263.06 1306 68.8873 55.5356 44.7564
-53.2307 -78 1163.34 50.4387 39.8214 30.7362
-278 35.2925 1106 44.2703 34.2283 25.3028
125.519 -274.345 899.57 20.2493 50.3232 7.52283
-278 -51.3445 1001.64 68.8873 55.5356 44.7564
278 12.5418 917.618 42.1111 109.122 17.7838
275.439 -278 999.866 0.714035 0.190901 0
278 -276.264 997.31 0.617549 0.161689 0
-278 37.4034 899.567 68.8873 55.5356 44.7564
-188.982 -278 1081.84 10.1748 26.3659 4.2969
-278 -134.526 1194.36 14.3894 36.5158 5.69959
-270.358 -278 1253.04 0.440809 3.59561 0.113492
30.7442 -104.868 1306 68.8873 55.5356 44.7564
278 -153.636 1167.6 66.3196 52.3594 40.4136
38.6305 201.291 1306 68.8873 55.5356 44.7564
81.2574 278 1298.82 11.2299 8.86598 6.84322
83.0563 277.459 1306 1.6371 1.26575 0.935689
-173.733 -103.768 1306 68.8873 55.5356 44.7564
-278 178.651 1186.28 68.8873 55.5356 44.7564
-278 139.399 1132.84 68.8873 55.5356 44.7564
108.145 -3.18359 1306 68.8873 55.5356 44.7564
69.3828 278 1080.67 85.6617 67.63 52.2003
-278 36.0484 908.955 90.7364 70.1544 51.8608
-204.416 -278 1048.08 68.8873 55.5356 44.7564
-278 -249.043 1052.82 50.3608 39.7599 30.6888
-255.2 -278 1043.59 18.8039 47.7183 7.44813
-190.179 -208.851 1140.18 19.203 47.7229 7.13412
-42.6276 -278 795.388 68.8873 55.5356 44.7564
-59.0213 -231.1 771.519 117.231 92.554 71.438
278 78.0644 1202.11 68.8873 55.5356 44.7564
-278 -61.8523 1074.93 130.438 10.8495 0
-218.199 278 1185.31 13.3964 3.58161 0
-19.2811 -278 860.577 22.105 5.78764 0
-278 -40.3263 875.454 68.8873 55.5356 44.7564
-0.0288696 49.9576 1306 22.8965 59.3315 9.66935
-16.4967 278 962.308 38.1272 96.7547 15.102
63.9416 -278 955.948 68.8873 55.5356 44.7564
152.699 278 1205.84 124.354 98.1779 75.7787
155.17 239.377 1306 89.4579 69.1659 51.13
278 216.647 1230.03 92.9715 70.3952 49.84
211.773 -278 981.079 68.8873 55.5356 44.7564
-100.718 182.147 1306 68.8873 55.5356 44.7564
278 143.479 1219.23 30.6163 24.1716 18.6569
267.79 174.437 1306 6.74456 0.549388 0
-278 172.798 1196.34 68.8873 55.5356 44.7564
136.341 -168.259 895.608 28.87 74.8106 12.192
-50.8896 138.387 1306 68.8873 55.5356 44.7564
78.1591 278 1130.57 93.4315 73.7643 56.935
106.107 -43.4581 1306 163.551 126.452 93.4783
-278 111.748 814.82 68.8873 55.5356 44.7564
278 -22.4826 1078.07 68.8873 55.5356 44.7564
161.142 274.557 1306 41.0477 3.41424 0
187.778 -278 1275.35 4.54213 0.369986 0
158.367 -274.784 1306 0.685711 0.0547 0
278 -22.8923 1047.13 68.8873 55.5356 44.7564
-278 234.174 1043.81 125.053 10.4016 0
137.617 62.4723 1306 68.8873 55.5356 44.7564
-59.9692 28.7679 1306 68.8873 55.5356 44.7564
124.366 -255.502 946.25 100.297 79.1847 61.1188
222.918 -247.318 1306 191.511 148.07 109.459
-278 192.757 791.234 234.065 177.227 125.477
278 48.9141 970.738 68.8873 55.5356 44.7564
-278 179.815 1064.57 68.8873 55.5356 44.7564
-278 202.171 1199.6 68.8873 55.5356 44.7564
-278 186.995 842.05 68.8873 55.5356 44.7564
-238.81 278 901.516 14.536 37.6672 6.13868
278 222.752 1219.71 68.8873 55.5356 44.7564
266.258 91.1157 1306 10.2495 0.852526 0
278 74.0501 1305.02 0.966076 0.0786931 0
-127.703 188.859 1306 68.8873 55.5356 44.7564
278 44.4084 897.452 68.8873 55.5356 44.7564
-278 154.201 1009.66 68.8873 55.5356 44.7564
126.245 -218.352 1306 68.8873 55.5356 44.7564
17.24 -278 1286.85 20.9888 16.5707 12.7901
61.0676 -278 1188.92 68.8873 55.5356 44.7564
278 -23.1096 1227.16 104.242 82.2989 63.5225
-102.323 -78 1112.85 197.781 16.1105 0
41.8716 158.719 1306 68.8873 55.5356 44.7564
-134.393 -109.694 1306 68.8873 55.5356 44.7564
-9.58937 137.694 1306 68.8873 55.5356 44.7564
33.3193 278 1253.78 46.1995 36.4745 28.1529
278 41.5818 1183.13 62.8634 48.6039 35.9298
-104.909 271.376 1306 68.8873 55.5356 44.7564
278 138.535 1158.29 47.1754 37.245 28.7476
-278 22.7369 1211.8 91.9615 7.49086 0
58.9074 155.27 1306 68.8873 55.5356 44.7564
5.01437 278 1196.43 87.1943 68.84 53.1343
278 -219.151 1067.77 149.073 115.258 85.203
-278 219.183 1108.17 68.8873 55.5356 44.7564
278 142.307 937.336 68.8873 55.5356 44.7564
135.69 21.8201 1306 47.458 3.94743 0
68.5539 278 1249.71 19.7334 1.60741 0
278 157.244 1078.95 16.1012 1.28442 0
-278 -9.67426 909.725 68.8873 55.5356 44.7564
278 251.123 1240.67 68.8873 55.5356 44.7564
236.062 272.079 1306 71.8523 5.97649 0
142.744 -9.98798 1306 68.8873 55.5356 44.7564
278 140.271 1160.25 80.5693 63.6096 49.0971
-57.8649 -229.166 826.894 90.1489 7.34321 0
27.0479 278 805.944 16.9759 1.35419 0
-195.952 146.458 1306 68.8873 55.5356 44.7564
135.427 -278 1233.65 68.8873 55.5356 44.7564
146.176 -177.199 1306 111.512 88.0391 67.9531
183.052 -278 1268.57 73.4445 56.7848 41.9775
278 -66.823 1211.49 130.078 98.4908 69.7317
278 90.4856 997.255 68.8873 55.5356 44.7564
-278 -88.0643 1222.31 68.8873 55.5356 44.7564
-278 62.1244 840.966 68.8873 55.5356 44.7564
-216.973 -278 1046.28 68.8873 55.5356 44.7564
-278 -241.143 1053.91 70.8214 55.9135 43.1569
-110.532 -105.946 1306 22.2634 56.4973 8.81841
278 -62.7628 1228.96 68.8873 55.5356 44.7564
278 53.7339 1040.86 68.8873 55.5356 44.7564
-21.582 -278 967.502 68.8873 55.5356 44.7564
-278 142.739 1237.22 68.8873 55.5356 44.7564
-249.153 179.731 1306 14.852 38.4859 6.27211
-214.358 -21.6257 1306 68.8873 55.5356 44.7564
-278 78.6516 1218.96 81.4392 64.2964 49.6272
-277.395 278 1088.94 0.128646 0.326464 0.0509562
-278 277.951 1088.48 0.0163153 0.0405464 0.0060613
55.8921 250.764 1306 68.8873 55.5356 44.7564
-31.6995 278 1114.95 124.201 98.0567 75.6852
237.435 -136.259 1306 68.8873 55.5356 44.7564
258.445 -278 1297.08 8.5604 6.75845 5.21652
-278 144.445 1034 68.8873 55.5356 44.7564
-67.9003 -278 919.231 18.5465 48.0595 7.83233
-36.683 243.444 1306 68.8873 55.5356 44.7564
-91.6759 278 1253.35 86.7613 68.4982 52.8704
-109.305 277.42 1306 1.81219 1.40112 1.03576
278 183.813 1172.62 68.8873 55.5356 44.7564
167.97 278 986.309 64.2375 5.34311 0
100.896 -278 1069.53 126.165 10.2769 0
-261.36 -278 968.661 68.8873 55.5356 44.7564
-278 -277.829 975.314 1.30768 1.03241 0.796871
-277.861 -278 975.369 0.497595 1.26274 0.197095
-278 -277.899 975.499 0.464074 1.15331 0.172408
-82.9073 -78 1148.86 68.8873 55.5356 44.7564
-278 246.892 1142.8 118.1 93.2403 71.9677
71.4835 -67.7232 1306 68.8873 55.5356 44.7564
-67.9484 -270.125 1217.95 46.4661 36.6851 28.3154
17.3756 -278 1236.35 77.7744 60.1325 44.4523
233.392 -190.602 1306 55.896 42.3228 29.9646
61.0108 -181.203 1306 68.8873 55.5356 44.7564
-164.315 278 889.529 86.9892 68.6781 53.0093
278 150.916 1287.22 36.3508 28.1053 20.7765
104.59 -278 846.63 68.8873 55.5356 44.7564
139.657 -261.036 873.513 49.3787 38.9845 30.0903
-278 169.533 982.564 57.6488 44.5721 32.9494
51.0207 -278 1065.4 68.8873 55.5356 44.7564
-75.6964 -239.195 1074.3 40.2508 31.778 24.5279
-209.852 254.62 1306 68.8873 55.5356 44.7564
195.773 257.183 1306 68.8873 55.5356 44.7564
278 249.964 1296.16 16.3057 12.8734 9.93633
278 -45.2436 936.633 68.8873 55.5356 44.7564
-44.8154 -18.0432 1306 90.5255 7.52967 0
-278 50.5555 1184.18 81.1204 6.60778 0
278 271.911 1228.59 46.7665 12.2446 0
-278 264.748 1066.72 68.8873 55.5356 44.7564
31.7737 -75.1638 1306 68.8873 55.5356 44.7564
278 -55.926 1261.37 24.5007 19.3433 14.9302
278 41.0444 990.191 68.8873 55.5356 44.7564
278 230.046 953.368 68.8873 55.5356 44.7564
-244.039 -278 893.94 68.8873 55.5356 44.7564
-135.724 12.8141 1306 68.8873 55.5356 44.7564
-278 59.3138 1277.51 25.7596 20.3373 15.6973
-278 164.049 765.73 68.8873 55.5356 44.7564
-154.8 197.294 1306 68.8873 55.5356 44.7564
-31.3707 278 1164.25 95.4752 75.3778 58.1804
-3.92232 224.033 1306 66.8545 51.6897 38.211
-278 87.9073 872.93 68.8873 55.5356 44.7564
-278 67.9921 1270.35 68.8873 55.5356 44.7564
-278 227.124 1103.55 68.8873 55.5356 44.7564
40.847 -63.2508 1306 68.8873 55.5356 44.7564
278 -1.90515 765.999 68.8873 55.5356 44.7564
273.075 278 1292.49 1.13789 0.0946466 0
278 276.303 1289.96 0.666633 0.0543016 0
262.167 278 1287.19 1.30598 0.0109757 0
278 -142.111 1008.85 68.8873 55.5356 44.7564
16.7039 -278 863.245 68.8873 55.5356 44.7564
-221.174 186.463 1306 68.8873 55.5356 44.7564
-210.152 278 1302.47 5.2724 4.16256 3.21288
-212.201 277.2 1306 2.02719 1.56735 1.15865
-278 -72.2943 994.752 68.8873 55.5356 44.7564
-2.49442 -278 802.621 29.9822 77.6928 12.6617
28.553 243.364 1306 68.8873 55.5356 44.7564
278 233.047 1240.42 35.0008 27.6331 21.3287
-278 -252.219 929.233 48.5957 3.95843 0
278 -34.661 841.069 68.8873 55.5356 44.7564
-278 122.183 1053.14 68.8873 55.5356 44.7564
278 204.607 1103.45 42.231 109.433 17.8345
-24.6876 52.4956 1306 64.7731 17.3175 0
-278 186.424 795.267 112.98 29.5809 0
278 125.666 829.422 68.8873 55.5356 44.7564
-110.862 269.701 1306 68.8873 55.5356 44.7564
278 -31.1924 860.501 92.5083 73.0354 56.3725
278 -98.148 1127.61 68.8873 55.5356 44.7564
-96.5312 -89.7192 1053.47 135.119 11.2389 0
-278 -153.878 863.416 6.06335 0.493899 0
-278 18.4885 1112.04 68.8873 55.5356 44.7564
-278 257.476 790.562 68.8873 55.5356 44.7564
278 57.0912 1009.37 68.8873 55.5356 44.7564
134.942 -278 825.345 48.2861 4.01631 0
-83.3724 30.5325 1306 48.7287 3.96927 0
-274.989 191.734 1306 68.8873 55.5356 44.7564
-95.2206 278 1111.23 96.2726 76.0073 58.6664
278 36.053 815.442 87.214 67.431 49.8475
278 218.341 962.896 68.8873 55.5356 44.7564
278 221.187 1172.86 68.8873 55.5356 44.7564
-5.78548 -278 779.27 68.8873 55.5356 44.7564
46.984 263.59 1306 68.8873 55.5356 44.7564
278 85.2455 893.087 68.8873 55.5356 44.7564
191.684 278 1033.1 46.9309 3.90359 0
278 59.1142 1022.5 87.2293 7.10539 0
278 41.2975 1261.8 68.8873 55.5356 44.7564
-278 270.3 997.928 68.8873 55.5356 44.7564
-71.1161 262.99 1306 68.8873 55.5356 44.7564
-70.8118 278 1304.59 12.9062 10.1894 7.86473
-70.7132 271.45 1306 25.229 19.5062 14.4197
-229.962 278 1052.44 42.7194 32.3458 22.9009
-278 -233.261 1007.62 68.8873 55.5356 44.7564
278 140.715 839.436 68.8873 55.5356 44.7564
278 83.2602 1057.62 68.8873 55.5356 44.7564
172.6 -278 1021.46 38.4106 3.1949 0
114.573 -210.169 1306 17.4732 1.42331 0
10.278 -278 940.182 33.0854 2.63926 0
278 -11.7732 1171.5 68.8873 55.5356 44.7564
278 -106.973 1260.08 68.8873 55.5356 44.7564
213.777 -278 1053.59 32.093 2.66941 0
278 -152.775 925.443 42.2296 3.43987 0
160.657 -189.566 886.054 76.7497 0.645023 0
278 167.448 1133.24 68.8873 55.5356 44.7564
1.45013 -241.953 1306 68.8873 55.5356 44.7564
-201.455 -110.087 1306 68.8873 55.5356 44.7564
278 167.488 1178.31 30.9428 24.4293 18.8558
265.929 278 1034.1 4.1023 0.334159 0
-278 71.7292 1097.51 68.8873 55.5356 44.7564
114.834 -278 1214.73 68.8873 55.5356 44.7564
-278 112.262 1074.82 68.8873 55.5356 44.7564
-133.071 255.87 1306 20.147 52.2068 8.50822
-278 259.874 1208.36 22.5082 57.1187 8.9154
-262.732 228.458 1306 2.06189 16.8185 0.53086
-278 253.205 1286.67 68.8873 55.5356 44.7564
-256.825 166.016 1306 9.88852 25.6241 4.176
-69.7748 93.3382 1306 68.8873 55.5356 44.7564
219.323 177.501 1306 68.8873 55.5356 44.7564
-278 202.905 1068.37 68.8873 55.5356 44.7564
-59.1571 36.0996 1306 68.8873 55.5356 44.7564
0.758511 -278 1274.96 13.3129 10.5106 8.11258
2.23286 -256.393 1306 15.1984 11.7509 8.68671
-10.779 -278 1268.61 25.1989 19.0798 13.5086
-278 100.157 911.084 68.8873 55.5356 44.7564
-278 -43.0538 889.761 68.8873 55.5356 44.7564
-278 196.599 853.236 68.8873 55.5356 44.7564
278 224.029 1069.25 68.8873 55.5356 44.7564
-109.894 112.873 1306 68.8873 55.5356 44.7564
-278 261.954 1176.11 68.9544 54.4396 42.0193
-264.317 278 1160.57 22.4108 56.8715 8.87682
-278 277.707 1167.68 0.849043 2.11002 0.315428
-61.8874 -78 1199.58 68.8873 55.5356 44.7564
19.5158 -27.0606 1306 48.9603 38.6542 29.8353
278 -29.2689 1065.86 66.6467 51.529 38.0922
160.423 -278 819.598 68.8873 55.5356 44.7564
278 -14.6957 868.232 124.05 97.9376 75.5932
155.065 -278 857.299 104.885 8.54357 0
260.659 278 912.198 205.124 16.363 0
-278 227.848 877.213 68.8873 55.5356 44.7564
43.6454 -272.607 1306 68.8873 55.5356 44.7564
-278 136.239 1089.66 68.8873 55.5356 44.7564
-237.433 -29.6022 1306 6.30928 16.3492 2.66446
-278 -64.4369 1177.6 11.6489 29.5612 4.61407
-278 81.6955 1098.66 68.8873 55.5356 44.7564
-274.143 80.6657 1306 0.797056 2.06541 0.336603
278 274.758 861.404 68.8873 55.5356 44.7564
-176.04 44.7136 1306 68.8873 55.5356 44.7564
-71.1592 278 1199.29 53.0472 41.8808 32.3258
-87.7011 35.6856 1306 96.9074 74.9256 55.3878
-278 4.39619 1298.52 7.51207 5.68791 4.02706
40.9483 -182.744 1306 68.8873 55.5356 44.7564
72.1632 -278 907.943 68.8873 55.5356 44.7564
-278 -96.5253 1028.01 68.8873 55.5356 44.7564
-180.588 -113.125 1130.59 29.3146 75.9629 12.3798
-278 133.797 1002.81 31.6901 80.4193 12.5523
-162.87 278 986.467 12.2548 99.9604 3.15514
269.009 -278 953.422 68.8873 55.5356 44.7564
278 -266.791 928.783 54.1398 42.7434 32.9916
247.4 278 995.111 6.02789 0.491011 0
93.4585 -122.505 1306 9.11255 0.726918 0
278 -46.3005 793.629 68.8873 55.5356 44.7564
120.275 278 779.785 60.2139 5.00843 0
86.7725 -278 927.651 68.8873 55.5356 44.7564
164.922 -278 989.314 68.8873 55.5356 44.7564
278 -205.89 1107.71 55.5338 43.844 33.841
-23.1409 -148.274 1126.86 108.877 8.86872 0
-29.3692 -278 988.585 68.8873 55.5356 44.7564
-278 -229.412 953.986 26.1813 20.6702 15.9543
-148.413 -78 1187.45 68.8873 55.5356 44.7564
-278 217.975 995.043 108.436 85.6107 66.0787
-254.969 278 1007.93 23.6988 60.14 9.38698
214.158 -93.3464 1306 68.8873 55.5356 44.7564
199.437 278 1293.11 4.77485 3.76975 2.90969
254.884 252.174 1306 3.94536 3.05042 2.25499
-278 -34.0166 1038.73 68.8873 55.5356 44.7564
-278 227.734 1218.2 68.8873 55.5356 44.7564
-277.564 278 1180.42 0.297208 0.770153 0.125513
278 52.134 1301.3 68.8873 55.5356 44.7564
-278 88.8263 1115.73 68.8873 55.5356 44.7564
278 210.008 1002.69 68.8873 55.5356 44.7564
118.87 108.777 1306 61.3838 5.10575 0
-15.761 -278 1277.15 8.62827 0.702828 0
-31.7871 -269.325 1306 4.38617 0.34989 0
-278 158.082 865.447 68.8873 55.5356 44.7564
152.2 6.56851 902.572 68.8873 55.5356 44.7564
-278 123.144 1228.36 68.8873 55.5356 44.7564
2.79019 278 1094.55 34.6388 89.7594 14.6282
-278 212.181 987.171 68.8873 55.5356 44.7564
278 -86.7345 851.7 36.9127 95.6516 15.5885
151.37 -278 992.78 34.7144 9.28109 0
278 267.395 1284.59 59.9733 15.7025 0
278 61.7755 772.78 68.8873 55.5356 44.7564
-24.6226 -78 1169.37 68.8873 55.5356 44.7564
-278 -25.7397 1074.38 26.1251 20.6258 15.9201
278 209.34 1036.4 68.8873 55.5356 44.7564
-278 -184.562 1037.78 112.421 9.35086 0
-225.525 -158.188 1306 13.3685 3.57413 0
-159.878 -202.723 1190.12 22.0624 5.77647 0
211.628 -278 1052.05 68.8873 55.5356 44.7564
-185.413 -278 941.039 68.8873 55.5356 44.7564
50.0964 -36.4278 1306 68.8873 55.5356 44.7564
-24.0361 -221.657 1174.04 76.0063 60.007 46.3165
-260.575 -278 913.219 68.8873 55.5356 44.7564
-278 -28.3629 1091.85 68.8873 55.5356 44.7564
87.0009 243.758 1306 68.8873 55.5356 44.7564
278 -186.989 1118.94 68.8873 55.5356 44.7564
278 118.823 1027.59 68.8873 55.5356 44.7564
-278 93.0387 795.052 68.8873 55.5356 44.7564
-61.841 -278 959.694 68.8873 55.5356 44.7564
278 -186.418 1267.21 26.9962 21.3136 16.4509
-278 47.6053 903.945 68.8873 55.5356 44.7564
-70.6207 -78 1088.01 68.8873 55.5356 44.7564
-278 10.8783 793.868 68.8873 55.5356 44.7564
-278 179.365 1224.46 68.8873 55.5356 44.7564
-278 217.008 893.928 68.8873 55.5356 44.7564
-46.7416 278 1057.86 34.186 88.586 14.437
-278 -143.897 993.249 68.8873 55.5356 44.7564
-118.053 -202.125 838.789 29.8273 77.2915 12.5963
-86.0419 -278 915.362 4.55241 11.5526 1.80319
-278 -118.793 816.431 5.40281 13.427 2.0072
-278 3.4035 833.499 68.8873 55.5356 44.7564
141.029 -193.282 1306 27.1535 70.3627 11.4671
101.706 -278 1292.77 7.6168 19.329 3.01698
4.47234 278 1054.67 13.826 34.3601 5.13651
-278 89.7312 981.589 68.8873 55.5356 44.7564
-184.381 278 1161.21 14.5109 37.6021 6.12808
-144.481 -244.955 1306 27.8943 70.7868 11.0488
-99.0825 -139.401 1249.08 24.7632 61.541 9.19978
-186.683 162.48 1306 68.8873 55.5356 44.7564
278 24.7368 819.782 68.8873 55.5356 44.7564
158.248 -96.1763 1306 68.8873 55.5356 44.7564
31.2599 -278 895.085 68.8873 55.5356 44.7564
141.905 -53.3622 903.63 68.8873 55.5356 44.7564
-278 -58.18 1260.95 53.678 42.3788 32.7102
278 -82.845 1165.92 68.8873 55.5356 44.7564
135.549 0.725891 1306 90.6259 7.53803 0
-278 132.1 1272.56 13.9268 1.13443 0
278 -8.47012 1023.99 68.8873 55.5356 44.7564
132.314 -107.118 921.52 98.5799 8.19962 0
278 -114.328 966.219 55.4484 4.51663 0
-94.5996 49.8117 1306 68.8873 55.5356 44.7564
-278 62.8147 862.625 127.266 100.477 77.553
-237.266 221.199 1306 68.8873 55.5356 44.7564
-208.075 278 1292.38 28.7291 22.6817 17.5069
-278 233.696 1305.2 30.3898 23.4964 17.3694
278 261.183 1028.71 68.8873 55.5356 44.7564
257.344 278 1294.09 10.6702 0.88752 0
-278 -143.417 759.213 68.8873 55.5356 44.7564
278 47.6201 1006.97 68.8873 55.5356 44.7564
278 173.79 900.813 68.8873 55.5356 44.7564
278 90.3582 1071.76 68.8873 55.5356 44.7564
232.937 278 1241.72 24.1436 2.0082 0
278 246.527 1111.23 10.7331 0.874279 0
-4.63004 -111.247 1145.37 13.2694 0.111519 0
278 211.464 879.784 68.8873 55.5356 44.7564
209.387 278 986.507 65.9838 5.48836 0
278 229.568 1016.69 71.6166 5.83363 0
135.733 -233.564 1306 36.1111 0.303486 0
-186.093 21.2759 1306 68.8873 55.5356 44.7564
278 49.3434 1253.63 15.4202 12.1743 9.39675
278 217.503 819.443 68.8873 55.5356 44.7564
251.109 -278 1125.91 68.8873 55.5356 44.7564
115.319 -278 1269.3 68.8873 55.5356 44.7564
115.87 -264.132 1306 48.6996 38.4484 29.6764
-164.518 -194.875 1306 68.8873 55.5356 44.7564
-249.55 -278 1055.15 124.495 98.2893 75.8647
-278 172.205 1060.74 68.8873 55.5356 44.7564
-246.04 278 1046.54 12.2944 31.8583 5.192
278 38.1447 880.583 9.83377 24.955 3.89511
-278 154.627 1004.23 68.8873 55.5356 44.7564
-116.106 20.8209 1306 68.8873 55.5356 44.7564
-278 -111.106 1240.55 41.2036 32.5303 25.1085
160.82 10.6364 1306 68.8873 55.5356 44.7564
278 238.615 1221.04 68.8873 55.5356 44.7564
278 214.353 1050.66 68.8873 55.5356 44.7564
-278 -89.7138 975.918 68.8873 55.5356 44.7564
278 155.097 880.566 68.8873 55.5356 44.7564
-278 131.064 854.166 68.8873 55.5356 44.7564
-278 -164.034 900.993 68.8873 55.5356 44.7564
-62.6909 199.144 1306 68.8873 55.5356 44.7564
-278 232.343 1184.65 67.0446 52.9318 40.8555
73.698 141.636 1306 38.3129 97.226 15.1756
158.703 -174.313 932.719 57.6237 143.205 21.4078
278 154.576 945.989 68.8873 55.5356 44.7564
159.693 154.967 1306 68.8873 55.5356 44.7564
278 161.637 1303.39 3.02774 2.39041 1.84504
277.535 155.513 1306 0.421746 0.0343539 0
263.506 -278 780.846 0.65035 0.0518792 0
278 77.3754 891.099 68.8873 55.5356 44.7564
-278 -39.0347 1258.33 68.8873 55.5356 44.7564
278 -2.34094 1136.9 41.7894 108.289 17.648
-89.8492 -278 912.004 60.0778 16.0622 0
-278 -202.613 967.88 43.082 11.2799 0
153.268 -278 1180.12 68.8873 55.5356 44.7564
209.813 -157.832 1306 90.4763 71.4311 55.1342
204.38 -278 1237.52 89.5185 69.2127 51.1646
168.381 -112.237 1306 162.238 122.842 86.9724
107.712 241.392 1306 68.8873 55.5356 44.7564
-278 -36.3698 1142.12 44.9077 35.4547 27.3658
-278 245.03 987.628 68.8873 55.5356 44.7564
-260.989 278 978.66 19.1026 49.5004 8.06715
-82.8833 -102.498 1306 27.2948 69.2656 10.8114
-278 40.0424 1206.22 68.8873 55.5356 44.7564
94.6552 144.826 1306 68.8873 55.5356 44.7564
278 131.453 939.771 123.133 97.2134 75.0343
-109.57 -206.813 1306 151.147 12.3119 0
-278 -160.728 1203.53 152.992 12.2044 0
-271.352 85.4559 1306 68.8873 55.5356 44.7564
278 -70.856 1261.39 10.7286 8.47024 6.53776
11.7956 -265.419 1306 68.8873 55.5356 44.7564
21.5338 -278 1294.04 82.7893 65.3623 50.45
63.599 -220.807 1306 131.532 101.696 75.1775
132.53 -278 1204.27 197.441 149.496 105.844
-37.66 -45.8112 1306 68.8873 55.5356 44.7564
-278 262.25 829.339 68.8873 55.5356 44.7564
278 99.9384 781.947 68.8873 55.5356 44.7564
-58.0955 115.94 1306 68.8873 55.5356 44.7564
278 -3.43016 844.055 109.052 86.097 66.4541
278 67.99 1095.72 68.8873 55.5356 44.7564
278 108.605 934.837 68.8873 55.5356 44.7564
-278 70.4951 932.06 68.8873 55.5356 44.7564
37.6485 114.522 1306 27.537 71.3565 11.6291
-4.20583 -278 1294.63 1.58608 4.02496 0.628238
255.637 278 769.747 2.18401 5.42765 0.811382
-32.9077 -146.234 1306 68.8873 55.5356 44.7564
32.8335 -278 1072.07 116.596 92.053 71.0513
117.649 278 1205.75 224.278 173.404 128.187
278 26.7697 1132.76 367.25 278.071 196.875
-127.291 259.669 1306 68.8873 55.5356 44.7564
-112.656 278 1289.95 77.7929 61.4176 47.4052
-278 229.811 996.769 68.8873 55.5356 44.7564
-99.5674 19.5602 1306 68.8873 55.5356 44.7564
36.7522 -278 1157.04 57.0698 45.0567 34.7771
91.8738 -176.04 1306 61.66 47.6735 35.242
278 116.096 950.222 88.3583 66.9022 47.3669
-138.029 266.217 1306 68.8873 55.5356 44.7564
-144.763 278 1298.8 64.5677 50.9763 39.3461
-152.912 266.778 1306 92.7357 71.7002 53.0035
278 229.394 804.458 68.8873 55.5356 44.7564
19.2117 178.123 1306 68.8873 55.5356 44.7564
278 42.0864 1116.92 74.8179 59.0688 45.5923
106.596 84.5813 1306 99.1356 8.07523 0
-278 41.0189 832.493 153.511 12.2457 0
-62.465 -278 1270.7 68.8873 55.5356 44.7564
-275.423 -40.1924 1306 68.8873 55.5356 44.7564
66.9026 278 1209.85 27.7617 21.9179 16.9173
144.421 190.793 1306 68.8873 55.5356 44.7564
-106.829 -204.015 843.337 68.8873 55.5356 44.7564
278 -35.8214 995.435 68.8873 55.5356 44.7564
155.738 -278 1147.19 54.1885 4.50725 0
278 -116.489 1052.86 78.3333 6.38075 0
-64.6612 221.833 1306 98.6792 0.829323 0
131.624 144.431 1306 68.8873 55.5356 44.7564
278 32.8377 1218.34 59.2391 46.7693 36.0989
-78.7548 -278 1015 68.8873 55.5356 44.7564
278 147.279 851.051 101.23 79.9215 61.6875
50.2637 -278 780.508 68.8873 55.5356 44.7564
278 217.19 865.171 68.8873 55.5356 44.7564
-278 -20.4504 776.047 125.334 10.4249 0
53.795 220.914 1306 68.8873 55.5356 44.7564
3.97337 278 1226.96 99.4569 78.5213 60.6068
-278 225.725 1174.61 35.6691 27.5781 20.3868
-199.536 82.1841 1306 8.29973 20.6263 3.08343
278 243.48 1130.89 68.8873 55.5356 44.7564
-278 43.0883 797.391 68.8873 55.5356 44.7564
-278 175.667 1073.72 68.8873 55.5356 44.7564
-131.555 -139.122 1306 68.8873 55.5356 44.7564
278 253.02 844.841 68.8873 55.5356 44.7564
278 -53.3413 971.043 68.8873 55.5356 44.7564
213.584 278 1242.18 20.498 1.70497 0
-183.414 203.403 1306 68.8873 55.5356 44.7564
-278 52.626 922.071 68.8873 55.5356 44.7564
71.4815 -278 1231.92 68.8873 55.5356 44.7564
278 -227.201 1226.3 32.8965 25.9719 20.0464
200.135 -143.344 1306 36.7356 2.99235 0
-258.162 27.0188 1306 68.8873 55.5356 44.7564
85.1325 278 806.549 104.901 82.8194 63.9243
-278 239.812 750.256 21.6861 16.767 12.3948
-278 37.7622 772.049 68.8873 55.5356 44.7564
-278 245.882 1030.66 68.8873 55.5356 44.7564
-278 -91.2734 1301.07 68.8873 55.5356 44.7564
278 255.28 1032.96 68.8873 55.5356 44.7564
254.277 278 1048.16 90.3022 7.5111 0
160.574 260.854 1306 11.2656 0.917653 0
-278 211.355 847.055 68.8873 55.5356 44.7564
278 -42.6977 1133.53 68.8873 55.5356 44.7564
244.523 69.5548 1306 22.1223 1.84007 0
28.8307 278 1168.64 18.4212 1.50053 0
278 196.528 868.664 7.53445 0.601032 0
278 235.129 860.026 68.8873 55.5356 44.7564
278 161.066 1095.03 68.8873 55.5356 44.7564
242.115 -278 1303.13 10.1476 0.844054 0
278 -25.3959 1135.2 68.8873 55.5356 44.7564
124.951 -278 791.212 68.8873 55.5356 44.7564
-60.6627 148.426 1306 68.8873 55.5356 44.7564
72.0198 278 1275.95 22.0362 17.3976 13.4284
-278 46.632 1263.48 24.2921 18.7819 13.8843
31.7949 -278 887.254 68.8873 55.5356 44.7564
278 -235.112 819.785 68.8873 55.5356 44.7564
-81.5246 -160.344 1306 68.8873 55.5356 44.7564
-65.2674 -224.528 1215.27 111.292 87.8653 67.819
21.444 -106.433 1306 162.059 125.299 92.6257
-21.7812 202.475 1306 68.8873 55.5356 44.7564
118.932 278 1287.33 16.0012 12.633 9.75078
151.164 236.823 1306 23.732 18.3488 13.5641
156.072 278 1184.34 44.9259 34.0165 24.0838
278 -231.278 1038.18 68.8873 55.5356 44.7564
152.303 -278 1005.23 125.411 10.4314 0
-278 191.748 1092.76 183.231 14.9254 0
-278 56.179 1217.43 68.8873 55.5356 44.7564
-88.1917 -60.8863 1306 33.9061 87.8608 14.3188
-71.9162 -112.463 1221.92 57.0329 144.731 22.5905
10.7489 -69.1584 1306 107.068 266.084 39.777
23.6664 65.3941 1306 68.8873 55.5356 44.7564
-144.093 -78 1181.42 68.8873 55.5356 44.7564
-278 -4.64539 1054.38 68.8873 55.5356 44.7564
31.3579 -278 984.291 31.6671 82.0587 13.3732
-61.1097 -247.316 1088.89 13.595 34.4997 5.3849
-278 147.932 1082.55 68.8873 55.5356 44.7564
278 200.286 775.212 68.8873 55.5356 44.7564
278 116.393 1068.18 68.8873 55.5356 44.7564
-51.0221 -78 1144.57 68.8873 55.5356 44.7564
108.144 -278 788.142 68.8873 55.5356 44.7564
-64.0416 55.4684 1306 71.8369 56.7153 43.7758
-125.085 -278 1244.51 25.6402 19.8242 14.6548
-278 -258.317 1107.42 4.89221 3.70424 2.62261
57.5585 -278 797.442 68.8873 55.5356 44.7564
-278 -66.7122 999.7 65.3951 51.6295 39.8503
-65.2047 278 1176.94 19.5818 49.6924 7.75626
-278 -68.4934 858.919 68.8873 55.5356 44.7564
73.7524 -278 965.185 68.8873 55.5356 44.7564
-278 -151.296 752.267 40.5726 32.0321 24.724
278 192.881 945.986 68.8873 55.5356 44.7564
34.8904 147.515 1306 68.8873 55.5356 44.7564
197.57 278 1013.63 112.165 88.5541 68.3506
-278 -239.247 768.26 68.8873 55.5356 44.7564
278 115.074 1236.33 68.8873 55.5356 44.7564
-105.675 150.648 1306 68.8873 55.5356 44.7564
105.525 229.619 1306 68.8873 55.5356 44.7564
278 232.133 1273.44 68.8873 55.5356 44.7564
268.222 232.142 1306 39.6246 3.29587 0
278 219.123 1300.26 26.3377 2.14538 0
224.481 278 1273.07 33.5268 0.281767 0
-278 117.913 985.627 68.8873 55.5356 44.7564
-278 137.566 892.745 68.8873 55.5356 44.7564
278 108.32 1109.52 68.8873 55.5356 44.7564
-105.03 -78 1058.04 68.8873 55.5356 44.7564
278 -56.3261 978.971 7.62317 6.0185 4.64539
-278 164.213 967.211 68.8873 55.5356 44.7564
123.175 -241.008 909.816 30.0048 77.7512 12.6712
-278 106.907 810.489 68.8873 55.5356 44.7564
-60.103 -278 954.786 68.8873 55.5356 44.7564
-278 117.794 1038.84 68.8873 55.5356 44.7564
278 217.254 1111.16 41.8517 108.45 17.6743
-278 134.587 1130.08 68.8873 55.5356 44.7564
278 -25.2649 1152.3 68.8873 55.5356 44.7564
180.823 262.078 1306 68.8873 55.5356 44.7564
278 215.335 1271.05 42.4727 33.5323 25.8819
-278 31.8347 1303.62 80.5413 6.56061 0
-278 -166.183 947.56 68.8873 55.5356 44.7564
-58.9983 -78 1156.13 68.8873 55.5356 44.7564
-278 -7.66777 960.849 32.1139 25.354 19.5695
-186.711 278 782.153 5.22521 13.2599 2.06968
-162.992 124.609 1306 68.8873 55.5356 44.7564
-93.0789 -101.229 1306 68.8873 55.5356 44.7564
-153.537 -278 1269.05 26.7335 21.1061 16.2908
-278 -194.39 1148.84 23.262 17.9854 13.2955
-244.72 -278 1155.84 5.33657 13.2623 1.98259
-278 -180.494 836.01 68.8873 55.5356 44.7564
-236.994 -237.223 1306 3.69891 9.58498 1.56208
-278 -232.715 1299.59 1.13629 2.88355 0.45008
60.4975 169.144 1306 68.8873 55.5356 44.7564
278 -86.2558 990.243 94.4298 74.5525 57.5434
278 256.232 1052.21 68.8873 55.5356 44.7564
138.242 2.33357 1306 49.9828 4.15744 0
278 110.599 777.97 68.8873 55.5356 44.7564
110.857 -278 1143.05 68.8873 55.5356 44.7564
278 -161.82 1220.37 73.5101 58.0363 44.7954
278 -74.1242 931.369 68.8873 55.5356 44.7564
225.846 -139.502 1306 18.7193 1.55702 0
140.603 278 1168.25 11.516 0.938054 0
109.409 208.667 1306 68.8873 55.5356 44.7564
-278 -9.2449 1119.33 68.8873 55.5356 44.7564
278 87.9334 962.196 40.6763 105.404 17.1779
211.808 43.0302 1306 15.2551 4.07855 0
278 -100.434 1045.11 26.0974 6.83293 0
-278 228.721 1266.32 68.8873 55.5356 44.7564
278 -26.2643 756.24 29.9226 77.5383 12.6365
-161.908 157.753 1306 68.8873 55.5356 44.7564
15.6691 -278 1202.4 29.6231 23.3874 18.0516
41.5327 -134.747 1306 47.5023 36.7272 27.1502
278 -63.1467 1057.34 67.3941 51.0288 36.1285
278 77.2455 1091.91 68.8873 55.5356 44.7564
278 190.133 1116.45 68.8873 55.5356 44.7564
-8.43589 175.322 1306 68.8873 55.5356 44.7564
-70.8075 278 1180.13 99.6635 78.6845 60.7327
-278 -158.31 949.552 162.49 125.632 92.872
-134.115 225.783 1306 68.8873 55.5356 44.7564
278 24.8508 1104.69 55.3901 43.7306 33.7535
87.5031 -278 1281.21 68.8873 55.5356 44.7564
278 -201.379 1007.12 30.8246 24.3361 18.7838
216.898 -278 1055.13 34.5174 2.81167 0
11.8788 -218.709 1306 12.4273 0.991341 0
200.309 -103.725 1306 68.8873 55.5356 44.7564
278 -71.4386 1196.99 109.07 86.111 66.4649
227.045 -135.602 1306 81.5068 6.63926 0
278 -80.8666 1245.8 102.217 8.15397 0
-278 94.9602 1152.99 68.8873 55.5356 44.7564
-72.9338 243.946 1306 68.8873 55.5356 44.7564
-277.313 -278 969.626 68.8873 55.5356 44.7564
-278 243.045 1085.81 68.8873 55.5356 44.7564
51.1166 -103.574 1306 26.8063 69.4631 11.3205
6.3727 -278 1296.11 2.94088 7.46302 1.16487
167.471 278 1285.44 5.64844 14.0374 2.09845
165.44 -278 1047.43 68.8873 55.5356 44.7564
278 94.2058 1097.2 68.8873 55.5356 44.7564
221.105 -84.4422 1306 27.933 2.3234 0
-112.393 -278 1021.59 68.8873 55.5356 44.7564
278 255.365 986.882 68.8873 55.5356 44.7564
268.967 278 1015.33 33.2193 2.76309 0
278 273.698 999.076 14.9704 1.21944 0
275.682 278 993.806 9.65329 0.0811285 0
-278 200.276 1199.89 68.8873 55.5356 44.7564
278 169.527 1227.94 68.8873 55.5356 44.7564
-116.518 238.315 1306 68.8873 55.5356 44.7564
-118.354 278 1296.71 31.3761 24.7715 19.1199
-121.742 267.93 1306 44.7686 34.6136 25.5877
-99.2238 278 1166.85 88.1626 66.7541 47.2621
-278 -27.0092 1041.88 68.8873 55.5356 44.7564
150.487 -278 1216.88 68.8873 55.5356 44.7564
278 -203.158 1262.43 66.6492 52.6196 40.6145
258.762 -254.628 1306 36.5668 2.9786 0
278 -180.311 1263.03 35.7214 2.84954 0
248.849 -278 951.995 68.8873 55.5356 44.7564
278 -212.191 923.595 117.177 92.5111 71.4048
235.373 -278 969.844 109.737 8.93879 0
278 -261.05 992.954 72.4221 5.7772 0
278 240.836 1109.79 68.8873 55.5356 44.7564
-21.8153 157.64 1306 68.8873 55.5356 44.7564
278 112.086 1004.62 68.8873 55.5356 44.7564
256.871 278 1029.75 17.2114 1.4316 0
278 -213.209 1305.11 30.0058 2.44417 0
276.907 -213.971 1306 40.8772 0.343542 0
-34.2386 250.981 1306 68.8873 55.5356 44.7564
-30.2147 278 1298.56 36.1831 28.5666 22.0491
278 153.835 1083.33 22.6959 17.5477 12.9719
278 -148.576 898.787 68.8873 55.5356 44.7564
161.849 -239.819 880.062 107.483 8.94012 0
162.221 -278 871.355 7.55383 0.615308 0
232.019 106.399 1306 68.8873 55.5356 44.7564
278 91.6803 1292.49 37.1316 29.3154 22.6272
277.746 94.3451 1306 1.36704 0.111354 0
278 93.9324 1305.95 0.301877 0.0240811 0
8.93267 -278 765.014 68.8873 55.5356 44.7564
278 6.86765 1078.1 68.8873 55.5356 44.7564
-24.5041 263.731 1306 68.8873 55.5356 44.7564
16.5238 -278 876.725 85.4163 67.4362 52.0508
-61.8117 278 1063.02 160.555 124.136 91.7658
-278 245.959 1004.94 45.4965 34.4485 24.3897
-180.112 164.535 1306 68.8873 55.5356 44.7564
278 230.116 1039.92 68.8873 55.5356 44.7564
-278 206.825 902.243 68.8873 55.5356 44.7564
181.422 278 1219.48 34.9881 90.6644 14.7757
220.251 -31.459 1306 66.9053 169.784 26.5009
278 -100.045 1205.32 99.9292 248.342 37.1247
278 186.353 893.712 68.8873 55.5356 44.7564
-208.66 75.6292 1306 103.573 8.61493 0
-278 71.733 1296.44 28.2567 2.30169 0
-278 235.21 803.398 68.8873 55.5356 44.7564
-278 200.003 863.72 68.8873 55.5356 44.7564
278 -60.775 1110.49 36.0084 93.3085 15.2066
180.066 278 1151.91 19.8632 5.31053 0
199.726 163.342 1306 23.5922 6.17701 0
278 149.125 1125.66 68.8873 55.5356 44.7564
61.4467 278 990.332 104.306 8.67587 0
278 253.828 1135.52 68.8873 55.5356 44.7564
-97.9565 -78 1119.96 68.8873 55.5356 44.7564
-278 -249.273 778.779 68.8873 55.5356 44.7564
278 129.225 1248.49 68.8873 55.5356 44.7564
-7.82479 249.198 1306 68.8873 55.5356 44.7564
278 147.333 1154.87 68.8873 55.5356 44.7564
127.366 278 1271.44 89.8484 7.47336 0
124.719 268.971 1306 45.2948 3.68956 0
211.934 -278 1162.64 68.8873 55.5356 44.7564
-60.0202 -238.421 1210.02 19.5533 15.4373 11.9153
-6.52966 -161.98 1306 30.8786 23.8743 17.6488
278 55.1211 1022.16 68.8873 55.5356 44.7564
-278 -140.817 971.576 68.8873 55.5356 44.7564
65.4291 -278 889.873 68.8873 55.5356 44.7564
-12.8242 220.769 1306 68.8873 55.5356 44.7564
-278 100.584 1252.76 24.7855 19.5682 15.1037
278 1.64569 965.645 68.8873 55.5356 44.7564
-278 155.287 1003.3 68.8873 55.5356 44.7564
-25.7657 -278 1115.7 68.8873 55.5356 44.7564
-15.5904 -277.526 1134.41 3.06372 2.41881 1.86696
278 111.035 767.45 68.8873 55.5356 44.7564
9.92039 264.494 1306 68.8873 55.5356 44.7564
278 176.156 791.303 120.802 95.3732 73.6139
184.895 278 776.021 162.027 13.1981 0
278 33.2013 1154.3 68.8873 55.5356 44.7564
145.971 207.935 1306 68.8873 55.5356 44.7564
95.4704 278 1270.48 52.4074 41.3757 31.9359
-278 199.238 1045.14 18.6251 14.4003 10.6453
-278 117.328 997.125 68.8873 55.5356 44.7564
2.12469 -172.757 1306 68.8873 55.5356 44.7564
62.1319 186.417 1306 68.8873 55.5356 44.7564
8.5929 55.4908 1306 68.8873 55.5356 44.7564
278 -135.181 1125.21 66.1867 52.2545 40.3327
-278 206.078 877.68 68.8873 55.5356 44.7564
-278 234.542 906.458 68.8873 55.5356 44.7564
278 271.752 1155.41 68.8873 55.5356 44.7564
272.448 278 1146.82 63.8172 5.30814 0
-17.1039 179.65 1306 68.8873 55.5356 44.7564
-278 196.368 1301.48 2.38133 1.88007 1.45113
278 -268.782 883.038 0.984253 2.49772 0.389858
274.331 -278 894.293 0.481273 0.126009 0
-256.256 -278 1108.88 68.8873 55.5356 44.7564
-217.326 278 1037.49 136.324 107.628 83.073
-27.2536 205.287 1306 58.8425 45.495 33.6316
211.494 -19.193 1306 68.8873 55.5356 44.7564
-45.5846 -177.812 1195.58 47.2989 37.3426 28.8229
-4.69817 -195.075 1306 85.0461 65.7548 48.6084
278 197.417 821.137 68.8873 55.5356 44.7564
-278 136.764 1123.41 68.8873 55.5356 44.7564
-249.811 278 1233.45 6.66628 17.2743 2.81522
-278 254.002 1135.42 3.05332 7.74835 1.2094
-96.1544 -78 1211.78 68.8873 55.5356 44.7564
-216.348 -41.4772 1306 32.0448 25.2994 19.5274
-154.03 278 1250.45 10.7825 8.33664 6.16276
-135.902 -278 820.57 17.0548 12.9134 9.14269
126.535 134.602 1306 68.8873 55.5356 44.7564
278 3.70244 1266.54 26.6425 21.0343 16.2353
247.721 278 1089.06 4.91715 0.400534 0
-72.46 -207.683 836.453 7.53127 0.600778 0
-86.0807 84.3392 1306 68.8873 55.5356 44.7564
64.7546 278 1077.6 93.8507 74.0952 57.1905
278 81.0027 1264.15 107.153 82.8473 61.2439
264.873 -49.1101 1306 20.4873 1.6343 0
278 127.462 1122.03 68.8873 55.5356 44.7564
278 149.255 767.062 68.8873 55.5356 44.7564
56.7721 278 821.506 116.472 9.68787 0
-278 -175.264 1300.11 142.815 11.6332 0
-131.236 278 1119.28 25.5924 6.70072 0
-125.839 -78 1120.03 68.8873 55.5356 44.7564
278 47.4962 754.833 68.8873 55.5356 44.7564
-278 -16.6849 854.14 68.8873 55.5356 44.7564
-71.1322 278 842.413 24.6143 63.783 10.3948
278 266.326 1014.93 68.8873 55.5356 44.7564
253.537 -278 1034.89 6.18133 0.514146 0
278 260.414 808.772 68.8873 55.5356 44.7564
-96.6035 -78 1132.16 86.086 7.16041 0
-33.9313 -53.6988 1306 22.4479 1.82852 0
278 193.449 1215.77 68.8873 55.5356 44.7564
278 38.5018 1083.89 68.8873 55.5356 44.7564
-278 244.871 993.271 127.682 10.6203 0
-173.257 159.42 1306 68.8873 55.5356 44.7564
-278 207.349 1116.14 117.792 92.9966 71.7795
-263.046 278 1167.04 12.4045 31.4787 4.91338
-278 260.108 1148.99 15.0524 37.4079 5.59212
-278 145.691 1072.94 68.8873 55.5356 44.7564
-96.6105 54.8749 1306 25.1632 65.2053 10.6266
-87.4999 112.119 1306 68.8873 55.5356 44.7564
278 167.498 822.447 109.454 86.4138 66.6986
-278 177.492 1230.6 176.446 14.3727 0
100.081 250.154 1306 68.8873 55.5356 44.7564
118.877 278 1299.36 26.7126 21.0897 16.2781
-278 165.306 1104.46 13.195 10.2019 7.54164
-186.008 278 1081.15 5.12641 12.74 1.90451
-216.248 -278 1031.82 68.8873 55.5356 44.7564
-278 -248.04 969.388 44.4869 35.1224 27.1093
-278 213.008 1020.05 68.8873 55.5356 44.7564
30.0052 188.234 1306 31.358 81.258 13.2427
278 -27.8054 820.513 68.8873 55.5356 44.7564
278 -120.541 914.952 68.8873 55.5356 44.7564
-94.673 235.28 1306 68.8873 55.5356 44.7564
-82.8053 278 1282.57 64.3751 50.8242 39.2287
-23.8641 140.93 1306 68.8873 55.5356 44.7564
78.8507 278 1304.38 1.29984 1.02622 0.792092
72.0306 276.695 1306 0.475559 0.367686 0.271808
278 156.307 961.317 68.8873 55.5356 44.7564
82.278 -278 1035.88 68.8873 55.5356 44.7564
-13.6453 -259.969 1306 8.64913 6.8285 5.27059
278 212.948 1150.93 4.65005 3.59526 2.65775
-10.6835 -8.78372 1306 6.78554 0.54129 0
48.7104 243.659 1306 68.8873 55.5356 44.7564
93.7826 278 1259.71 87.1643 68.8163 53.116
278 230.044 1185.4 40.9113 31.6313 23.383
-88.4287 -230.948 1306 49.8783 3.97885 0
-50.7459 -78 1168.99 68.8873 55.5356 44.7564
114.205 83.3254 1306 68.8873 55.5356 44.7564
-180.05 -278 944.708 68.8873 55.5356 44.7564
-247.238 278 984.812 136.43 107.712 83.1375
107.877 -278 1124.09 68.8873 55.5356 44.7564
134.031 -37.128 1306 109.533 86.4765 66.747
-278 242.717 1166.91 68.8873 55.5356 44.7564
0.334832 -278 977.28 68.8873 55.5356 44.7564
-103.484 -254.217 842.433 19.0686 15.0547 11.62
-112.159 -278 839.16 15.383 11.8936 8.79223
-169.475 -278 1028.72 68.8873 55.5356 44.7564
-110.999 -222.802 1061 87.7657 69.2911 53.4824
-262.049 -278 951.963 166.144 128.457 94.9601
139.826 240.235 1306 68.8873 55.5356 44.7564
278 151.134 1143.93 96.7206 76.3611 58.9394
-278 91.7871 954.662 68.8873 55.5356 44.7564
278 273.186 1213.82 68.8873 55.5356 44.7564
165.889 259.495 1306 105.95 8.81265 0
162.509 278 1266.41 191.393 15.5902 0
147.388 254.948 1306 182.908 14.5907 0
278 88.1013 863.105 68.8873 55.5356 44.7564
-205.814 -143.639 1306 68.8873 55.5356 44.7564
-278 -185.156 1301.6 7.26782 5.73795 4.42885
1.13011 242.286 1306 68.8873 55.5356 44.7564
-11.1295 278 1277.51 82.9745 65.5085 50.5628
50.2949 -278 1065.35 154.225 119.242 88.1479
-69.3383 -148.949 1080.66 225.352 170.63 120.806
-124.677 -278 1021.51 68.8873 55.5356 44.7564
210.558 -181.604 1306 68.8873 55.5356 44.7564
278 -152.66 1240.27 91.9183 72.5696 56.0129
105.639 -101.226 1306 68.8873 55.5356 44.7564
-70.2104 229.214 1306 68.8873 55.5356 44.7564
-29.6131 -278 1245.25 16.3321 12.8942 9.95244
77.2939 -211.091 1306 15.6124 12.071 8.92333
-278 4.78925 1215.83 6.61843 5.01128 3.548
-278 162.39 1084.17 68.8873 55.5356 44.7564
-225.068 61.6306 1306 9.09979 23.5802 3.84291
-261.591 -278 893.898 14.0118 35.5576 5.55002
-278 -271.284 888.706 10.1864 25.315 3.78434
106.539 199.002 1306 68.8873 55.5356 44.7564
-278 104.485 949.217 92.223 72.8102 56.1986
-137.251 -278 993.19 68.8873 55.5356 44.7564
-278 -181.618 878.088 64.5276 50.9446 39.3217
-278 138.584 895.99 68.8873 55.5356 44.7564
278 246.21 944.66 68.8873 55.5356 44.7564
-38.0693 231.092 1306 68.8873 55.5356 44.7564
-278 -127.557 1282.93 7.35599 5.80757 4.48258
-82.9244 -278 1279.83 3.62415 9.19693 1.43551
-278 -197.107 1205.02 2.61707 6.50388 0.972267
278 185.073 1088.88 68.8873 55.5356 44.7564
-86.8622 -124.389 1063.14 68.8873 55.5356 44.7564
-45.8269 -278 862.064 92.0113 72.6431 56.0696
278 -114.001 846.577 83.0664 64.2242 47.477
266.675 -278 787.198 10.7642 0.85867 0
-278 -61.8526 1116.51 68.8873 55.5356 44.7564
-111.662 75.2668 1306 24.8411 64.3707 10.4906
-278 115.988 1129.62 68.8873 55.5356 44.7564
278 235.396 779.757 68.8873 55.5356 44.7564
251.299 278 816.901 58.8477 4.8948 0
278 196.472 829.038 110.747 9.02104 0
194.344 -278 1257.71 28.7323 0.241473 0
-135.147 -278 1041.01 68.8873 55.5356 44.7564
48.6481 -278 931.612 68.8873 55.5356 44.7564
111.187 -214.562 938.198 97.8463 77.2498 59.6254
-278 -0.982971 853.244 68.8873 55.5356 44.7564
278 157.553 883.791 41.1629 106.665 17.3834
124.327 278 833.933 62.7802 16.7847 0
186.579 -278 1151.93 108.482 28.4033 0
-278 250.949 1259.05 68.8873 55.5356 44.7564
-86.2325 -278 1006.04 13.3241 34.5266 5.62685
250.782 34.5791 1306 68.8873 55.5356 44.7564
278 218.706 923.347 68.8873 55.5356 44.7564
187.077 278 936.13 114.611 9.53307 0
278 263.278 882.307 31.6324 2.57667 0
235.824 278 968.893 27.3858 0.230157 0
278 180.509 1069.44 68.8873 55.5356 44.7564
128.823 252.098 1306 71.1933 5.92167 0
-278 190.419 1103.63 68.8873 55.5356 44.7564
-79.6537 -171.369 1070.35 68.8873 55.5356 44.7564
-20.0107 -278 1024.85 68.8873 55.5356 44.7564
-168.966 278 1019.9 133.077 105.064 81.0939
128.602 -229.769 900.835 68.8873 55.5356 44.7564
-7.98514 -135.423 1142.01 10.0138 7.90592 6.10219
71.8608 -278 960.222 68.8873 55.5356 44.7564
102.669 -270.981 945.831 27.8512 21.9885 16.9719
-8.2731 -278 892.331 68.8873 55.5356 44.7564
-278 207.588 1099.79 68.8873 55.5356 44.7564
-246.564 278 1108.39 17.3664 45.0014 7.33396
-235.087 227.748 1306 8.54653 21.6884 3.38524
-278 148.086 1305.78 0.0405483 0.10077 0.0150641
278 41.3326 850.877 68.8873 55.5356 44.7564
-65.6476 -278 1066.41 68.8873 55.5356 44.7564
-43.5696 -232.457 1106.43 97.2451 76.7751 59.259
278 103.069 1069.32 68.8873 55.5356 44.7564
-99.165 -78 1129.5 122.938 10.2256 0
-104.038 40.3855 1306 136.927 11.1536 0
-278 -168.934 1290.76 15.3064 1.22101 0
-278 251.363 904.991 68.8873 55.5356 44.7564
278 133.341 970.132 41.6563 107.944 17.5918
191.41 -141.552 1306 16.3002 4.35794 0
-218.459 -278 805.093 68.8873 55.5356 44.7564
-278 -130.385 777.481 125.892 99.3918 76.7157
-87.944 -278 1060.25 40.0948 101.748 15.8814
-57.6317 -248.532 816.833 9.56426 23.7689 3.55322
-200.981 184.842 1306 68.8873 55.5356 44.7564
-183.067 278 1136.12 120.29 94.969 73.3019
114.138 181.644 1306 68.8873 55.5356 44.7564
137.347 278 1296.82 12.7115 10.0357 7.74608
-145.597 216.396 1306 68.8873 55.5356 44.7564
-68.5457 278 1292.44 18.7646 14.8147 11.4347
278 105.484 1167.05 68.8873 55.5356 44.7564
-115.374 -78 1126.45 124.317 10.3404 0
-278 -44.7473 904.279 29.8112 2.42832 0
76.5864 -45.3211 1306 12.275 3.2139 0
278 -13.7029 1239.68 68.8873 55.5356 44.7564
-278 -17.3555 1140.77 68.8873 55.5356 44.7564
183.499 -107.7 1306 68.8873 55.5356 44.7564
-162.232 146.606 1306 68.8873 55.5356 44.7564
-34.3504 278 1285.47 15.3302 12.1032 9.34189
-278 -56.7513 1247.73 68.8873 55.5356 44.7564
-198.564 74.0266 1306 68.8873 55.5356 44.7564
-278 83.9823 1237.76 89.3773 70.5634 54.4645
278 176.184 756.555 68.8873 55.5356 44.7564
131.887 -103.832 1306 68.8873 55.5356 44.7564
278 -248.224 1146.71 84.4253 66.6538 51.4469
-32.3331 -15.2212 1306 68.8873 55.5356 44.7564
-278 -29.3378 1156.2 71.6408 56.5605 43.6563
278 30.6243 929.128 68.8873 55.5356 44.7564
150.507 -14.4401 894.941 125.936 10.475 0
278 261.199 1127.37 68.8873 55.5356 44.7564
278 272.171 773.074 68.8873 55.5356 44.7564
277.338 278 758.25 5.7139 0.475267 0
278 277.421 758.966 5.83088 0.474963 0
278 273.764 1250.33 68.8873 55.5356 44.7564
270.177 278 1239 74.8007 6.22172 0
278 270.883 1235.58 95.7972 7.8033 0
252.987 278 1224.87 170.385 1.43196 0
-278 -131.446 1013.25 68.8873 55.5356 44.7564
278 -152.42 798.466 39.9588 103.545 16.8749
90.2908 86.66 1306 68.8873 55.5356 44.7564
80.557 -278 1089.97 70.2037 55.4259 42.7806
122.304 149.546 1306 68.8873 55.5356 44.7564
-14.925 278 911.522 124.376 98.1952 75.7921
-278 33.56 1009.41 68.8873 55.5356 44.7564
-60.8938 118.624 1306 68.8873 55.5356 44.7564
30.3976 278 1245.21 43.2876 34.1756 26.3785
278 156.325 1194.09 37.5437 29.0275 21.4583
223.928 253.152 1306 25.77 2.0557 0
278 119.083 1089.8 68.8873 55.5356 44.7564
-278 155.681 1034.63 68.8873 55.5356 44.7564
-278 249.912 1119.53 68.8873 55.5356 44.7564
-256.677 278 1128.04 25.1933 65.2833 10.6393
-69.5219 11.3764 1306 68.8873 55.5356 44.7564
278 -230.133 1065.26 68.1229 53.7831 41.5126
232.757 -278 1291.47 26.1629 2.13114 0
227.744 -271.447 1306 20.5186 1.63679 0
-278 88.1804 1137.24 68.8873 55.5356 44.7564
-141.118 -109.995 1208.88 23.3491 60.5043 9.86049
-278 -271.568 1253.73 27.7224 70.3506 10.9807
-278 217.6 1141.11 68.8873 55.5356 44.7564
-167.838 188.586 1306 23.5601 61.0511 9.9496
20.6386 278 1172.75 25.3653 64.3691 10.0471
-163.84 -78 1185.38 68.8873 55.5356 44.7564
-278 143.478 950.907 68.8873 55.5356 44.7564
186.97 -278 1016.63 68.8873 55.5356 44.7564
-67.6108 278 1291 114.291 90.2327 69.6462
-58.8373 277.026 1306 12.7935 9.89149 7.31216
177.062 87.2675 1306 68.8873 55.5356 44.7564
-278 263.685 1065.35 68.8873 55.5356 44.7564
-23.6686 -278 896.362 17.5314 45.429 7.40364
-278 166.625 1041.42 68.8873 55.5356 44.7564
-276.512 171.639 1306 0.240996 0.624492 0.101774
-194.323 278 1136.88 0.37733 0.957545 0.149459
-181.273 241.659 1306 0.15809 0.392881 0.0587319
278 -146.559 926.199 68.8873 55.5356 44.7564
278 137.204 1239.91 68.8873 55.5356 44.7564
-278 7.41887 1303.79 133.336 11.0905 0
239.001 -278 1265.11 72.4762 19.3769 0
-29.1044 -158.318 1179.1 56.7036 14.8464 0
-149.377 170.596 1306 68.8873 55.5356 44.7564
-278 36.9412 794.271 68.8873 55.5356 44.7564
278 -109.337 845.445 41.2894 106.993 17.4368
82.2088 278 954.505 36.1297 9.65949 0
-0.285301 108.225 1306 68.8873 55.5356 44.7564
278 59.1281 1197.58 49.3536 38.9647 30.075
144.045 191.09 1306 68.8873 55.5356 44.7564
278 -193.344 1129.34 68.8873 55.5356 44.7564
269.68 -278 1088.62 12.1533 1.01088 0
278 -275.864 1083.41 5.16697 0.420883 0
262.818 -278 1068.6 7.36042 0.0618588 0
278 42.6097 1171.02 68.8873 55.5356 44.7564
3.86472 -278 1266.94 87.3067 7.26194 0
278 -198.11 1136.55 44.4395 3.61988 0
-278 223.833 1071.09 68.8873 55.5356 44.7564
-230.066 278 1125.89 22.6405 58.6682 9.56125
278 244.889 1246.64 68.8873 55.5356 44.7564
278 4.04056 1038.13 68.8873 55.5356 44.7564
278 254.913 1045.64 68.8873 55.5356 44.7564
264.366 278 1090.62 35.8703 2.9836 0
-85.2813 270.461 1306 1.3167 0.107254 0
278 6.54108 879.961 1.81254 0.144589 0
270.976 188.347 1306 68.8873 55.5356 44.7564
278 191.036 1305.78 4.06049 3.20576 2.47437
176.727 278 1125.18 3.66213 0.298304 0
-270.4 230.164 1306 68.8873 55.5356 44.7564
-278 236.655 1290.17 116.492 91.9709 70.9878
-257.732 240.071 1306 56.6297 143.708 22.4308
278 78.6788 1303.81 0.444195 1.1039 0.165023
-278 117.083 1173.69 68.8873 55.5356 44.7564
278 122.183 911.631 68.8873 55.5356 44.7564
278 -106.296 886.58 68.8873 55.5356 44.7564
-278 -198.056 752.474 68.8873 55.5356 44.7564
-235.769 278 938.726 3.52896 9.14457 1.4903
-79.456 -78 1151.31 68.8873 55.5356 44.7564
-172.377 278 1051.59 128.666 101.582 78.4061
-278 109.599 1022.85 215.756 166.816 123.316
278 219.414 897.747 68.8873 55.5356 44.7564
-80.0919 117.191 1306 68.8873 55.5356 44.7564
57.7059 109.555 1306 68.8873 55.5356 44.7564
251.229 278 1255.02 26.8533 21.2007 16.3638
214.86 276.862 1306 0.975738 0.754408 0.557687
-91.2429 -78 1077.21 68.8873 55.5356 44.7564
-278 45.7403 830.754 68.8873 55.5356 44.7564
-278 -91.9921 1031.01 68.8873 55.5356 44.7564
278 -265.16 1048.01 40.9068 106.002 17.2753
62.4329 -278 1115.76 68.8873 55.5356 44.7564
-278 208.11 814.42 68.8873 55.5356 44.7564
278 146.35 971.746 41.0103 106.27 17.319
-278 260.926 943.289 68.8873 55.5356 44.7564
44.0788 -278 1081.85 68.8873 55.5356 44.7564
278 259.902 947.016 68.8873 55.5356 44.7564
-278 -233.304 1090.26 68.8873 55.5356 44.7564
-56.0716 -278 1020.43 68.8873 55.5356 44.7564
278 133.964 985.955 68.8873 55.5356 44.7564
179.614 278 964.182 77.1115 6.41393 0
278 229.396 941.313 66.87 5.447 0
251.705 278 880.983 42.9833 0.361242 0
278 47.1549 924.258 68.8873 55.5356 44.7564
240.661 278 876.942 21.5619 1.79346 0
-278 22.1488 1264.32 15.8504 1.29112 0
278 -78.317 1166.52 68.8873 55.5356 44.7564
186.594 -15.7322 1306 70.7002 5.88066 0
-22.4399 278 1187.79 44.0549 3.58856 0
-278 184.693 1274.02 68.8873 55.5356 44.7564
-91.7633 278 1061.59 26.8311 69.5272 11.331
-278 117.544 993.003 68.8873 55.5356 44.7564
-278 113.165 836.015 68.8873 55.5356 44.7564
278 -71.5182 993.685 39.2802 101.787 16.5883
161.293 -278 1269.56 25.201 6.73762 0
169.948 -237.646 1306 36.9422 9.67235 0
278 64.5608 993.903 68.8873 55.5356 44.7564
-278 43.3489 1249.22 68.8873 55.5356 44.7564
112.222 -278 1043.55 68.8873 55.5356 44.7564
278 -258.282 995.102 15.6276 12.338 9.52314
262.453 -278 994.398 19.3436 1.57566 0
-278 -268.458 862.561 68.8873 55.5356 44.7564
-277.529 -278 870.152 1.65163 4.27987 0.697497
-278 -277.097 869.332 2.27963 5.78499 0.902953
-266.437 -278 865.257 1.33419 10.8827 0.343502
227.594 1.638 1306 68.8873 55.5356 44.7564
278 226.225 905.391 68.8873 55.5356 44.7564
232.459 194.051 1306 68.8873 55.5356 44.7564
278 237.293 1294.41 25.0122 19.7472 15.2419
253.385 241.746 1306 44.6614 3.63796 0
278 -43.1087 1237.99 20.6707 1.64893 0
-278 118.355 1065.06 68.8873 55.5356 44.7564
40.8983 -278 1002.27 26.6671 69.1024 11.2617
278 -63.5446 978.191 35.6756 90.5333 14.1309
194.942 278 953.325 16.8179 4.40334 0
278 -231.794 1176.48 68.8873 55.5356 44.7564
-278 -249.037 823.535 116.278 9.67168 0
-36.9756 118.61 1306 26.7167 7.14286 0
221.753 -278 1042.98 25.9451 6.79306 0
-82.589 -78 1134.78 68.8873 55.5356 44.7564
-76.7715 278 1131.36 137.75 108.754 83.9417
278 211.527 809.837 37.8851 29.2915 21.6534
272.218 154.702 1306 0.877157 0.0699718 0
278 193.148 1013.65 68.8873 55.5356 44.7564
-278 -143.707 1208.38 68.8873 55.5356 44.7564
-278 102.159 1235.59 68.8873 55.5356 44.7564
278 136.864 954.925 68.8873 55.5356 44.7564
-278 -27.2562 767.339 125.72 10.4571 0
278 274.871 1290.21 68.8873 55.5356 44.7564
-278 -74.7344 1007.39 107.124 8.91028 0
-278 228.278 752.479 68.8873 55.5356 44.7564
-278 121.862 1003.85 68.8873 55.5356 44.7564
278 240.292 779.902 68.8873 55.5356 44.7564
-278 -151.855 1172.02 97.5478 8.11377 0
-278 -111.73 955.774 68.8873 55.5356 44.7564
-197.751 278 953.065 8.64431 22.4 3.65056
-278 73.8117 889.73 15.4592 39.2306 6.12333
278 105.145 958.324 9.53181 77.7494 2.45408
-278 199.808 1242.58 68.8873 55.5356 44.7564
-188.689 278 1113.26 21.8073 56.5092 9.20939
253.561 -278 1124.93 68.8873 55.5356 44.7564
169.223 278 1278.62 131.397 103.738 80.0706
171.527 59.71 1306 260.738 201.594 149.026
248.577 278 1305.1 2.02194 1.53095 1.08392
278 119.628 818.999 68.8873 55.5356 44.7564
278 258.637 1287.7 68.8873 55.5356 44.7564
278 175.22 1090.21 68.8873 55.5356 44.7564
263.239 278 998.891 14.7066 1.22325 0
278 88.8405 1267.25 68.8873 55.5356 44.7564
260.793 40.3038 1306 36.7836 3.05957 0
278 194.718 1153.35 68.8873 55.5356 44.7564
-278 266.306 832.571 118.602 9.865 0
-275.225 278 830.519 16.7948 4.4902 0
-236.287 99.7412 1306 68.8873 55.5356 44.7564
-278 78.1591 1292.99 36.7794 29.0373 22.4125
-195.327 -278 1173.45 4.91833 12.4812 1.94813
-278 -273.855 1294.24 0.278409 0.691896 0.103432
-278 -135.59 997.645 68.8873 55.5356 44.7564
10.4815 66.3523 1306 68.8873 55.5356 44.7564
-278 169.103 1097.97 77.4196 61.1229 47.1778
-166.677 -39.884 1306 17.0139 43.176 6.73914
56.5499 157.049 1306 68.8873 55.5356 44.7564
17.4864 278 1215.65 79.8251 63.022 48.6436
61.5344 161.173 1306 121.02 93.5688 69.1696
121.707 278 1273.99 57.282 43.3722 30.7077
-238.741 144.853 1306 68.8873 55.5356 44.7564
-278 148.998 1143.63 133.875 105.694 81.5802
278 226.89 1050.94 68.8873 55.5356 44.7564
101.534 278 1100.66 127.742 10.6252 0
278 127.262 1116.42 165.555 13.4856 0
-140.675 -9.52303 1306 289.096 2.42963 0
-278 218.673 1006.59 68.8873 55.5356 44.7564
-250.333 278 1037.8 16.3525 42.3742 6.90578
278 235.168 1105.99 68.8873 55.5356 44.7564
152.26 -1.26218 903.877 68.8873 55.5356 44.7564
278 -161.518 1035.74 58.8942 46.497 35.8888
-52.3748 -278 1070.23 68.8873 55.5356 44.7564
-63.1316 -254.836 1086.87 104.702 82.6626 63.8032
278 -59.6779 1060.97 137.981 106.683 78.8638
180.87 278 1179.17 72.3033 5.76772 0
120.222 -64.1528 1306 68.8873 55.5356 44.7564
33.6509 278 1249.54 21.7627 17.1816 13.2617
184.322 212.596 1306 68.8873 55.5356 44.7564
278 206.138 1148.51 118.337 93.4272 72.1119
213.667 278 1132.79 155.804 12.6913 0
-259.75 59.3369 1306 124.001 9.89166 0
-278 0.297485 1143.7 68.8873 55.5356 44.7564
-194.822 -70.8899 1306 18.2112 47.1907 7.69074
-278 -46.9234 1276.25 11.837 30.0386 4.6886
-275.542 -41.0107 1306 0.594816 4.85181 0.153142
53.6714 236.406 1306 68.8873 55.5356 44.7564
-278 226.956 1195.07 43.6845 34.489 26.6204
278 261.938 1168.18 68.8873 55.5356 44.7564
265.121 278 1171.12 85.3205 7.09673 0
278 255.415 1178.59 142.467 11.6048 0
278 -238.769 1094.7 68.8873 55.5356 44.7564
206.077 -278 1172.45 87.731 7.29723 0
-278 -97.0334 904.79 54.5581 4.44411 0
-278 25.7467 1213.18 68.8873 55.5356 44.7564
-172.538 81.0777 1306 29.9375 77.5768 12.6428
-122.061 -124.531 1227.94 20.7132 52.5636 8.20441
-158.609 -150.798 1306 37.258 92.5928 13.8417
-150.053 -46.3803 1306 68.8873 55.5356 44.7564
278 -162.392 1280.53 7.89798 6.23546 4.81285
-73.2156 278 1023.51 8.96019 0.729866 0
-278 149.192 1132.38 68.8873 55.5356 44.7564
-278 244.987 1050.64 68.8873 55.5356 44.7564
278 150.267 1143.23 41.6962 108.047 17.6086
120.716 224.167 1306 55.0868 14.7278 0
-65.6704 19.7388 1306 68.8873 55.5356 44.7564
66.1118 278 1280.71 11.9705 9.45069 7.29452
278 150.276 1050.25 68.8873 55.5356 44.7564
-197.593 -278 849.351 97.6818 8.12491 0
-26.5921 -117.391 1123.41 86.9762 7.08477 0
-207.298 278 883.188 14.7383 1.17569 0
278 133.422 945.69 68.8873 55.5356 44.7564
-115.471 -273.103 1306 68.8873 55.5356 44.7564
-94.8775 -278 1299.45 40.6992 32.1321 24.8012
-67.8036 -268.635 1306 25.9402 20.0561 14.8262
-75.8748 -278 1291.65 39.3008 29.7574 21.0683
-277.306 67.0017 1306 68.8873 55.5356 44.7564
-278 67.2724 1305.51 75.7036 59.7681 46.1321
-278 193.661 954.987 68.8873 55.5356 44.7564
-278 -71.9883 1066.92 68.8873 55.5356 44.7564
-278 65.2905 958.834 68.8873 55.5356 44.7564
241.114 -265.54 1306 68.8873 55.5356 44.7564
249.49 -278 1298.69 60.3235 47.6255 36.7598
29.4118 238.946 1306 68.8873 55.5356 44.7564
38.2761 278 1195.11 129.582 102.305 78.9645
-278 -218.56 1116.42 68.8873 55.5356 44.7564
278 -15.1674 1197.35 68.8873 55.5356 44.7564
105.975 236.449 1306 73.2435 6.0922 0
278 170.282 967.635 128.64 10.4786 0
189.814 251.607 1306 68.8873 55.5356 44.7564
-74.5312 -278 964.347 68.8873 55.5356 44.7564
70.3728 -99.1601 1306 68.8873 55.5356 44.7564
278 -20.2014 1010.3 110.155 86.9674 67.1259
139.718 -202.768 1306 68.8873 55.5356 44.7564
278 -192.92 1153.28 102.013 80.5395 62.1645
-278 167.154 775.928 68.8873 55.5356 44.7564
-276.944 -278 993 68.8873 55.5356 44.7564
-260.941 -72.989 1306 75.4201 59.5442 45.9593
-156.004 138.248 1306 68.8873 55.5356 44.7564
-179.02 278 1270.63 33.3777 26.3517 20.3396
-212.653 -278 875.799 68.8873 55.5356 44.7564
278 3.97894 972.918 68.8873 55.5356 44.7564
-90.4001 234.625 1306 68.8873 55.5356 44.7564
218.62 -278 1258.65 10.8655 8.5783 6.62117
179.812 204.504 1306 68.8873 55.5356 44.7564
-221.052 97.8748 1306 68.8873 55.5356 44.7564
-146.895 -135.3 1203.11 53.4069 42.1648 32.5449
-174.222 -215.418 1306 73.8169 57.0727 42.1903
-200.613 -278 1271.64 66.642 50.4593 35.7253
-38.0079 -278 913.907 68.8873 55.5356 44.7564
278 71.0802 998.164 68.8873 55.5356 44.7564
278 223.217 1172.19 68.8873 55.5356 44.7564
-27.965 -157.592 1177.96 86.2875 7.17717 0
12.2433 91.8395 1306 68.8873 55.5356 44.7564
278 -143.07 1168.95 68.8873 55.5356 44.7564
108.861 -90.9418 1306 104.101 8.65887 0
278 -82.2529 1302.55 4.23664 0.345102 0
-278 -80.7758 974.887 68.8873 55.5356 44.7564
-151.574 278 879.523 13.818 35.8065 5.83544
229.845 134.291 1306 68.8873 55.5356 44.7564
278 -1.92891 1269.08 34.1095 26.9295 20.7856
233.329 278 1276.68 10.7463 0.875355 0
-278 133.341 1040.36 5.34596 0.426454 0
278 242.119 1040.2 68.8873 55.5356 44.7564
158.919 278 1069.09 128.496 10.6879 0
278 108.147 1233.65 164.855 13.4285 0
-278 200.493 1008.65 68.8873 55.5356 44.7564
-278 -36.8587 1293.43 68.8873 55.5356 44.7564
-255.713 -5.47194 1306 23.5898 61.128 9.96213
278 -251.507 1111.19 68.8873 55.5356 44.7564
274.631 -278 1111.9 17.3694 1.44474 0
-15.1121 -185.36 1165.11 10.4212 0.848871 0
-73.2901 -204.961 1306 7.93153 0.632707 0
27.7109 102.947 1306 68.8873 55.5356 44.7564
278 179.329 1031.37 99.7445 78.7484 60.7821
-278 -250.331 913.671 68.8873 55.5356 44.7564
-251.896 -278 893.577 26.0078 67.3938 10.9833
278 194.596 883.353 68.8873 55.5356 44.7564
-278 -129.749 896.846 68.8873 55.5356 44.7564
-64.9105 -278 892.055 68.8873 55.5356 44.7564
-57.2427 -225.816 825.827 84.919 67.0437 51.7477
278 1.02563 831.225 125.604 97.1126 71.7893
-1.80312 265.491 1306 68.8873 55.5356 44.7564
278 170.023 837.539 116.513 91.9868 71.0001
278 238.872 1044.86 68.8873 55.5356 44.7564
-190.732 -278 974.256 68.8873 55.5356 44.7564
-278 72.567 809.133 68.8873 55.5356 44.7564
-90.8873 -78 1116.79 68.8873 55.5356 44.7564
278 -15.1329 959.618 21.3401 16.8481 13.0042
278 125.923 877.093 68.8873 55.5356 44.7564
-278 173.356 864.013 68.8873 55.5356 44.7564
278 -98.5878 939.349 68.8873 55.5356 44.7564
-278 256.839 1023.68 68.8873 55.5356 44.7564
-278 6.47589 911.301 68.8873 55.5356 44.7564
-190.678 -278 987.934 12.1805 31.5633 5.14393
67.7859 278 1015.5 22.0685 56.0029 8.74123
-278 78.2637 1199.47 20.0511 49.8305 7.44918
-47.562 -278 1062.53 68.8873 55.5356 44.7564
-278 -14.7178 1004.02 68.8873 55.5356 44.7564
257.094 278 931.992 37.3448 96.7714 15.771
278 52.821 997.175 68.8873 55.5356 44.7564
-278 85.1962 1139.83 68.8873 55.5356 44.7564
-164.11 278 1032.14 19.6464 50.9097 8.29683
8.85439 211.672 1306 68.8873 55.5356 44.7564
-88.3084 -278 1241.97 17.5269 13.8375 10.6805
278 -247.825 1126.92 2.74641 2.12344 1.56972
-278 211.359 1252.38 68.8873 55.5356 44.7564
-230.946 216.999 1306 68.8873 55.5356 44.7564
278 149.767 1076.53 56.2225 44.3877 34.2607
125.201 278 1056.38 85.6964 6.98053 0
-58.4887 -78 1157.01 68.8873 55.5356 44.7564
136.898 -102.005 920.668 68.8873 55.5356 44.7564
-278 -147.222 1098.49 51.0109 40.2731 31.0849
-34.7592 237.939 1306 68.8873 55.5356 44.7564
-278 244.319 1245.4 33.2967 26.2878 20.2903
250.434 153.138 1306 20.2871 51.4822 8.03563
-60.0779 -78 1141.71 15.8517 39.3944 5.88908
-74.4546 -244.977 1306 68.8873 55.5356 44.7564
278 42.0991 1296.78 2.79339 2.20538 1.70223
262.504 37.6988 1306 4.66444 0.379949 0
-278 152.065 925.151 5.29476 0.422369 0
-278 -173.855 1140.5 68.8873 55.5356 44.7564
-278 95.1655 1089.17 68.8873 55.5356 44.7564
38.9519 203.575 1306 68.8873 55.5356 44.7564
-255.794 278 1284.41 9.76058 7.70599 5.94788
-116.205 -64.2983 1306 68.8873 55.5356 44.7564
278 92.4498 1164.17 68.8873 55.5356 44.7564
180.415 278 1154.76 64.0656 5.32881 0
278 212.88 1181.97 69.2826 5.64352 0
264.447 278 1228.85 23.0762 0.193938 0
186.056 171.611 1306 68.8873 55.5356 44.7564
278 -42.6082 1062.4 68.8873 55.5356 44.7564
143.753 -241.948 1306 54.0502 4.49576 0
278 78.4759 1108.37 68.8873 55.5356 44.7564
-278 -21.8678 1221.34 68.8873 55.5356 44.7564
-194.235 -134.555 1155.76 23.1687 60.037 9.78433
257.226 -278 750.474 68.8873 55.5356 44.7564
278 34.8818 777.55 68.8873 55.5356 44.7564
68.5458 -28.0516 1306 68.8873 55.5356 44.7564
-278 49.6224 1135.53 59.6184 47.0688 36.3301
-84.8117 35.8349 1306 27.7757 70.4859 11.0018
278 159.761 898.29 68.8873 55.5356 44.7564
141.924 278 803.604 92.0708 7.65821 0
278 154.44 1114.45 63.0054 5.13219 0
-46.0938 188.211 1306 108.046 0.908042 0
50.5579 233.69 1306 68.8873 55.5356 44.7564
35.7334 278 1260.18 96.4646 76.1589 58.7833
278 105.387 867.001 68.8873 55.5356 44.7564
151.829 -86.1847 885.627 75.5318 6.28253 0
165.876 278 910.201 11.8437 0.964742 0
278 176.502 873.273 68.8873 55.5356 44.7564
34.2679 -74.1179 1306 60.3633 5.02086 0
-66.9594 -147.363 1216.96 70.0626 5.70705 0
278 -174.74 1228.41 101.996 8.13634 0
-160.236 -278 927.634 68.8873 55.5356 44.7564
86.9243 -223.747 1306 68.8873 55.5356 44.7564
278 206.014 1117.71 68.8873 55.5356 44.7564
185.69 278 1088.21 105.35 8.76275 0
-278 -208.789 887.419 146.183 11.9075 0
-278 69.2233 943.8 68.8873 55.5356 44.7564
-278 260.792 1009.41 68.8873 55.5356 44.7564
-278 118.273 1219.29 68.8873 55.5356 44.7564
-278 33.7011 1095.16 68.8873 55.5356 44.7564
278 -245.758 913.378 68.8873 55.5356 44.7564
244.304 -278 899.028 95.1434 7.91378 0
174.678 -253.546 903.432 62.9423 5.12705 0
278 -172.909 879.629 102.788 8.19948 0
278 210.348 1207.11 68.8873 55.5356 44.7564
103.829 43.2346 1306 91.9935 7.65178 0
278 214.17 1279.43 68.8873 55.5356 44.7564
-278 129.468 753.332 68.8873 55.5356 44.7564
93.4981 -55.9267 1306 68.8873 55.5356 44.7564
278 -105.848 926.558 123.045 97.1443 74.9809
86.5658 111.365 1306 98.7033 8.04003 0
278 157.087 913.285 68.8873 55.5356 44.7564
-104.413 211.57 1306 95.6467 7.95564 0
210.302 -278 970.362 68.8873 55.5356 44.7564
278 -262.163 993.325 29.7991 23.5264 18.1589
169.768 -278 1212.94 26.2911 2.14158 0
278 -189.158 1107.62 26.6625 2.1269 0
-225.7 -278 790.891 68.8873 55.5356 44.7564
-142.278 -209.289 780.962 87.2247 68.864 53.1528
-278 238.156 1048.82 68.8873 55.5356 44.7564
237.136 241.684 1306 68.8873 55.5356 44.7564
216.579 278 1276.2 80.0715 63.2165 48.7938
218.732 256.213 1306 94.3459 72.9451 53.9238
271.784 278 1237.47 144.707 109.568 77.5745
227.218 47.9298 1306 68.8873 55.5356 44.7564
278 72.7043 1251.61 95.5512 75.4378 58.2267
246.008 -278 1053.24 68.8873 55.5356 44.7564
190.738 -247.731 1306 16.0086 12.6388 9.75525
-278 102.974 1118.43 68.8873 55.5356 44.7564
254.901 -278 1116.05 34.8687 90.3552 14.7253
181.945 -278 1050.84 68.8873 55.5356 44.7564
6.74174 -169.847 1306 45.4472 35.8806 27.6945
50.935 -278 1263.97 30.7687 23.7894 17.586
-50.9765 -123.081 1200.98 48.6788 36.8581 26.0956
-278 39.8549 1185.63 68.8873 55.5356 44.7564
-278 -243.224 807.433 68.8873 55.5356 44.7564
-214.495 278 973.653 4.94225 12.8068 2.08715
-168.766 196.64 1306 2.32965 5.91192 0.922764
-278 76.9848 1114.75 3.55511 8.83509 1.32076
278 38.1909 1210.09 68.8873 55.5356 44.7564
269.587 57.9813 1306 11.7919 0.980816 0
278 69.5793 1293.77 15.3107 1.24715 0
123.063 278 1204.56 17.2777 0.145206 0
207.963 -278 1268.42 68.8873 55.5356 44.7564
269.983 -257.098 1306 38.157 30.125 23.252
-278 -147.757 1195.28 68.8873 55.5356 44.7564
-182.214 -278 1189.26 25.3773 65.76 10.717
278 127.793 1168.36 68.8873 55.5356 44.7564
256.172 278 1136.96 19.4023 1.61383 0
-164.787 252.133 1306 2.20908 0.179944 0
278 62.7237 1138.88 1.44846 0.115545 0
-112.134 60.4545 1306 68.8873 55.5356 44.7564
-278 227.419 1300.65 3.13143 2.47227 1.90823
91.7575 207.632 1306 68.8873 55.5356 44.7564
97.0394 278 1250.08 85.566 67.5545 52.142
107.265 237.699 1306 98.9765 76.5253 56.5704
160.988 278 1291.56 41.6195 31.513 22.3113
278 249.946 772.382 68.8873 55.5356 44.7564
117.311 -278 1083.93 68.8873 55.5356 44.7564
-278 189.784 1119.07 68.8873 55.5356 44.7564
-278 159.459 1256.65 68.8873 55.5356 44.7564
-218.511 179.41 1306 31.9427 82.7728 13.4896
-146.374 -78 1193.19 24.8379 63.0306 9.83817
-184.24 -17.2685 1306 22.5819 56.12 8.3894
278 267.116 1063.83 68.8873 55.5356 44.7564
-22.2228 173.33 1306 68.8873 55.5356 44.7564
32.3732 278 1269.84 40.3486 31.8553 24.5876
-278 -199.884 1143.66 68.8873 55.5356 44.7564
-47.3034 194.217 1306 68.8873 55.5356 44.7564
54.8508 -278 1191.73 31.7102 25.0352 19.3235
-40.6454 -275.442 1306 1.08909 0.842045 0.622472
-278 245.645 883.484 68.8873 55.5356 44.7564
145.299 -278 995.587 68.8873 55.5356 44.7564
95.1133 -75.0491 1306 74.713 58.986 45.5284
129.641 -278 1259.42 32.9746 25.4949 18.8468
278 236.214 1070.88 68.8873 55.5356 44.7564
24.8988 15.9019 1306 68.8873 55.5356 44.7564
278 -1.46637 1230.78 39.1631 30.9193 23.8651
-278 248.354 967.149 68.8873 55.5356 44.7564
108.045 -278 885.347 25.1532 65.1795 10.6224
140.869 -245.531 873.673 34.2986 87.039 13.5855
-278 160.073 1253.4 68.8873 55.5356 44.7564
-278 60.8673 983.274 68.8873 55.5356 44.7564
-8.25932 -278 1048.86 68.8873 55.5356 44.7564
-239.745 -278 889.541 68.8873 55.5356 44.7564
-128.242 272.663 1306 68.8873 55.5356 44.7564
278 209.189 1157.92 46.6838 36.8569 28.4481
246.829 190.78 1306 19.0913 1.55511 0
278 240.807 1170.13 68.8873 55.5356 44.7564
-278 -86.7498 1109.82 68.8873 55.5356 44.7564
278 -139.633 1119.3 68.8873 55.5356 44.7564
-118.299 -78 1169.76 68.8873 55.5356 44.7564
69.2379 38.508 1306 68.8873 55.5356 44.7564
-34.0306 278 1222.57 41.9775 33.1413 25.5801
-278 260.837 759.986 68.8873 55.5356 44.7564
-57.543 128.981 1306 68.8873 55.5356 44.7564
28.8123 278 1172.54 84.3896 66.6257 51.4251
278 242.707 1126 23.2735 17.9943 13.3021
-71.6743 205.197 1306 41.1987 3.28647 0
138.449 -53.3311 912.555 68.8873 55.5356 44.7564
98.593 225.093 1306 123.595 97.5784 75.316
44.6839 278 1296.84 29.7668 23.0147 17.0133
42.8955 275.264 1306 16.7385 12.6739 8.97316
-27.4595 214.87 1306 68.8873 55.5356 44.7564
225.344 -278 980.742 68.8873 55.5356 44.7564
-278 -61.1755 1040.49 54.1857 42.7797 33.0195
68.6591 -278 758.903 68.8873 55.5356 44.7564
-56.1701 -133.623 1306 68.8873 55.5356 44.7564
-278 244.746 782.49 68.8873 55.5356 44.7564
158.957 269.171 1306 68.8873 55.5356 44.7564
70.2791 278 1192.71 108.287 85.4925 65.9875
237.288 -278 1293.7 68.8873 55.5356 44.7564
278 274.861 1200.25 68.8873 55.5356 44.7564
-89.3868 -278 1015.31 68.8873 55.5356 44.7564
189.174 278 1001.95 123.151 97.228 75.0455
278 -37.2779 968.799 68.8873 55.5356 44.7564
157.693 -211.874 938.979 77.4113 6.43887 0
-278 29.3342 904.64 68.8873 55.5356 44.7564
65.7509 -278 966.11 68.8873 55.5356 44.7564
-98.6301 -78 1091.15 68.8873 55.5356 44.7564
-11.0278 147.392 1306 68.8873 55.5356 44.7564
-149.411 278 1209.91 62.1052 49.0321 37.8455
118.473 202.263 1306 31.9429 24.6972 18.2571
-51.397 24.3465 1306 68.8873 55.5356 44.7564
-278 87.1057 1016.29 106.974 84.4564 65.1878
-45.7885 -207.824 1306 68.8873 55.5356 44.7564
-119.254 -278 1297.37 11.6636 9.20845 7.10755
278 105.716 935.415 68.8873 55.5356 44.7564
-7.88843 278 979.024 117.009 9.73253 0
64.0353 -278 963.905 68.8873 55.5356 44.7564
-278 24.1779 1128.12 85.8326 67.765 52.3045
-96.1206 -181.27 817.354 68.8873 55.5356 44.7564
278 89.3641 1172.01 68.8873 55.5356 44.7564
-67.7528 210.598 1306 68.8873 55.5356 44.7564
278 -149.526 1170.31 36.1357 28.5292 22.0203
41.1015 278 1238.28 34.6947 2.82611 0
-43.9743 266.778 1306 7.12306 0.568215 0
278 123.675 1094.54 68.8873 55.5356 44.7564
244.83 157.339 1306 68.8873 55.5356 44.7564
278 116.72 1300.31 14.855 11.728 9.05229
-18.482 -278 891.886 13.7478 1.11985 0
-278 199.04 977.716 23.8568 1.90308 0
-278 -94.4532 1059.97 68.8873 55.5356 44.7564
-175.182 -53.7917 1306 68.8873 55.5356 44.7564
278 -32.0898 1224.49 24.3604 19.2325 14.8447
237.917 -2.92144 1306 20.4709 1.66749 0
278 -24.9592 1266.92 26.5958 2.12158 0
-278 151.511 1228.22 68.8873 55.5356 44.7564
-69.7708 -78 1137.51 27.6415 71.6272 11.6732
35.0019 278 988.565 49.2174 124.898 19.4948
-278 133.863 1079.29 68.8873 55.5356 44.7564
129.367 -278 1224.24 68.8873 55.5356 44.7564
278 -56.1676 1238.73 114.29 90.2318 69.6456
241.287 194.587 1306 68.8873 55.5356 44.7564
278 113.691 1302.85 4.87397 3.84801 2.97009
-278 206.239 1155.51 68.8873 55.5356 44.7564
-278 171.904 1204.67 68.8873 55.5356 44.7564
278 218.82 1021.34 68.8873 55.5356 44.7564
218.321 -220.105 1306 15.6154 1.29885 0
-162.57 278 1305.08 0.0455807 0.00371285 0
-162.4 277.477 1306 0.0446164 0.0035591 0
-13.1098 -278 1072.3 68.8873 55.5356 44.7564
-23.8162 243.987 1306 68.8873 55.5356 44.7564
-41.3568 278 1286.66 62.1472 49.0653 37.8711
-108.976 -78 1158.07 115.081 88.9766 65.7749
-64.1842 -76.6078 1306 2.07241 1.56917 1.11098
43.0848 -278 1278.7 68.8873 55.5356 44.7564
92.1522 278 927.371 116.148 91.6989 70.7779
-278 -194.105 1036.65 179.847 139.052 102.792
278 64.7296 1107.01 68.8873 55.5356 44.7564
237.182 278 1086.84 25.7874 2.14493 0
-164.416 144.518 1306 68.8873 55.5356 44.7564
-125.859 -278 945.088 68.8873 55.5356 44.7564
-278 -184.671 909.414 70.6442 55.7737 43.049
278 190.53 1092.99 68.8873 55.5356 44.7564
277.045 278 1142.45 1.30871 0.108855 0
278 276.699 1143.83 1.60614 0.13083 0
278 204.266 1206.07 68.8873 55.5356 44.7564
-189.696 28.7336 1306 126.483 10.5205 0
-278 71.2606 1266.48 94.598 7.70562 0
278 266.157 1272.7 68.8873 55.5356 44.7564
250.139 278 1253.68 107.37 8.93074 0
-278 -191.505 1305.73 142.288 11.5903 0
-274.515 -189.212 1306 73.8023 19.3232 0
278 84.7374 909.128 68.8873 55.5356 44.7564
-123.52 122.666 1306 97.7665 8.13196 0
278 -58.7634 881.915 68.8873 55.5356 44.7564
-278 251.844 813.198 68.8873 55.5356 44.7564
-278 -169.966 1158.3 68.8873 55.5356 44.7564
118.041 218.72 1306 68.8873 55.5356 44.7564
-278 168.794 1011.8 68.8873 55.5356 44.7564
-276.307 278 1218.41 0.310421 0.804394 0.131093
-220.079 154.869 1306 0.474144 1.20323 0.187806
-278 190.178 1257.36 0.552582 1.37326 0.20529
278 -189.03 1162.15 68.8873 55.5356 44.7564
169.367 -124.857 1306 78.22 6.50614 0
278 -48.8764 1295.6 12.2338 0.996522 0
101.664 -278 998.76 10.4121 0.0875059 0
-278 62.0117 766.639 68.8873 55.5356 44.7564
-37.5854 -278 916.273 68.8873 55.5356 44.7564
-278 178.386 1254.58 68.8873 55.5356 44.7564
65.3425 278 1202.66 40.7382 105.565 17.204
278 221.087 1073.46 18.1667 46.1014 7.19576
267.27 1.49467 1306 1.21818 0.318948 0
-251.334 -278 768.577 68.8873 55.5356 44.7564
151.05 -278 1005.55 68.8873 55.5356 44.7564
-278 -166.423 884.519 68.8873 55.5356 44.7564
-91.8228 106.449 1306 68.8873 55.5356 44.7564
-278 248.114 1084.61 68.8873 55.5356 44.7564
278 66.7137 794.35 36.501 94.5848 15.4146
74.1528 -278 1220.4 68.8873 55.5356 44.7564
267.094 -252.306 1306 16.6475 13.1432 10.1446
276.702 -278 1301.54 5.3392 4.12809 3.05164
278 -277.475 1302.48 3.32818 2.52 1.78417
45.8016 -278 1076.77 68.8873 55.5356 44.7564
-278 -3.88495 1047.94 68.8873 55.5356 44.7564
-278 107.851 915.73 68.8873 55.5356 44.7564
20.5895 95.4565 1306 68.8873 55.5356 44.7564
-34.2971 -278 764.086 68.8873 55.5356 44.7564
-78.747 -267.915 778.667 29.0326 22.9213 17.6918
278 -89.6726 949.766 68.8873 55.5356 44.7564
168.51 -278 1080.8 59.3392 4.93568 0
278 -218.736 970.737 42.325 3.44765 0
-261.187 180.878 1306 68.8873 55.5356 44.7564
-161.58 -78.9114 1306 68.8873 55.5356 44.7564
-16.968 -278 815.176 68.8873 55.5356 44.7564
278 184.576 899.163 68.8873 55.5356 44.7564
-278 44.2368 1075.31 127.696 10.6214 0
-154.316 -81.1681 1306 33.8587 9.05233 0
-189.747 -186.927 1160.25 53.7771 14.0802 0
10.5856 -278 1181.41 68.8873 55.5356 44.7564
21.8496 212.959 1306 68.8873 55.5356 44.7564
-29.0927 -4.0546 1306 68.8873 55.5356 44.7564
273.234 278 1299.01 2.32724 1.83736 1.41817
-278 -241.801 783.534 2.64014 2.04127 1.50898
278 15.24 1024.46 1.38764 3.44853 0.515522
278 53.7607 1217.32 68.8873 55.5356 44.7564
188.341 278 1242.9 50.8654 4.23085 0
278 260.536 1224.44 19.0639 1.55288 0
186.52 189.775 1306 24.6461 0.207132 0
90.5181 -278 819.976 68.8873 55.5356 44.7564
-278 -50.4395 801.432 68.8873 55.5356 44.7564
-84.6859 -78 1129.78 68.8873 55.5356 44.7564
-278 254.419 1124.97 68.8873 55.5356 44.7564
-108.746 -78 1154.05 68.8873 55.5356 44.7564
-94.2376 -78 1113.57 68.8873 55.5356 44.7564
33.9784 117.454 1306 68.8873 55.5356 44.7564
278 95.6741 1021.32 68.8873 55.5356 44.7564
265.882 -278 831.296 3.98066 0.331101 0
61.3307 -191.453 1306 1.31469 0.10709 0
-278 -147.522 1209.55 68.8873 55.5356 44.7564
56.499 -94.3019 1306 40.7122 105.497 17.1931
278 -96.6679 1126.71 68.8873 55.5356 44.7564
242.524 278 816.219 10.0178 0.833253 0
278 201.764 1061.35 68.8873 55.5356 44.7564
-278 207.159 1057.77 68.8873 55.5356 44.7564
-9.4016 219.503 1306 68.8873 55.5356 44.7564
-12.0642 266.428 1306 68.8873 55.5356 44.7564
-5.29895 278 1298.11 69.9044 55.1896 42.5981
29.6314 249.355 1306 87.329 67.5199 49.9133
151.146 272.643 1306 68.8873 55.5356 44.7564
278 -181.773 956.58 68.8873 55.5356 44.7564
-278 149.719 830.889 68.8873 55.5356 44.7564
-69.0632 278 771.2 35.4912 91.9681 14.9882
-278 87.7049 898.257 68.8873 55.5356 44.7564
-20.5067 -78 1131.32 68.8873 55.5356 44.7564
-278 174.143 915.212 68.8873 55.5356 44.7564
-278 164.996 996.037 68.8873 55.5356 44.7564
-220.27 278 1129.65 13.4286 34.7976 5.67102
54.5854 -278 820.416 21.5466 54.6783 8.53449
278 -268.37 799.956 1.84803 4.59267 0.68656
278 38.8677 944.137 68.8873 55.5356 44.7564
155.405 -142.988 927.498 68.8873 55.5356 44.7564
-278 44.2148 937.774 11.9365 9.42385 7.27381
-18.6209 62.0903 1306 68.8873 55.5356 44.7564
278 47.4774 1044.02 68.8873 55.5356 44.7564
22.8139 -278 775.286 68.8873 55.5356 44.7564
-58.976 -255.941 793.972 35.0336 27.6591 21.3487
-31.3646 -278 764.25 58.5154 45.2422 33.4447
-272.486 -278 1231.51 68.8873 55.5356 44.7564
97.0447 137.558 1306 68.8873 55.5356 44.7564
-167.52 96.1965 1306 68.8873 55.5356 44.7564
-77.3323 278 941.066 120.408 95.0624 73.374
-278 146.589 1049.92 120.138 92.887 68.6656
-278 104.44 1037.29 68.8873 55.5356 44.7564
218.382 -40.2827 1306 68.8873 55.5356 44.7564
224.993 250.334 1306 68.8873 55.5356 44.7564
189.676 278 1266.11 91.5448 72.2748 55.7854
278 210.655 1275.48 110.62 85.5277 63.2253
264.208 234.128 1306 74.6036 5.95122 0
278 234.33 943.593 68.8873 55.5356 44.7564
278 172.227 1010.97 68.8873 55.5356 44.7564
221.083 278 1033.77 64.1403 5.33502 0
-17.0774 -278 1002.98 68.8873 55.5356 44.7564
-204.737 189.457 1306 68.8873 55.5356 44.7564
-207.318 278 1275.93 44.2866 34.9643 26.9873
278 261.191 1004.54 68.8873 55.5356 44.7564
278 198.817 1061.05 68.8873 55.5356 44.7564
242.718 278 1124.6 45.2231 3.76154 0
127.481 249.521 1306 68.8873 55.5356 44.7564
-278 220.991 1126.15 68.8873 55.5356 44.7564
-242.479 278 1211.18 14.051 36.4104 5.93386
-278 263.928 1203.85 10.1649 25.7953 4.02627
-243.343 278 1213.48 5.67512 46.291 1.46113
-105.314 89.9433 1306 68.8873 55.5356 44.7564
109.616 139.222 1306 68.8873 55.5356 44.7564
125.452 278 1165.71 97.6352 77.0831 59.4967
-149.324 200.847 1306 68.8873 55.5356 44.7564
111.718 198.594 1306 68.8873 55.5356 44.7564
9.56981 72.2608 1306 68.8873 55.5356 44.7564
-71.2103 127.588 1306 68.8873 55.5356 44.7564
-38.5479 278 1232.19 59.5716 47.0318 36.3016
-36.0166 256.069 1306 33.9162 26.2229 19.3849
-17.4636 278 1175.8 66.2394 50.1545 35.5095
81.7902 -278 816.44 68.8873 55.5356 44.7564
-96.9458 278 1124.69 115.998 91.5807 70.6867
278 163.541 1185.07 68.8873 55.5356 44.7564
-278 80.9751 844.072 116.516 9.69147 0
-146.352 -225.076 781.481 28.1548 7.52734 0
-278 239.13 1157.29 68.8873 55.5356 44.7564
-209.217 278 1147.28 37.0203 95.9305 15.6339
-278 177.201 1003.56 39.5851 100.455 15.6795
-73.4285 -78 1208.21 13.0598 106.527 3.36241
-278 -36.9435 946.591 68.8873 55.5356 44.7564
139.295 -191.273 885.864 68.8873 55.5356 44.7564
-36.7638 -99.6715 1113.24 28.5049 22.5046 17.3702
278 -243.543 1065.78 41.8001 32.3184 23.891
-71.1931 -131.945 1078.81 79.582 6.34834 0
-270.148 -278 992.415 68.8873 55.5356 44.7564
159.118 278 991.025 109.054 86.0981 66.4549
-164.751 -78 1129.99 68.8873 55.5356 44.7564
-278 -5.86912 1038.29 61.1204 48.2546 37.2454
278 92.8342 1145.18 68.8873 55.5356 44.7564
-267.02 -278 1044.65 68.8873 55.5356 44.7564
93.4546 -278 866.881 68.8873 55.5356 44.7564
146.598 -3.11981 1306 68.8873 55.5356 44.7564
278 -144.089 1116.47 96.6072 76.2715 58.8703
278 111.557 893.488 68.8873 55.5356 44.7564
278 228.392 1059.7 68.8873 55.5356 44.7564
191.469 223.5 1306 45.6595 3.79784 0
-108.275 278 1035.8 60.5928 4.93568 0
183.991 -278 1130.91 68.8873 55.5356 44.7564
-225.677 69.3357 1306 68.8873 55.5356 44.7564
-278 58.4212 1294.08 29.997 23.6827 18.2795
-76.3565 91.5136 1306 68.8873 55.5356 44.7564
278 -8.03577 846.485 68.8873 55.5356 44.7564
277.786 131.115 1306 68.8873 55.5356 44.7564
18.4363 -278 1262.47 68.8873 55.5356 44.7564
278 -122.784 1175.19 68.8873 55.5356 44.7564
-50.405 -278 1215.33 123.809 10.2981 0
-127.733 -276.681 1306 2.73918 0.223124 0
-154.499 -278 1294.9 2.09612 0.16721 0
-278 185.283 868.02 68.8873 55.5356 44.7564
278 227.718 869.578 68.8873 55.5356 44.7564
278 223.767 1086.06 68.8873 55.5356 44.7564
160.133 278 1050.1 120.616 10.0325 0
134.684 199.813 1306 70.1726 5.71601 0
-278 108.512 1138.25 68.8873 55.5356 44.7564
278 19.6913 1230.11 68.8873 55.5356 44.7564
32.7671 -278 1139.38 85.2725 7.09274 0
-1.28012 -270.543 1148.72 35.2392 2.87046 0
278 232.226 1237.61 68.8873 55.5356 44.7564
-278 181.771 1151.97 135.625 11.2809 0
278 227.238 1129.28 68.8873 55.5356 44.7564
221.907 86.4643 1306 68.8873 55.5356 44.7564
-144.97 257.537 1306 68.8873 55.5356 44.7564
-166.578 278 1272.6 102.87 81.2158 62.6865
-187.03 274.469 1306 18.4705 14.2808 10.5569
-278 179.27 1270.25 9.67939 7.32895 5.18891
3.04163 -24.6232 1306 68.8873 55.5356 44.7564
-247.289 -278 1052.84 68.8873 55.5356 44.7564
262.546 138.891 1306 68.8873 55.5356 44.7564
278 113.594 1231.66 127.975 101.036 77.9851
109.585 -278 1134.39 68.8873 55.5356 44.7564
17.6097 -27.563 1306 68.8873 55.5356 44.7564
278 155.635 1090.28 77.282 61.0142 47.0939
-278 47.2286 787.456 133.79 10.8981 0
-264.01 278 901.09 4.52081 1.18366 0
-278 209.177 1199.9 68.8873 55.5356 44.7564
-242.449 150.309 1306 68.8873 55.5356 44.7564
-278 227.45 1067.87 68.8873 55.5356 44.7564
-278 3.38669 755.251 68.8873 55.5356 44.7564
-228.653 -8.19849 1306 68.8873 55.5356 44.7564
117.461 -278 1158.26 68.8873 55.5356 44.7564
278 -132.292 1023.57 78.653 62.0966 47.9294
222.698 47.5766 1306 25.6331 2.08798 0
-278 -168.289 861.567 32.3903 2.58381 0
278 -31.7323 1260.22 68.8873 55.5356 44.7564
270.588 -16.3802 1306 20.9055 1.73887 0
278 -10.5227 1295.76 30.7237 2.50264 0
242.678 -278 1238.57 7.86973 0.0661391 0
278 92.6873 1074.6 68.8873 55.5356 44.7564
-278 203.024 1236.07 129.969 10.8105 0
-278 -76.3492 1259.68 68.8873 55.5356 44.7564
-223.965 -40.5064 1306 29.064 75.3134 12.274
278 66.7204 1303.55 68.8873 55.5356 44.7564
-278 263.196 1096.31 68.8873 55.5356 44.7564
278 240.609 1094.78 68.8873 55.5356 44.7564
-278 42.7443 943.115 68.8873 55.5356 44.7564
-278 130.937 1292.67 68.8873 55.5356 44.7564
52.0997 126.666 1306 68.8873 55.5356 44.7564
278 253.031 1208.15 68.8873 55.5356 44.7564
278 212.791 833.31 68.8873 55.5356 44.7564
276.032 278 852.847 3.98051 0.331088 0
-278 90.7167 973.132 68.8873 55.5356 44.7564
-278 32.7393 875.712 68.8873 55.5356 44.7564
-57.865 100.105 1306 68.8873 55.5356 44.7564
-278 -167.159 1023.9 87.0229 68.7047 53.0298
278 75.1535 806.511 68.8873 55.5356 44.7564
-11.8634 266.845 1306 68.8873 55.5356 44.7564
77.8084 73.7024 1306 68.8873 55.5356 44.7564
-3.12766 278 1005.06 111.268 87.8462 67.8042
-278 209.545 1052 68.8873 55.5356 44.7564
-218.635 278 907.815 14.9421 38.7193 6.31014
4.74855 246.47 1306 68.8873 55.5356 44.7564
-278 -267.896 1010.38 61.9735 48.9282 37.7653
-66.76 -278 1062.43 68.8873 55.5356 44.7564
44.3575 278 862.298 127.4 100.582 77.6345
-278 130.562 904.45 105.238 81.3664 60.1491
57.9934 49.6515 1306 41.5281 103.205 15.4281
278 181.024 1149.72 68.8873 55.5356 44.7564
233.352 -215.24 1306 68.8873 55.5356 44.7564
-101.014 -278 807.255 113.817 89.8587 69.3576
-278 -214.636 1045.89 47.4789 36.7091 27.1367
-25.8669 267.741 1306 68.8873 55.5356 44.7564
161.878 72.4623 1306 68.8873 55.5356 44.7564
278 -64.514 763.32 68.8873 55.5356 44.7564
153.065 -240.611 1306 68.8873 55.5356 44.7564
278 15.2298 1064.24 68.8873 55.5356 44.7564
-278 -75.8824 777.715 121.19 10.0803 0
-163.878 -278 915.125 31.9039 8.52969 0
-108.519 -256.128 840.45 14.614 3.8263 0
-189.824 -67.5934 1306 68.8873 55.5356 44.7564
-278 -22.925 999.98 131.105 103.508 79.8925
-278 -21.3297 1156.09 68.8873 55.5356 44.7564
-162.596 278 959.523 13.1475 34.0692 5.55231
-179.057 153.21 1306 8.90144 22.589 3.52582
-278 144.205 1059.73 68.8873 55.5356 44.7564
-84.6518 -278 1018.66 68.8873 55.5356 44.7564
-69.2881 -247.648 1080.71 59.0918 46.653 36.0092
-79.8851 -278 1067.93 5.26489 4.07064 3.00917
126.733 -143.364 927.561 68.8873 55.5356 44.7564
89.2776 253.334 1306 68.8873 55.5356 44.7564
-278 -41.9499 1290 68.8873 55.5356 44.7564
-220.338 -104.51 1306 28.5495 73.9801 12.0567
278 135.977 807.939 38.1998 96.939 15.1308
278 -53.6498 1081.32 68.8873 55.5356 44.7564
208.147 278 848.615 23.4088 1.94708 0
-278 83.907 846.53 68.8873 55.5356 44.7564
-59.572 -278 972.055 68.8873 55.5356 44.7564
-278 -260.768 912.854 10.46 8.25815 6.37406
-191.652 -162.523 1141.65 2.13241 5.41138 0.844638
-278 -248.4 1124.66 2.53442 6.29848 0.941561
-278 219.48 1166.05 68.8873 55.5356 44.7564
1.82263 151.699 1306 37.4667 97.0872 15.8225
278 26.8249 1105.29 68.8873 55.5356 44.7564
-278 -15.4448 1286.84 130.628 10.8653 0
-249.815 30.2834 1306 40.1676 10.739 0
-278 0.0473156 1147.96 77.7207 20.3492 0
-171.915 229.074 1306 68.8873 55.5356 44.7564
278 -172.053 1093.74 45.7611 36.1284 27.8858
-278 75.9886 1281.52 68.8873 55.5356 44.7564
-278 -115.108 866.726 68.8873 55.5356 44.7564
-278 268.902 1030.29 68.8873 55.5356 44.7564
278 -111.732 804.862 68.8873 55.5356 44.7564
126.507 190.665 1306 68.8873 55.5356 44.7564
46.7469 -278 1279.82 7.5743 5.97992 4.61561
278 35.7149 1171.68 68.8873 55.5356 44.7564
-278 213.415 1123.67 130.793 10.879 0
187.513 -278 1095.1 68.8873 55.5356 44.7564
-18.8965 278 1255.66 124.673 98.4298 75.9732
-179.741 -278 957.126 68.8873 55.5356 44.7564
-69.2327 278 956.782 135.131 106.686 82.346
-278 182.156 894.698 108.854 84.1626 62.2162
-245.73 278 1173.93 7.35968 18.2901 2.7342
278 211.342 1065.65 68.8873 55.5356 44.7564
278 -115.855 1059.64 68.8873 55.5356 44.7564
-278 149.855 967.281 68.8873 55.5356 44.7564
6.565 278 1105.72 35.7258 92.5762 15.0873
278 90.2519 880.149 33.5571 85.1573 13.2918
-67.5074 237.02 1306 40.8475 10.6949 0
-278 260.344 1126.14 68.8873 55.5356 44.7564
34.8572 91.5564 1306 68.8873 55.5356 44.7564
278 146.28 1170.08 65.9674 52.0813 40.199
236.406 -278 1202.35 68.8873 55.5356 44.7564
-278 155.449 958.042 68.8873 55.5356 44.7564
-5.43122 154.845 1306 68.8873 55.5356 44.7564
71.3044 -159.235 1306 68.8873 55.5356 44.7564
278 175.16 931.022 95.0938 75.0767 57.948
247.122 278 970.66 51.3071 4.17929 0
-136.706 -278 1296.64 76.0562 6.06709 0
-278 -207.196 1218.23 68.8873 55.5356 44.7564
254.024 -209.13 1306 68.8873 55.5356 44.7564
278 -198.906 1295.17 52.8813 41.7499 32.2247
178.566 -278 1248.5 77.6949 6.32875 0
-11.0799 -249.601 1161.08 20.9393 1.67035 0
-278 262.918 883.775 68.8873 55.5356 44.7564
-277.995 278 885.915 0.0121508 0.0314864 0.0051314
-278 277.998 885.918 0.00734889 0.0186491 0.00291086
-277.929 278 885.876 0.00394154 0.0321505 0.0010148
278 26.1149 1043.63 68.8873 55.5356 44.7564
244.479 -86.348 1306 16.0678 1.33648 0
127.767 278 1270.21 2.99315 0.243812 0
278 119.088 1082.45 3.30048 0.263283 0
278 18.1788 859.531 68.8873 55.5356 44.7564
275.766 278 843.128 1.18189 0.0983064 0
278 276.165 840.18 1.0504 0.0855621 0
-278 -8.56241 1226.94 68.8873 55.5356 44.7564
-278 239.865 887.822 68.8873 55.5356 44.7564
-278 -33.3197 818.399 68.8873 55.5356 44.7564
-278 65.6221 1072.86 68.8873 55.5356 44.7564
278 264.78 1198.84 39.4647 102.265 16.6662
273.705 163.161 1306 68.8873 55.5356 44.7564
-278 183.588 943.027 68.8873 55.5356 44.7564
278 -56.9687 1159.01 68.8873 55.5356 44.7564
92.405 -278 803.81 68.8873 55.5356 44.7564
-278 136.012 1077.85 92.0841 72.7005 56.114
-278 31.7886 1016.97 68.8873 55.5356 44.7564
-135.844 -150.789 1306 16.4573 42.6456 6.95002
-107.651 -278 1258.37 11.3 28.6758 4.47588
-93.858 -271.291 1306 3.02986 7.52974 1.12562
194.295 -35.08 1306 68.8873 55.5356 44.7564
278 240.746 1059 68.8873 55.5356 44.7564
-90.4565 -78 1147.14 68.8873 55.5356 44.7564
278 -179.09 1046.84 68.8873 55.5356 44.7564
-278 24.7663 1187.08 68.8873 55.5356 44.7564
243.041 -278 933.359 68.8873 55.5356 44.7564
-76.639 -78 1077.35 68.8873 55.5356 44.7564
-278 174.831 1144.86 105.495 83.2885 64.2863
-247.186 160.619 1306 12.2826 31.1692 4.86506
278 261.062 992.16 68.8873 55.5356 44.7564
-278 -17.008 1237.05 68.8873 55.5356 44.7564
-204.328 -278 1143.59 11.0089 28.5272 4.64913
142.577 -54.4765 902.1 68.8873 55.5356 44.7564
10.5631 -278 1037.08 68.8873 55.5356 44.7564
-278 172.089 1080.58 68.8873 55.5356 44.7564
253.972 -31.2003 1306 68.8873 55.5356 44.7564
278 -31.5515 1291.39 71.5559 56.4935 43.6045
-19.1909 169.557 1306 68.8873 55.5356 44.7564
-48.73 278 1300.32 6.94925 5.48644 4.23471
278 -162.8 1229.99 68.8873 55.5356 44.7564
42.0105 -278 1286.11 68.8873 55.5356 44.7564
38.0613 -274.446 1306 23.7866 18.7795 14.495
40.6596 -278 1299.78 38.8192 30.0137 22.1873
-177.694 -52.3192 1306 68.8873 55.5356 44.7564
-86.7368 -78 1183.77 68.8873 55.5356 44.7564
75.8567 278 927.007 104.785 82.7281 63.8538
-68.6205 27.3036 1306 68.8873 55.5356 44.7564
-45.6434 87.6477 1306 68.8873 55.5356 44.7564
180.92 -278 1004.59 79.063 62.4203 48.1792
278 216.297 822.408 68.8873 55.5356 44.7564
-278 161.189 814.29 137.088 11.4026 0
-17.3107 278 973.657 67.9789 18.1745 0
278 227.125 988.451 23.054 6.03611 0
278 -8.93771 1080.23 68.8873 55.5356 44.7564
246.975 -278 1268.7 12.9541 1.07749 0
278 -239.108 1275.54 20.0645 1.63439 0
278 -193.678 1077.89 68.8873 55.5356 44.7564
-278 170.068 929.483 112.521 9.35917 0
-164.59 -188.826 1114.59 18.9302 5.0611 0
-278 -263.981 1085.81 27.3733 7.167 0
-101.072 -78 1056.47 68.8873 55.5356 44.7564
-109.531 207.793 1306 103.756 81.9156 63.2266
278 92.0292 1203.35 68.8873 55.5356 44.7564
82.4287 -278 1039.04 59.9266 4.98454 0
-278 -24.0449 1026.55 68.8873 55.5356 44.7564
278 131.833 912.65 68.8873 55.5356 44.7564
246.54 278 950.665 28.0953 2.33689 0
-278 -9.66666 1165.5 25.4294 2.07139 0
-176.239 122.024 1306 68.8873 55.5356 44.7564
48.2206 170.168 1306 68.8873 55.5356 44.7564
-278 266.281 1261.42 68.8873 55.5356 44.7564
-277.904 278 1267.41 0.311901 0.808227 0.131718
-278 277.911 1267.39 0.418433 1.06185 0.16574
-278 198.374 755.259 68.8873 55.5356 44.7564
-278 208.134 791.547 68.8873 55.5356 44.7564
278 267.942 967.476 68.8873 55.5356 44.7564
-278 139.576 823.115 68.8873 55.5356 44.7564
278 -74.4514 1134.49 35.4518 91.866 14.9716
217.764 -147.408 1306 21.8046 5.82958 0
278 76.3969 1173 21.7045 5.68277 0
278 254.674 896.73 68.8873 55.5356 44.7564
-243.966 -278 1052.95 94.3787 7.85018 0
-278 -250.765 1033.22 107.437 8.75147 0
-278 -81.9789 1012.17 68.8873 55.5356 44.7564
-278 -44.6703 1020.73 68.8873 55.5356 44.7564
-156.246 70.6781 1306 15.7706 40.8662 6.66003
-278 171.172 917.691 29.2187 74.1477 11.5734
278 -144.848 1061.33 68.8873 55.5356 44.7564
-61.7765 15.5945 1306 68.8873 55.5356 44.7564
278 257.362 1082.84 68.8873 55.5356 44.7564
267.852 -35.4463 1306 3.79606 0.315746 0
-278 245.337 1207.36 1.20457 0.0981202 0
9.14709 257.037 1306 68.8873 55.5356 44.7564
-278 -191.222 1075.53 68.8873 55.5356 44.7564
-117.358 -268.665 823.347 22.2932 57.7682 9.41458
-117.742 -278 838.176 37.2682 94.5749 14.7618
-116.429 -267.696 825.58 47.0393 116.901 17.4756
86.2562 143.429 1306 68.8873 55.5356 44.7564
278 120.507 1259.58 68.8873 55.5356 44.7564
205.802 111.984 1306 115.323 9.59225 0
-195.822 278 803.737 174.418 14.2075 0
-278 195.496 861.69 221.265 17.6506 0
278 110.924 1033.72 68.8873 55.5356 44.7564
188.493 278 898.817 53.0059 4.4089 0
278 171.636 909.224 80.8869 6.58876 0
-107.531 195.632 1306 68.8873 55.5356 44.7564
-131.155 -78 1133.7 68.8873 55.5356 44.7564
73.9416 166.501 1306 68.8873 55.5356 44.7564
278 133.377 1209.47 58.2894 46.0195 35.5202
-278 -120.591 1073.68 103.516 8.43207 0
-114.621 -101.115 1064.62 63.8607 16.7203 0
-37.8011 -278 887.602 68.8873 55.5356 44.7564
-278 227.697 1006.45 68.8873 55.5356 44.7564
-128.693 -278 889.606 11.8499 30.7066 5.0043
-96.6848 249.491 1306 68.8873 55.5356 44.7564
278 186.445 992.185 87.7362 69.2679 53.4645
145.178 278 891.415 122.533 9.98107 0
148.178 -278 829.484 243.555 19.4287 0
75.1134 -230.631 1306 68.8873 55.5356 44.7564
-278 -37.1859 800.414 68.8873 55.5356 44.7564
-18.5378 -195.457 1131.46 68.8873 55.5356 44.7564
-58.1153 -180.728 1306 68.8873 55.5356 44.7564
-131.542 -278 1303.25 3.10291 2.44975 1.89085
-278 -68.205 1081.98 3.84888 2.97583 2.19984
-142.547 278 988.11 0.846022 2.10252 0.314306
278 245.077 853.119 68.8873 55.5356 44.7564
278 -17.4488 856.654 68.8873 55.5356 44.7564
-167.295 263.238 1306 68.8873 55.5356 44.7564
-19.7064 -68.4904 1306 68.8873 55.5356 44.7564
-51.8319 -78 1148.23 134.77 106.401 82.1255
278 265.583 1067.12 68.8873 55.5356 44.7564
278 207.542 1058.4 68.8873 55.5356 44.7564
-35.3255 86.5084 1306 103.45 8.60468 0
114.246 278 956.275 169.914 13.8406 0
69.0266 64.5601 1306 175.965 14.0369 0
-278 267.877 926.618 68.8873 55.5356 44.7564
-250.15 278 928.495 40.204 104.18 16.9784
-278 249.994 959.536 44.8279 113.759 17.7561
278 73.2194 1226.74 68.8873 55.5356 44.7564
251.602 47.6171 1306 41.6244 3.46221 0
-278 210.585 1061.93 68.8873 55.5356 44.7564
278 121.826 877.665 40.2278 104.242 16.9885
-278 -22.2924 987.293 76.5008 20.4529 0
-49.1995 -278 1041.29 68.8873 55.5356 44.7564
-79.7162 -257.593 1070.28 60.1054 47.4533 36.6269
-278 154.352 1066.2 68.8873 55.5356 44.7564
278 -55.7691 1116.86 39.9507 103.524 16.8715
278 269.086 1107.8 68.8873 55.5356 44.7564
249.648 -14.6293 1306 68.8873 55.5356 44.7564
-278 -95.2629 907.802 82.3821 65.0408 50.2018
-89.3622 -78 1172.37 68.8873 55.5356 44.7564
-278 149.471 1003.89 92.1301 72.7368 56.142
-147.356 -78 1191.05 68.8873 55.5356 44.7564
-165.788 -40.5609 1306 42.1788 33.3002 25.7028
-215.769 278 1008.26 57.2266 44.2457 32.7081
-278 245.209 994.317 52.3354 39.6268 28.0558
278 203.86 934.544 68.8873 55.5356 44.7564
-8.80075 -92.2892 1306 71.206 5.92273 0
-94.3292 -90.7607 1244.33 83.2832 6.78395 0
-146.692 -171.819 1306 9.5718 0.763554 0
103.369 267.508 1306 68.8873 55.5356 44.7564
83.4427 31.6165 1306 68.8873 55.5356 44.7564
-5.03698 -132.546 1155.04 86.6861 68.4387 52.8245
278 162.443 1052.9 68.8873 55.5356 44.7564
278 130.25 931.892 68.8873 55.5356 44.7564
-98.4821 -178.283 794.915 102.578 8.53214 0
278 108.731 1179.24 86.7121 7.06326 0
82.5908 -122.082 1306 68.8873 55.5356 44.7564
120.19 -226.13 941.355 131.84 104.088 80.3404
-30.161 -108.62 1306 68.8873 55.5356 44.7564
-278 157.986 1188.63 42.279 33.3793 25.7639
-278 -224.754 1066.13 68.8873 55.5356 44.7564
173.351 167.838 1306 68.8873 55.5356 44.7564
278 148.168 1248.88 65.1315 51.4214 39.6897
277.364 278 1273.11 0.626865 0.0510622 0
278 277.986 1273.41 0.0237436 0.00189405 0
-30.601 70.7231 1306 68.8873 55.5356 44.7564
-278 95.8673 1158.77 70.1896 55.4148 42.772
-278 267.864 972.562 68.8873 55.5356 44.7564
-28.5524 -130.677 1121.45 68.8873 55.5356 44.7564
179.874 233.512 1306 5.07362 4.00563 3.09175
-95.9675 -278 939.453 5.41334 4.18541 3.09401
-1.97665 -199.869 1148.02 3.49911 2.64942 1.8758
278 256.298 1261.82 68.8873 55.5356 44.7564
278 138.148 961.107 68.8873 55.5356 44.7564
-278 71.8786 917.539 68.8873 55.5356 44.7564
-171.87 -278 888.659 12.4034 32.1408 5.23803
277.185 278 824.791 19.2219 48.7791 7.61371
278 276.52 831.065 8.75232 21.7511 3.25157
278 271.234 1020.73 68.8873 55.5356 44.7564
269.691 278 1001.28 51.5529 4.28804 0
111.723 255.232 1306 6.82423 0.555878 0
67.589 278 1237.03 11.0762 0.883559 0
62.2148 -278 1164.9 68.8873 55.5356 44.7564
29.9626 45.5652 1306 125.765 99.2913 76.6381
36.778 15.1874 1306 68.8873 55.5356 44.7564
-15.5459 -278 998.873 98.9083 78.0883 60.2725
-35.9116 -278 925.789 68.8873 55.5356 44.7564
212.501 278 1228.9 112.612 88.9073 68.6232
235.099 239.437 1306 97.4557 75.3495 55.7012
140.006 -70.2285 915.371 68.8873 55.5356 44.7564
278 -150.188 950.058 17.7854 14.0416 10.838
201.924 130.965 1306 5.88371 0.479266 0
278 259.985 1074.21 68.8873 55.5356 44.7564
-278 213.642 1055.2 68.8873 55.5356 44.7564
-96.3863 37.2214 1306 68.8873 55.5356 44.7564
278 -244.96 893.221 91.0447 71.8799 55.4806
182.288 -208.722 926.122 162.121 13.2058 0
219.104 -278 799.728 183.211 14.615 0
-119.533 -78 1103.04 68.8873 55.5356 44.7564
-278 -65.2025 1134.49 10.879 8.58897 6.62941
-21.6751 278 1045.63 3.96615 10.0648 1.57097
235.367 133.105 1306 68.8873 55.5356 44.7564
278 143.624 1288.93 49.9231 39.4144 30.422
29.7253 166.711 1306 68.8873 55.5356 44.7564
19.6486 278 1107.34 120.081 94.8043 73.1748
278 -236.608 1215.77 210.926 163.081 120.556
188.815 -278 1121.37 68.8873 55.5356 44.7564
278 -218.927 1264.68 45.5106 35.9306 27.7331
124.816 -225.719 1306 87.7992 7.15181 0
-125.742 -278 930.622 68.8873 55.5356 44.7564
-278 -210.601 903.32 55.033 43.4486 33.5359
278 -26.7873 1300.27 68.8873 55.5356 44.7564
275.196 -23.2145 1306 52.8327 4.39448 0
230.249 278 1100.03 59.1965 4.82194 0
192.476 7.16772 1306 93.6608 7.47143 0
-278 256.689 958.105 68.8873 55.5356 44.7564
-88.4426 -78 1221.19 68.8873 55.5356 44.7564
-97.7855 244.044 1306 68.8873 55.5356 44.7564
-87.2596 278 1246.04 118.511 93.5645 72.2179
-103.22 242.439 1306 117.856 91.122 67.3608
-85.8321 278 1305.79 1.26129 0.955012 0.676151
-92.6315 -78 1192.2 68.8873 55.5356 44.7564
59.5947 161.048 1306 107.842 85.1417 65.7167
278 -3.03838 879.946 181.568 140.382 103.776
161.906 -129.145 925.191 68.8873 55.5356 44.7564
278 89.2561 1087.52 91.2871 72.0713 55.6283
196.811 -278 1179.89 68.8873 55.5356 44.7564
278 -277.481 1181.43 0.879227 0.694151 0.535781
244.909 -243.948 1306 0.436897 0.0355881 0
-19.5248 -237.587 1169.52 0.400652 0.0319604 0
-278 228.991 1053.21 68.8873 55.5356 44.7564
278 243.801 903.609 68.8873 55.5356 44.7564
278 125.368 1028.28 68.8873 55.5356 44.7564
-278 229.669 1213.1 128.717 10.7063 0
278 157.858 1220.59 79.4237 21.2344 0
169.043 278 1003.56 63.8801 1.76209 0
249.837 -278 1265.55 68.8873 55.5356 44.7564
278 -256.605 1269.05 82.9378 65.4795 50.5404
270.254 -278 1274.24 55.0487 4.48407 0
278 -276.295 1282.15 16.7588 1.33687 0
-266.33 -278 860.557 68.8873 55.5356 44.7564
278 262.617 1028.35 68.8873 55.5356 44.7564
-123.639 -278 856.86 79.6226 6.6228 0
-126.147 273.297 1306 68.8873 55.5356 44.7564
278 166.262 1253.02 17.3207 13.6747 10.5549
-0.488533 175.803 1306 68.8873 55.5356 44.7564
-268.247 -278 894.905 84.7494 66.9098 51.6444
-175.249 152.375 1306 121.098 93.6291 69.2142
-278 -259.072 1124.81 95.1567 72.0498 51.0114
278 79.6564 862.506 68.8873 55.5356 44.7564
227.479 -278 996.13 18.073 1.50327 0
278 -215.49 944.292 23.6248 1.92439 0
14.5794 251.249 1306 68.8873 55.5356 44.7564
278 95.6419 1305.27 0.327232 0.25835 0.199408
-278 63.6924 1121.3 0.620411 0.0505365 0
153.954 176.857 1306 68.8873 55.5356 44.7564
-278 210.05 1109.87 56.8217 44.8608 34.6259
-278 201.888 1141.29 68.8873 55.5356 44.7564
278 110.34 996.56 68.8873 55.5356 44.7564
-69.8856 -107.063 1080.11 114.486 9.52264 0
43.7475 278 987.432 81.0692 6.60361 0
-278 189.023 881.982 41.2089 3.28728 0
278 153.139 946.198 68.8873 55.5356 44.7564
-177.075 278 1020.96 131.228 10.9152 0
-197.453 -171.05 1306 221.421 18.0362 0
-278 -165.63 1122.38 405.392 32.3386 0
-34.4846 67.1067 1306 68.8873 55.5356 44.7564
-69.7089 -278 1222.31 32.3095 25.5084 19.6887
-70.5333 -245.979 1306 23.0917 17.8537 13.1982
-140.704 278 1223.25 7.14197 5.40769 3.82866
-91.2264 180.821 1306 68.8873 55.5356 44.7564
-278 88.0309 834.69 68.8873 55.5356 44.7564
59.7757 -278 1102.37 68.8873 55.5356 44.7564
216.816 259.396 1306 68.8873 55.5356 44.7564
-278 121.592 975.681 68.8873 55.5356 44.7564
204.109 -278 1123.01 68.8873 55.5356 44.7564
-278 181.047 934.221 68.8873 55.5356 44.7564
58.918 259.47 1306 68.8873 55.5356 44.7564
-278 50.7496 1120.99 58.2774 46.0101 35.5129
-179.208 -278 833.706 8.003 20.3091 3.16995
-278 139.441 1047.77 68.8873 55.5356 44.7564
-278 -40.4204 1249.3 68.8873 55.5356 44.7564
111.902 -278 950.283 68.8873 55.5356 44.7564
-84.8281 243.772 1306 68.8873 55.5356 44.7564
45.2907 278 1247.74 54.7459 43.222 33.3609
39.3439 -278 971.241 68.8873 55.5356 44.7564
129.049 -212.583 902.804 69.1041 54.5578 42.1105
53.2369 -278 854.901 104.74 80.9811 59.8643
125.099 -238.181 906.439 86.006 65.1212 46.1059
-67.6 249.884 1306 68.8873 55.5356 44.7564
-61.9454 -278 1272.71 8.67136 6.84605 5.28413
278 235.81 1180.05 68.8873 55.5356 44.7564
274.406 -16.9545 1306 1.75284 0.145797 0
-5.0654 140.252 1306 68.8873 55.5356 44.7564
-153.846 278 846.288 126.058 99.5231 76.817
-278 256.895 1181.23 14.8695 11.4966 8.4987
-278 225.599 1028.56 68.8873 55.5356 44.7564
278 70.9097 938.076 68.8873 55.5356 44.7564
38.2518 -278 1037.86 68.8873 55.5356 44.7564
-61.6702 -209.391 1088.33 71.9944 56.8396 43.8718
278 69.821 1024.59 92.4446 71.4751 52.8371
274.276 -278 1097.31 1.93747 0.154554 0
-278 69.207 1027.38 68.8873 55.5356 44.7564
-269.223 46.0714 1306 1.34486 3.48493 0.567945
-165.957 8.43784 1306 68.8873 55.5356 44.7564
-209.523 278 1235.36 34.5078 27.2439 21.0282
-149.138 221.752 1306 35.7352 27.6292 20.4246
262.971 -278 1052.44 26.0522 19.7259 13.966
88.8552 -278 1122.99 68.8873 55.5356 44.7564
-77.2719 90.5425 1306 68.8873 55.5356 44.7564
70.2099 -278 1177.59 42.4049 33.4787 25.8406
278 27.4079 1257.96 68.8873 55.5356 44.7564
256.531 14.3757 1306 68.8873 55.5356 44.7564
278 -80.9305 1179.91 68.8873 55.5356 44.7564
137.167 179.02 1306 68.8873 55.5356 44.7564
260.76 166.138 1306 68.8873 55.5356 44.7564
278 165.633 1247.01 132.238 104.402 80.5828
247.327 146.158 1306 117.092 9.53788 0
278 137.74 1282.6 138.759 11.0689 0
278 81.7595 1267.57 68.8873 55.5356 44.7564
87.1057 -278 1134.78 61.3965 5.1068 0
-278 -147.247 875.681 34.4241 2.80406 0
93.8326 -278 819.908 68.8873 55.5356 44.7564
138.297 -253.481 877.492 43.9996 34.7377 26.8123
-278 245.611 913.705 68.8873 55.5356 44.7564
-278 124.715 1061.85 68.8873 55.5356 44.7564
-117.465 -276.042 1306 13.8738 35.9512 5.85903
-153.252 278 1244.08 3.07535 7.80426 1.21813
-112.632 116.426 1306 5.59143 13.8957 2.07727
-32.603 -278 957.311 68.8873 55.5356 44.7564
-278 73.8672 964.477 68.8873 55.5356 44.7564
-104.639 -131.117 1054.64 26.2387 67.9923 11.0808
-216.094 -278 1142.11 4.36002 11.0644 1.72699
278 -59.6904 792.137 68.8873 55.5356 44.7564
278 244.4 935.772 68.8873 55.5356 44.7564
-278 -260.888 1224.16 68.8873 55.5356 44.7564
-261.188 -108.2 1306 68.8873 55.5356 44.7564
278 98.8526 815.755 68.8873 55.5356 44.7564
-15.1401 -78 1137.7 68.8873 55.5356 44.7564
-278 -45.0166 875.352 12.1881 9.62253 7.42716
-150.128 -95.065 1100.13 3.6816 9.34273 1.45826
-278 -158.487 1157.69 2.37842 5.91081 0.883609
-216.99 -127.86 1306 68.8873 55.5356 44.7564
-159.996 278 1122.27 56.3584 44.495 34.3436
-170.606 -111.24 1306 68.8873 55.5356 44.7564
-229.564 -278 1149.51 91.2918 72.075 55.6312
278 181.332 1229.21 68.8873 55.5356 44.7564
-7.03052 -182.938 1142.97 83.4639 6.94231 0
278 -192.318 1020.48 154.978 12.624 0
278 22.5128 1047.62 68.8873 55.5356 44.7564
191.893 224.674 1306 68.8873 55.5356 44.7564
278 276.558 1298.82 9.81114 7.74591 5.97869
277.303 278 1301.22 4.73487 0.385686 0
-10.3631 -92.8026 1160.36 7.16631 0.571665 0
-278 160.368 966.719 68.8873 55.5356 44.7564
-107.845 278 977.418 35.211 91.242 14.8699
-278 178.712 1190.12 24.1169 61.201 9.5526
-197.696 149.073 1306 8.36461 68.2287 2.15357
-278 108.6 1115.54 68.8873 55.5356 44.7564
42.4585 91.4603 1306 68.8873 55.5356 44.7564
278 154.316 1004.72 107.103 84.5582 65.2664
142.117 -278 1000.78 64.2274 5.23174 0
278 -57.9867 1019.08 109.018 8.6965 0
278 243.749 851.848 68.8873 55.5356 44.7564
-278 -91.0801 1036.59 113.516 9.44198 0
-191.933 -37.164 1306 21.1143 5.64503 0
194.901 -278 1180.81 68.8873 55.5356 44.7564
278 137.867 1192.95 68.8873 55.5356 44.7564
-278 268.435 1269.56 68.8873 55.5356 44.7564
-253.03 278 1223.75 20.1807 52.2942 8.52248
-138.029 103.866 1306 68.8873 55.5356 44.7564
166.343 -278 1086.43 68.8873 55.5356 44.7564
278 -271.034 988.892 6.46543 5.10446 3.93989
270.839 -278 993.498 8.41682 0.685604 0
-79.2197 -155.599 1070.78 5.43926 0.433896 0
56.1001 198.072 1306 68.8873 55.5356 44.7564
278 88.2674 985.048 68.8873 55.5356 44.7564
-77.3717 -262.944 1227.37 88.1704 7.33378 0
-278 -58.3821 930.233 68.8873 55.5356 44.7564
-181.837 -125.972 1131.84 17.6626 45.7689 7.45903
-278 -275.022 1054.59 22.3886 56.815 8.868
-273.278 -278 1057.57 10.3983 84.8169 2.67716
278 34.4368 760.975 68.8873 55.5356 44.7564
-278 145.144 909.674 68.8873 55.5356 44.7564
-20.1165 278 1009.74 36.0209 93.3409 15.2119
-278 190.141 1298.91 15.9316 40.4293 6.31042
278 -259.409 1051.9 68.8873 55.5356 44.7564
278 182.412 907.187 68.8873 55.5356 44.7564
278 229.976 1096.57 68.8873 55.5356 44.7564
-168.856 226.392 1306 68.8873 55.5356 44.7564
278 -266.635 1163.85 28.7825 22.7238 17.5394
24.8474 -43.4466 1306 68.8873 55.5356 44.7564
-278 124.557 1137.79 60.1931 47.5225 36.6803
-278 108.733 844.495 68.8873 55.5356 44.7564
-94.0847 -78 1097.85 68.8873 55.5356 44.7564
278 -70.456 1139.11 2.77558 2.19133 1.69138
-0.696075 -97.994 1149.3 5.52061 0.44969 0
278 240.657 1054.94 6.4923 0.517898 0
-278 236.716 1160.35 68.8873 55.5356 44.7564
-210.142 278 1203.89 32.1107 83.2083 13.5606
278 157.128 807.085 68.8873 55.5356 44.7564
-278 173.826 1268.64 68.8873 55.5356 44.7564
278 -3.00125 955.892 68.8873 55.5356 44.7564
-278 273.305 929.476 68.8873 55.5356 44.7564
-273.757 278 925.698 24.6733 63.9359 10.4197
278 177.602 1056.82 8.60207 21.8293 3.40724
191.227 231.912 1306 5.54165 1.45094 0
-278 154.598 954.727 68.8873 55.5356 44.7564
-182.368 -272.494 1132.37 8.67814 22.4876 3.66484
-193.318 -278 1133.33 9.97303 25.3084 3.95027
278 -24.5909 817.8 68.8873 55.5356 44.7564
257.196 122.469 1306 5.6167 0.467182 0
-278 -116.459 962.302 5.6824 0.462868 0
278 74.9159 1077.62 68.8873 55.5356 44.7564
177.518 278 1031.1 59.8497 4.97814 0
278 167.98 1138.33 68.8873 55.5356 44.7564
134.972 -78.6089 1306 59.5839 4.95604 0
-79.1468 -278 1281.16 10.081 0.821165 0
56.529 -273.102 1306 0.715473 0.0570741 0
181.236 234.537 1306 68.8873 55.5356 44.7564
203.634 -278 1058.84 59.7984 47.2109 36.4398
278 -260.055 976.686 19.1188 14.782 10.9274
237.627 -278 755.192 6.83501 0.545237 0
-278 202.705 1023.33 68.8873 55.5356 44.7564
-141.733 -278 830.542 10.9062 28.2613 4.60579
181.341 173.954 1306 13.4817 34.2122 5.34003
122.754 278 997.471 25.1458 62.4919 9.34193
136.515 -84.3575 1306 68.8873 55.5356 44.7564
-33.2749 -138.063 1183.27 78.1804 61.7235 47.6414
-25.7164 -132.165 1306 117.015 90.4723 66.8806
-9.6086 -135.248 1159.61 232.576 176.099 124.679
-48.1215 -196.86 1306 68.8873 55.5356 44.7564
0.526283 -278 1231.3 85.382 67.4092 52.0299
142.672 -278 1010.96 68.8873 55.5356 44.7564
-54.3753 -278 755.583 68.8873 55.5356 44.7564
-278 136.362 1126.19 68.8873 55.5356 44.7564
-125.125 -78 1090.09 68.8873 55.5356 44.7564
-278 89.1327 931.599 68.8873 55.5356 44.7564
101.799 258.364 1306 68.8873 55.5356 44.7564
55.0974 278 1285.26 52.1864 41.2013 31.8012
-278 157.767 928.833 68.8873 55.5356 44.7564
-200.423 80.3086 1306 68.8873 55.5356 44.7564
-278 105.414 1064.01 130.562 103.079 79.5618
186.652 -246.471 944.745 68.8873 55.5356 44.7564
225.948 278 1256.74 88.762 70.0777 54.0896
162.554 -278 1146.94 68.8873 55.5356 44.7564
167.21 278 906.816 126.479 99.8557 77.0738
278 265.105 1184.42 10.9026 8.42952 6.23142
-278 17.4271 1063.4 19.5359 1.5584 0
278 165.457 1186.68 68.8873 55.5356 44.7564
161.682 -87.6894 1306 52.8778 4.39824 0
278 193.238 922.688 68.8873 55.5356 44.7564
273.564 84.0759 1306 1.53335 0.12754 0
278 82.7687 1305.85 0.10145 0.00826378 0
278 59.7345 1094.18 68.8873 55.5356 44.7564
128.706 -23.1757 1306 75.5964 6.28791 0
-150.581 -78 1164.88 68.8873 55.5356 44.7564
-278 -62.8171 1245.2 13.8175 10.9089 8.42005
-133.924 250.782 1306 68.8873 55.5356 44.7564
-278 253.632 1221.07 69.957 55.2311 42.6302
-172.37 156.991 1306 68.8873 55.5356 44.7564
-278 190.245 1042.85 126.988 100.257 77.3835
-27.6387 278 1274.83 56.1336 142.449 22.2343
278 69.7652 1039.61 53.3377 132.554 19.8155
-120.189 227.733 1306 68.8873 55.5356 44.7564
278 -214.545 1293.76 68.8873 55.5356 44.7564
-11.1001 -78 1159.47 68.8873 55.5356 44.7564
-278 -31.6858 1044.29 21.6772 17.1142 13.2096
25.3426 263.98 1306 68.8873 55.5356 44.7564
-278 127.764 1279.98 10.7468 8.48464 6.54888
-177.589 278 1239.63 3.6264 9.20264 1.4364
-226.819 121.169 1306 6.4166 15.9464 2.38383
278 88.5043 765.626 68.8873 55.5356 44.7564
-241.059 -225.281 1306 68.8873 55.5356 44.7564
-278 63.7015 1069.73 68.8873 55.5356 44.7564
-206.794 278 1119.62 13.1975 34.1986 5.5734
-278 141.863 1027.32 68.8873 55.5356 44.7564
194.653 -16.29 1306 35.4789 91.9362 14.983
278 -50.1998 1305.85 0.116296 0.295122 0.0460643
277.793 -50.5408 1306 0.112989 0.0295832 0
124.73 -172.016 918.203 68.8873 55.5356 44.7564
18.9507 -278 946.583 66.7295 52.683 40.6635
278 143.895 815.259 68.8873 55.5356 44.7564
274.203 278 910.571 3.1786 0.264388 0
-278 184.258 985.386 68.8873 55.5356 44.7564
-83.4102 -173.026 1306 68.8873 55.5356 44.7564
-185.238 -278 1171.11 93.4094 73.7468 56.9216
-165.055 -246.516 1184.95 147.504 114.045 84.3065
-228.976 -278 1126.12 11.5115 8.71619 6.17109
208.779 -278 1175.52 68.8873 55.5356 44.7564
161.043 -229.847 1306 45.1165 35.6195 27.493
209.934 278 1148.75 26.5775 20.5488 15.1905
-170.972 168.875 1306 68.8873 55.5356 44.7564
-138.851 71.5708 1306 68.8873 55.5356 44.7564
-4.59135 -78 1154.56 82.9097 65.4573 50.5233
-278 111.058 1150.73 94.3037 72.9125 53.8997
-197.516 51.8863 1306 25.5783 63.5667 9.5026
125.946 -278 1174.02 68.8873 55.5356 44.7564
278 -178.185 1125.2 73.0219 57.6509 44.4979
158.61 -278 1160.19 109.315 8.90439 0
171.361 -271.913 1306 9.0833 0.724585 0
278 -276.824 1152.87 68.8873 55.5356 44.7564
278 273.287 1297.9 68.8873 55.5356 44.7564
274.541 278 1301.42 69.8374 5.80889 0
267.713 275.994 1306 33.1037 2.69651 0
278 272.237 1304.6 8.3763 0.668187 0
-64.9579 -196.843 782.642 68.8873 55.5356 44.7564
-251.13 278 880.923 34.827 27.496 21.2228
-278 172.544 929.029 61.7348 47.7313 35.2848
99.8799 -271.928 1306 68.8873 55.5356 44.7564
226.772 278 1304.47 0.373753 0.295078 0.227757
-278 -83.2031 1034.38 68.8873 55.5356 44.7564
-114.981 -129.458 1306 68.8873 55.5356 44.7564
-114.229 -121.134 1235.77 136.809 108.011 83.3684
278 63.7936 1084.07 68.8873 55.5356 44.7564
278 110.474 1102.97 68.8873 55.5356 44.7564
278 -21.3367 908.682 68.8873 55.5356 44.7564
-278 -157.113 812.815 68.8873 55.5356 44.7564
-196.881 -278 995.676 68.8873 55.5356 44.7564
278 93.007 1167.5 68.8873 55.5356 44.7564
-278 5.55759 994.506 68.8873 55.5356 44.7564
-278 148.402 1069.34 68.8873 55.5356 44.7564
-173.009 278 1126.12 25.5419 66.1866 10.7865
138.77 -278 851.746 68.8873 55.5356 44.7564
278 -262.752 765.697 12.7794 10.0893 7.78746
-274.725 189.428 1306 68.8873 55.5356 44.7564
-278 -98.5205 1014.02 68.8873 55.5356 44.7564
278 209.397 852.984 68.8873 55.5356 44.7564
-169.346 174.241 1306 96.6587 8.03981 0
-96.0679 -165.864 1306 68.8873 55.5356 44.7564
278 40.3904 1064.81 67.7396 53.4805 41.279
-204.968 -278 1024.54 68.8873 55.5356 44.7564
265.749 229.485 1306 68.8873 55.5356 44.7564
278 221.863 1261.45 131.071 103.481 79.8719
226.23 70.6889 1306 81.8083 6.66381 0
-63.5773 -278 1071.4 75.1905 5.99803 0
260.46 -278 890.823 68.8873 55.5356 44.7564
34.8095 -278 855.424 68.8873 55.5356 44.7564
89.4326 -11.6473 1306 69.7313 55.053 42.4927
55.4309 132.047 1306 68.8873 55.5356 44.7564
-278 231.992 766.304 68.8873 55.5356 44.7564
147.837 -129.872 1306 68.8873 55.5356 44.7564
1.98019 278 1296.29 3.08621 2.43657 1.88067
-278 272.918 773.621 68.8873 55.5356 44.7564
-218.732 190.767 1306 68.8873 55.5356 44.7564
-278 211.407 1274.19 62.2813 49.1712 37.9529
-163.549 278 1290.56 33.2426 84.3592 13.1673
-278 225.799 1217.9 23.8904 59.372 8.87553
18.0891 -278 1198.1 68.8873 55.5356 44.7564
278 165.186 1176.18 118.737 93.7428 72.3555
123.54 -165.973 931.329 83.3903 6.79268 0
-236.475 269.693 1306 68.8873 55.5356 44.7564
-229.452 -275.07 1306 68.8873 55.5356 44.7564
278 219.54 1055.62 68.8873 55.5356 44.7564
-275.477 -278 840.917 98.4464 8.18851 0
-278 -274.465 841.033 160.183 13.0479 0
-137.653 -223.401 832.574 93.5126 24.4839 0
278 194.772 966.105 68.8873 55.5356 44.7564
88.9805 -278 1259.63 68.8873 55.5356 44.7564
278 41.7553 1002.76 68.8873 55.5356 44.7564
134.093 125.279 1306 68.8873 55.5356 44.7564
-278 -74.0071 896.324 91.8809 72.5401 55.9902
-127.291 -24.0449 1306 19.6101 49.7643 7.76748
143.135 -278 1193.81 11.3535 28.2154 4.21793
-278 184.227 1003.67 68.8873 55.5356 44.7564
8.16838 45.7855 1306 68.8873 55.5356 44.7564
-35.1858 278 1213.17 50.3909 39.7837 30.7071
-278 -4.32678 1129.57 68.8873 55.5356 44.7564
-47.3933 143.562 1306 68.8873 55.5356 44.7564
39.3777 -278 1073.32 65.5205 51.7285 39.9267
278 -142.26 1158.18 61.9029 47.8613 35.3809
-64.8384 -278 972.062 102.763 8.19754 0
-278 155.336 1036.86 68.8873 55.5356 44.7564
278 -127.161 1213.29 36.7705 95.2831 15.5284
-278 -36.6937 1135.59 68.8873 55.5356 44.7564
73.5659 -278 1114.85 68.8873 55.5356 44.7564
278 -80.2383 1193.67 92.3136 72.8817 56.2538
-278 -37.8493 1183.96 184.065 14.9933 0
278 -36.1659 948.887 105.488 27.6193 0
278 -114.546 1192.32 68.8873 55.5356 44.7564
278 130.708 956.446 68.8873 55.5356 44.7564
278 217.125 1144.35 68.8873 55.5356 44.7564
-89.9014 -278 852.249 68.8873 55.5356 44.7564
278 62.7853 1271.18 71.8526 56.7277 43.7854
-278 244.791 1270.47 68.8873 55.5356 44.7564
-278 -74.7715 1085.98 68.8873 55.5356 44.7564
8.53073 -278 785.254 68.8873 55.5356 44.7564
278 206.626 779.735 68.8873 55.5356 44.7564
-278 -63.7571 886.726 68.8873 55.5356 44.7564
-278 179.327 1225.89 68.8873 55.5356 44.7564
278 0.111511 773.831 68.8873 55.5356 44.7564
-278 186.361 1020.25 68.8873 55.5356 44.7564
-278 -42.1404 1061.68 68.8873 55.5356 44.7564
98.6612 -278 1173.99 68.8873 55.5356 44.7564
-12.4983 -137.613 1306 86.9427 68.6413 52.9809
-278 -136.967 1254.51 33.107 25.5972 18.9224
278 116.128 1099.27 68.8873 55.5356 44.7564
95.5383 20.2141 1306 68.8873 55.5356 44.7564
278 212.205 1207.51 48.0194 37.9114 29.262
33.2171 -278 776.27 68.8873 55.5356 44.7564
-278 106.097 998.578 68.8873 55.5356 44.7564
-269.01 -123.112 1306 1.0046 2.60321 0.424249
-278 -113.171 1304.35 0.245584 0.623213 0.0972745
278 271.457 1028.6 68.8873 55.5356 44.7564
278 67.5277 1043.54 68.8873 55.5356 44.7564
155.915 267.266 1306 68.8873 55.5356 44.7564
-131.534 -278 865.433 68.8873 55.5356 44.7564
278 -169.549 919.816 68.8873 55.5356 44.7564
172.061 -117.293 920.906 123.555 10.277 0
278 -106.664 1024.66 81.461 6.63553 0
278 -35.4866 921.53 68.8873 55.5356 44.7564
194.993 -278 919.576 44.6146 3.71092 0
192.185 -270.725 935.583 36.4584 2.96977 0
278 -16.9682 845.616 68.8873 55.5356 44.7564
-84.1076 278 824.285 106.708 8.87572 0
-278 242.941 820.835 37.9674 3.09269 0
-240.134 278 842.601 15.9722 4.18191 0
247.62 205.991 1306 68.8873 55.5356 44.7564
-278 263.307 896.811 68.8873 55.5356 44.7564
-188.691 -278 1134.06 6.40434 16.5955 2.7046
-278 239.523 1019.74 68.8873 55.5356 44.7564
278 202.876 1301.94 68.8873 55.5356 44.7564
277.205 205.652 1306 21.9471 1.8255 0
-64.1522 169.628 1306 68.8873 55.5356 44.7564
0.467293 278 1197.23 89.9588 71.0226 54.8189
278 88.428 1250.42 100.233 77.4966 57.2884
148.184 10.1029 1306 161.155 12.8555 0
-278 -54.3886 891.932 68.8873 55.5356 44.7564
-95.0108 -78 1135.12 68.8873 55.5356 44.7564
278 190.697 955.284 68.8873 55.5356 44.7564
278 88.779 1181.8 68.8873 55.5356 44.7564
278 49.9078 1137.1 68.8873 55.5356 44.7564
-9.80243 200.671 1306 68.8873 55.5356 44.7564
-278 -0.559189 863.516 109.809 86.6946 66.9153
116.269 65.2397 1306 68.8873 55.5356 44.7564
278 -15.1415 870.305 127.273 100.482 77.5574
-278 -77.5386 907.546 252.4 20.5596 0
-269.967 -177.352 1306 3.07036 0.803894 0
243.983 93.808 1306 68.8873 55.5356 44.7564
232.035 278 1304.36 1.22126 0.96419 0.744211
85.0009 -278 1133.97 68.8873 55.5356 44.7564
-265.752 267.777 1306 68.8873 55.5356 44.7564
-278 263.328 1303.12 29.7643 23.4989 18.1377
278 211.194 1048.85 68.8873 55.5356 44.7564
168.185 199.127 1306 54.0589 4.49648 0
27.3185 278 1088.01 86.8844 7.0773 0
278 122.098 1101.85 91.6686 7.31251 0
-64.5626 -278 928.579 68.8873 55.5356 44.7564
278 81.6958 1066.2 96.1467 75.9079 58.5896
124.319 58.9518 1306 103.426 8.42471 0
-278 173.35 1048.2 108.534 8.65791 0
278 247.095 1066.5 68.8873 55.5356 44.7564
-206.38 216.312 1306 68.8873 55.5356 44.7564
-173.738 278 1293.31 24.6494 19.4607 15.0208
-50.0187 -78 1108.58 68.8873 55.5356 44.7564
-278 -4.71485 1045.24 40.7612 32.181 24.839
-205.567 278 1173.89 5.75984 14.6166 2.28144
-278 135.017 839.962 68.8873 55.5356 44.7564
-278 127.669 1109.51 68.8873 55.5356 44.7564
278 -194.14 950.184 68.8873 55.5356 44.7564
-236.666 -256.801 1306 68.8873 55.5356 44.7564
-278 -262.067 1301.97 13.2778 10.4828 8.09117
-278 83.4064 1255.89 68.8873 55.5356 44.7564
-172.075 278 1070.05 15.7009 40.6857 6.63061
138.626 89.3927 1306 68.8873 55.5356 44.7564
-171.045 -19.7968 1306 68.8873 55.5356 44.7564
278 -263.524 1305.95 0.0145188 0.0114626 0.00884745
278 200.621 1135.71 68.8873 55.5356 44.7564
265.135 278 1063.86 16.6619 1.38589 0
-278 146.561 922.286 68.8873 55.5356 44.7564
278 17.5273 824.926 41.1591 106.655 17.3818
133.241 278 800.423 39.8536 10.6551 0
-20.6241 -278 814.754 68.8873 55.5356 44.7564
6.91055 104.343 1306 84.5389 66.7436 51.5161
278 79.4133 1227.96 46.594 36.0249 26.631
-255.341 138.794 1306 68.8873 55.5356 44.7564
-278 146.977 1297.6 45.3434 35.7987 27.6313
-205.189 123.566 1306 68.8873 55.5356 44.7564
-278 69.3708 1216.46 96.754 76.3874 58.9597
-206.836 278 1100.58 17.2032 43.6562 6.8141
-147.226 72.7797 1306 23.8205 59.1982 8.84956
-278 82.4743 1095.32 68.8873 55.5356 44.7564
-115.942 -78 1132.24 30.066 77.9099 12.6971
100.669 -77.3283 1306 0.145337 0.36882 0.0575674
-2.21908 -182.109 1152.22 0.21022 0.522434 0.0780988
-249.787 232.291 1306 68.8873 55.5356 44.7564
-259.863 278 1288.63 47.9269 37.8383 29.2055
278 261.752 1199.2 68.8873 55.5356 44.7564
233.448 227.074 1306 50.8081 4.22609 0
122.65 278 1230.92 53.279 4.33992 0
278 232.57 1239.41 29.8675 2.38257 0
-168.786 178.612 1306 68.8873 55.5356 44.7564
-99.9168 278 1277.21 31.9152 25.1971 19.4484
-155.912 175.656 1306 68.8873 55.5356 44.7564
-278 20.2885 1262.05 29.916 23.6187 18.2301
-48.4981 234.761 1306 68.8873 55.5356 44.7564
81.768 243.068 1306 68.8873 55.5356 44.7564
278 248.983 1131.25 91.6029 72.3206 55.8208
264.15 278 1027.71 23.4033 1.90635 0
-278 170.047 852.753 8.7146 0.695174 0
-124.126 129.615 1306 68.8873 55.5356 44.7564
-136.221 278 1291.2 13.632 10.7625 8.30703
-278 259.634 1149.39 2.48661 1.92257 1.42123
-278 105.148 832.329 68.8873 55.5356 44.7564
86.7387 37.5587 1306 68.8873 55.5356 44.7564
278 145.51 1204.37 57.8604 45.6808 35.2588
-278 13.9324 975.748 104.551 8.51637 0
165.611 278 1011.42 55.7668 14.6011 0
-278 74.4249 1026.2 68.8873 55.5356 44.7564
34.6951 139.244 1306 68.8873 55.5356 44.7564
-267.784 -83.8215 1306 68.8873 55.5356 44.7564
-81.7512 278 1134.48 53.5213 42.2551 32.6147
244.977 264.879 1306 68.8873 55.5356 44.7564
278 245.775 1294.74 38.9947 30.7864 23.7625
-159.97 247.125 1306 68.8873 55.5356 44.7564
-150.937 278 1267.29 105.961 83.6561 64.57
-278 15.6401 1277.35 190.617 147.378 108.948
-39.7043 57.3996 1306 116.015 288.318 43.1007
-278 198.303 975.598 68.8873 55.5356 44.7564
89.2632 202.634 1306 68.8873 55.5356 44.7564
278 167.037 1188.86 71.7373 56.6367 43.7151
277.199 -278 971.306 0.231983 0.0188966 0
166.506 116.864 1306 0.346105 0.0276092 0
-278 212.217 1078.59 68.8873 55.5356 44.7564
-254.312 -10.476 1306 3.18111 8.24318 1.34341
-278 -48.9231 1285.75 2.60284 6.60517 1.03097
-278 54.0578 1111.86 68.8873 55.5356 44.7564
278 1.10764 906.252 68.8873 55.5356 44.7564
-278 -273.151 1067.74 119.57 9.94554 0
-150.564 -278 873.338 40.7794 10.9026 0
-278 -174.819 840.091 50.2985 13.1694 0
61.1188 -278 1079.94 68.8873 55.5356 44.7564
108.825 278 1298.74 127.798 100.896 77.877
-117.782 -78 1080.32 68.8873 55.5356 44.7564
-278 -74.891 935.753 1.98437 1.56667 1.20923
-278 -24.1024 1200 68.8873 55.5356 44.7564
-268.685 -21.4098 1306 3.75089 9.71966 1.58403
-278 204.987 1093.3 68.8873 55.5356 44.7564
-72.031 20.6125 1306 25.3114 65.5892 10.6892
-274.862 278 1232.37 11.097 28.1607 4.39548
-183.801 91.6627 1306 18.7914 46.6999 6.98119
-278 79.7408 882.588 68.8873 55.5356 44.7564
-278 -6.44559 834.83 68.8873 55.5356 44.7564
-278 207.392 1180.72 68.8873 55.5356 44.7564
150.297 -57.1967 1306 35.3867 91.6975 14.9441
18.7704 278 1209.72 18.2818 46.3933 7.24132
278 54.5569 940.019 18.7496 46.5961 6.96566
-128.563 -278 1025.15 68.8873 55.5356 44.7564
115.556 -276.957 919.062 0.53943 0.425881 0.328717
111.67 -278 920.646 0.669106 0.517331 0.38243
-170.984 239.443 1306 0.983074 0.744354 0.527004
-278 171.286 935.553 68.8873 55.5356 44.7564
278 237.569 907.929 42.5101 110.156 17.9523
-278 -173.756 835.321 67.976 18.1738 0
64.4692 -239.889 1306 68.8873 55.5356 44.7564
-278 -222.229 990.445 68.8873 55.5356 44.7564
168.815 -24.0486 1306 68.8873 55.5356 44.7564
278 -6.92565 1057.97 125.847 99.3562 76.6882
109.498 278 1057.97 128.121 10.4363 0
81.087 17.0903 1306 185.141 14.7689 0
-189.785 -278 802.916 68.8873 55.5356 44.7564
-137.346 -252.69 777.736 54.9665 43.3961 33.4954
278 -180.175 774.352 68.8873 55.5356 44.7564
167.454 -210.837 896.101 91.046 7.57297 0
105.185 193.105 1306 68.8873 55.5356 44.7564
-63.9053 -78 1088.61 77.5004 61.1867 47.227
278 100.384 871.29 68.8873 55.5356 44.7564
51.2571 278 902.817 107.816 8.96784 0
-278 -41.5233 1004.59 68.8873 55.5356 44.7564
-278 31.7037 923.474 68.8873 55.5356 44.7564
-38.7883 123.751 1306 68.8873 55.5356 44.7564
4.19181 181.142 1306 68.8873 55.5356 44.7564
83.5122 278 1194.24 91.7531 72.4392 55.9123
51.4651 217.436 1306 68.8873 55.5356 44.7564
175.03 278 1276.94 28.4695 22.4767 17.3487
172.664 276.147 1306 3.60996 2.7911 2.06329
-278 257.779 892.82 68.8873 55.5356 44.7564
-278 -172.666 1103.73 68.8873 55.5356 44.7564
-112.792 58.8969 1306 20.288 52.5723 8.5678
-278 154.911 1238.4 13.5327 34.3417 5.36024
-250.54 109.746 1306 2.69452 21.9787 0.693736
-172.86 169.229 1306 68.8873 55.5356 44.7564
-278 208.613 1019.33 128.287 101.282 78.175
-265.275 -278 1210.11 1.94266 4.92986 0.769479
87.8223 247.022 1306 68.8873 55.5356 44.7564
-278 181.425 982.66 68.8873 55.5356 44.7564
-26.9587 -278 1106.82 68.8873 55.5356 44.7564
278 19.6531 1253.11 68.8873 55.5356 44.7564
-54.9154 -278 956.688 85.5729 7.11773 0
-246.044 278 1134.38 154.929 12.6199 0
82.0494 271.187 1306 68.8873 55.5356 44.7564
278 -92.9217 1283.63 7.44185 5.87535 4.5349
-22.7791 -208.306 1172.78 13.1401 1.07035 0
-278 -91.6596 1078.85 68.8873 55.5356 44.7564
-22.6665 -260.238 1306 68.8873 55.5356 44.7564
130.544 -278 986.705 68.8873 55.5356 44.7564
278 260.455 848.977 129.014 101.857 78.6182
228.883 278 836.209 236.021 19.2254 0
-19.5178 -278 1256.9 68.8873 55.5356 44.7564
-73.6346 -267.239 1223.63 23.0105 18.1668 14.0221
-96.2086 -210.21 1306 18.9465 14.6488 10.829
-131.998 -278 1271.77 15.4516 11.6995 8.28328
278 124.17 1037.7 68.8873 55.5356 44.7564
278 230.19 803.917 68.8873 55.5356 44.7564
9.98645 -278 928.621 62.8079 5.22419 0
-22.5267 -240.489 1127.47 22.9899 1.87268 0
189.346 1.18304 1306 2.94878 0.235228 0
77.6073 -5.13983 1306 68.8873 55.5356 44.7564
-278 -41.8233 1280.37 9.85176 7.77798 6.00344
278 -9.19554 945.287 5.24361 13.3066 2.07697
-278 222.513 951.331 68.8873 55.5356 44.7564
278 128.165 933.003 68.8873 55.5356 44.7564
70.3501 87.6453 1306 68.8873 55.5356 44.7564
-8.14487 -278 1057.62 76.224 60.1789 46.4492
-278 218.506 1074.47 68.8873 55.5356 44.7564
264.172 -35.0422 1306 68.8873 55.5356 44.7564
-73.114 278 1126.83 49.988 39.4656 30.4616
88.2677 98.2826 1306 59.7439 46.192 34.1469
144.103 -278 1028.66 70.3931 53.2995 37.7362
188.374 -27.2284 1306 68.8873 55.5356 44.7564
278 126.215 1158.3 88.0661 69.5283 53.6655
-278 -223.129 1072.89 68.8873 55.5356 44.7564
278 214.949 1022.68 68.8873 55.5356 44.7564
257.757 278 1047.71 39.3954 3.2768 0
-66.3842 -196.873 779.972 68.8873 55.5356 44.7564
-278 -86.3137 1136.04 68.8873 55.5356 44.7564
-266.489 -278 906.291 1.64773 4.26975 0.695848
154.366 -278 785.597 68.8873 55.5356 44.7564
-82.3049 264.802 1306 68.8873 55.5356 44.7564
-278 69.112 1178.27 68.8873 55.5356 44.7564
-278 267.136 878.275 68.8873 55.5356 44.7564
-271.118 278 870.873 19.8774 51.5083 8.39438
-278 129.566 1174.01 68.8873 55.5356 44.7564
-195.559 -59.313 1306 14.4389 37.4154 6.09765
-278 -50.9549 1242.51 17.563 44.5693 6.95662
-104.697 -217.114 848.574 4.10518 33.4853 1.05693
83.595 -245.121 1306 68.8873 55.5356 44.7564
-0.730171 278 1107.92 48.2436 38.0884 29.3985
278 206.715 1134.03 23.8091 18.4084 13.6082
-39.6153 -278 946.64 68.8873 55.5356 44.7564
278 -145.937 966.565 52.807 41.6912 32.1794
278 198.488 1098.65 68.8873 55.5356 44.7564
44.1793 -108.529 1306 73.5336 6.11633 0
-93.2865 -221.997 1243.29 48.8102 3.9759 0
-278 234.287 885.931 68.8873 55.5356 44.7564
278 -214.842 825.549 68.8873 55.5356 44.7564
-30.9942 278 1098.36 66.2599 5.51132 0
-278 -42.4825 1257.66 97.6661 7.95553 0
7.13983 278 1077.46 37.242 9.75087 0
243.429 -278 912.602 68.8873 55.5356 44.7564
-193.984 261.567 1306 68.8873 55.5356 44.7564
-278 235.202 984.222 68.8873 55.5356 44.7564
278 27.4524 1198.04 37.7756 97.8876 15.9529
-167.241 -132.875 1306 68.8873 55.5356 44.7564
-278 -2.35571 1045.49 115.141 90.9042 70.1645
-69.8515 278 974.216 41.8446 106.188 16.5744
-278 103.45 750.987 68.8873 55.5356 44.7564
106.68 -278 1174.91 68.8873 55.5356 44.7564
-278 -240.359 905.445 11.0063 8.68947 6.70698
-278 151.835 1029.98 68.8873 55.5356 44.7564
278 -55.8188 1229.11 68.8873 55.5356 44.7564
-92.1826 -179.251 792.096 68.8873 55.5356 44.7564
18.2856 278 1258.71 80.9528 63.9123 49.3308
-278 -71.727 1134.93 119.261 92.2088 68.1643
113.221 -278 904.796 58.2301 144.712 21.6331
278 23.1859 1090.75 68.8873 55.5356 44.7564
21.4147 -278 926.803 82.5407 6.86552 0
-58.8441 -203.489 814.332 78.3554 6.38255 0
217.846 133.315 1306 68.8873 55.5356 44.7564
-278 -220.036 1093.42 68.8873 55.5356 44.7564
-264.671 -38.426 1306 2.04105 5.28896 0.86195
-173.022 -159.343 1176.98 2.64443 6.71071 1.04744
278 -214.484 1039.25 68.8873 55.5356 44.7564
-76.2362 -86.7902 1073.76 129.069 10.7357 0
109.385 -278 1088.61 116.787 9.51304 0
165.356 -227.969 1306 50.8115 4.05329 0
-278 236.922 950.751 68.8873 55.5356 44.7564
-230.971 142.421 1306 68.8873 55.5356 44.7564
278 202.091 1211.04 68.8873 55.5356 44.7564
4.89519 89.3324 1306 68.8873 55.5356 44.7564
-278 194.766 1042.29 68.8873 55.5356 44.7564
278 145.292 1160.32 41.7711 108.241 17.6402
-109.284 -278 992.68 68.8873 55.5356 44.7564
278 95.3986 1058.65 94.9162 74.9364 57.8398
278 188.156 880.701 68.8873 55.5356 44.7564
244.674 278 982.9 32.7732 2.72599 0
278 236.933 938.931 39.1373 3.18799 0
216.832 278 910.926 60.746 0.510524 0
-187.312 -116.488 1306 68.8873 55.5356 44.7564
-278 -183.692 1284.18 26.1431 20.64 15.931
-262.835 -192.394 1306 8.82347 22.3912 3.49494
278 163.508 1155.73 68.8873 55.5356 44.7564
-278 21.2958 1272.1 68.8873 55.5356 44.7564
278 14.0088 841.323 68.8873 55.5356 44.7564
-278 57.3641 885.172 136.935 11.3899 0
96.0655 271.497 1306 68.8873 55.5356 44.7564
278 138.844 1176.31 68.8873 55.5356 44.7564
271.993 278 1106.3 5.3085 0.441547 0
264.516 222.133 1306 2.85842 0.232837 0
278 192.991 1231.51 5.2498 0.418783 0
278 46.2019 1183.25 68.8873 55.5356 44.7564
52.8953 -87.8916 1306 68.8873 55.5356 44.7564
278 -113.052 1145.19 79.7578 62.9689 48.6026
98.1969 125.766 1306 84.4948 6.88265 0
278 -8.04951 1252.09 39.5194 3.15251 0
278 245.267 1071.97 68.8873 55.5356 44.7564
-278 -50.9521 903.841 68.8873 55.5356 44.7564
-8.97519 10.4105 1306 23.6431 61.2663 9.98467
278 263.812 974.874 68.8873 55.5356 44.7564
243.391 278 960.477 118.97 9.89561 0
-256.559 -278 819.41 68.8873 55.5356 44.7564
-278 -255.393 817.546 99.7859 78.7811 60.8073
278 160.157 1028.54 68.8873 55.5356 44.7564
-243.075 224.717 1306 68.8873 55.5356 44.7564
-224.23 278 1279.64 58.2341 45.9759 35.4866
-233.843 254.503 1306 74.7766 57.8147 42.7388
-278 244.62 1288.92 52.8222 39.9954 28.3168
-278 158.415 1180.1 68.8873 55.5356 44.7564
47.0125 278 819.645 27.8697 72.2187 11.7696
-38.9514 229.217 1306 5.47882 13.9035 2.17014
-29.6943 278 1293.62 2.65121 6.58872 0.98495
-278 -18.5191 763.346 68.8873 55.5356 44.7564
17.8999 224.449 1306 68.8873 55.5356 44.7564
35.8349 -278 1194.33 29.8722 23.5841 18.2034
-89.6894 -106.789 1239.69 47.1189 36.4307 26.931
152.739 278 1187.65 27.7155 20.9853 14.8577
-278 130.87 949.125 68.8873 55.5356 44.7564
278 148.703 1055.28 68.8873 55.5356 44.7564
-138.8 278 1151.52 128.5 10.6883 0
221.203 -278 1095.95 68.8873 55.5356 44.7564
278 -256.873 1107.72 47.1507 37.2255 28.7326
-153.966 -166.662 1306 68.8873 55.5356 44.7564
-278 -51.4626 1257.45 37.9862 29.9901 23.1479
-30.1695 278 1152.21 13.7669 34.936 5.45301
278 65.7215 1018.32 68.8873 55.5356 44.7564
114.967 3.64273 1306 68.8873 55.5356 44.7564
-278 199.896 1106.42 68.8873 55.5356 44.7564
278 -146.042 1073.78 68.8873 55.5356 44.7564
137.528 -278 1102.2 99.3422 8.26302 0
-7.7775 278 1261.8 185.218 15.0872 0
-278 219.354 1198.58 68.8873 55.5356 44.7564
-47.0549 220.081 1306 68.8873 55.5356 44.7564
278 -114.925 970.797 80.3627 63.4465 48.9712
-278 188.118 1079.05 68.8873 55.5356 44.7564
-259.524 -7.75223 1306 68.8873 55.5356 44.7564
-28.3119 -18.0786 1306 68.8873 55.5356 44.7564
-106.267 -78 1125.46 120.995 95.5255 73.7315
-89.5719 278 763.268 169.539 131.082 96.9008
-71.8913 200.353 1306 68.8873 55.5356 44.7564
278 271.409 1209.4 68.8873 55.5356 44.7564
278 83.686 964.299 68.8873 55.5356 44.7564
-278 111.062 995.193 68.8873 55.5356 44.7564
-278 205.361 1184.27 68.8873 55.5356 44.7564
-278 -182.899 1127.11 68.8873 55.5356 44.7564
-201.082 -278 1053.69 23.1115 59.8888 9.76017
-278 -95.718 884.609 68.8873 55.5356 44.7564
-278 140.287 1214.44 68.8873 55.5356 44.7564
66.7543 66.8682 1306 68.8873 55.5356 44.7564
278 17.5414 1293.84 7.70928 6.08649 4.69786
-278 -11.4605 1012.92 13.7469 1.11977 0
278 -183.027 802.236 68.8873 55.5356 44.7564
261.745 -278 965.384 11.8192 0.983093 0
278 -270.279 964.46 10.1279 0.824986 0
262.035 -278 993.267 9.55947 0.08034 0
-278 -2.15976 848.293 68.8873 55.5356 44.7564
278 -20.247 1012.76 41.0828 106.458 17.3496
-278 95.2849 1072.26 80.0092 21.3909 0
-104.257 278 1124.6 33.5889 28.8649 0
-1.47488 -55.1081 1306 68.8873 55.5356 44.7564
16.5385 -96.2281 1306 68.8873 55.5356 44.7564
278 249.76 761.484 68.8873 55.5356 44.7564
278 -55.0133 832.682 68.8873 55.5356 44.7564
278 96.6472 1165.05 68.8873 55.5356 44.7564
-22.3396 -78 1168.96 68.8873 55.5356 44.7564
33.235 -69.4451 1306 7.95645 6.28163 4.84848
-56.5251 37.664 1306 68.8873 55.5356 44.7564
-191.436 278 1177.25 58.3121 46.0375 35.5341
-278 250.123 1183.47 35.666 27.5758 20.3851
-255.945 278 1176.45 13.5086 33.5713 5.01858
-278 -81.1269 818.607 68.8873 55.5356 44.7564
-264.546 163.21 1306 68.8873 55.5356 44.7564
-213.553 278 1270.09 37.8701 29.8985 23.0772
-278 12.2286 890.776 68.8873 55.5356 44.7564
136.652 278 1124.99 32.5895 84.4491 13.7628
-21.5809 117.795 1306 68.8873 55.5356 44.7564
-117.433 -78 1207.37 56.7932 44.8383 34.6085
-81.7076 278 1131.07 110.533 85.4608 63.1758
-202.947 178.282 1306 93.7894 71.0145 50.2785
-10.724 -278 785.222 68.8873 55.5356 44.7564
-278 -252.021 978.12 68.8873 55.5356 44.7564
-188.705 -43.1822 1306 68.8873 55.5356 44.7564
-278 16.4662 1292.01 17.7988 14.0522 10.8462
278 61.1995 1096.48 68.8873 55.5356 44.7564
-11.1611 19.8044 1306 110.824 9.21808 0
278 -181.058 988.797 68.8873 55.5356 44.7564
190.627 -230.38 939.191 107.551 8.94581 0
-278 22.5867 1094.72 68.8873 55.5356 44.7564
-134.729 164.898 1306 68.8873 55.5356 44.7564
278 18.3347 1053.04 68.9056 54.401 41.9895
-12.4128 -119.223 1306 97.8628 7.97156 0
-86.1487 -190.248 770.286 68.8873 55.5356 44.7564
278 145.666 1076.32 68.8873 55.5356 44.7564
-278 174.914 1017.25 68.8873 55.5356 44.7564
91.174 -139.097 1306 68.8873 55.5356 44.7564
1.88061 -278 1234.27 54.8909 43.3364 33.4493
-34.3643 -248.112 1184.36 47.8707 37.0121 27.3607
278 -88.6524 919.911 7.38425 5.59114 3.95854
278 25.3836 1304.69 68.8873 55.5356 44.7564
19.7372 278 1202.08 94.7443 7.88058 0
278 106.288 1194.84 104.884 8.54352 0
110.366 278 994.292 112.44 0.944975 0
-278 14.0683 1238.99 68.8873 55.5356 44.7564
-278 177.225 914.427 68.8873 55.5356 44.7564
-35.097 -278 1081.35 68.8873 55.5356 44.7564
-278 -219.984 919.253 26.8466 21.1954 16.3597
-199.55 -278 1022.3 9.23443 23.434 3.65772
-278 -147.887 1040.38 68.8873 55.5356 44.7564
278 -254.531 907.557 68.8873 55.5356 44.7564
257.912 -278 911.763 88.7691 7.38358 0
278 -276.618 888.69 8.00757 0.652269 0
-278 194.762 1057.79 68.8873 55.5356 44.7564
-278 66.8811 1271.35 68.8873 55.5356 44.7564
278 -159.227 1084.82 68.8873 55.5356 44.7564
63.536 -278 1035.47 118.156 9.82789 0
278 101.555 1084.33 204.46 16.6545 0
41.3523 263.56 1306 68.8873 55.5356 44.7564
278 216.755 973.681 68.8873 55.5356 44.7564
61.3072 -104.993 1306 58.4473 4.8615 0
278 -13.9446 1168.11 59.1479 4.81798 0
-278 71.4229 1095.58 68.8873 55.5356 44.7564
216.827 250.195 1306 68.8873 55.5356 44.7564
-239.271 -228.184 1306 68.8873 55.5356 44.7564
-278 -188.197 1251.78 96.1328 75.897 58.5812
278 -133.321 1093.12 68.8873 55.5356 44.7564
104.538 -278 1163.42 101.023 8.40282 0
-31.5795 173.021 1306 185.136 15.0806 0
123.876 278 1296.95 17.8363 1.42282 0
278 170.496 1146.62 68.8873 55.5356 44.7564
278 -202.015 971.176 68.8873 55.5356 44.7564
-90.4312 222.32 1306 68.8873 55.5356 44.7564
-116.305 278 1281.67 50.764 40.0783 30.9345
-111.297 256.042 1306 67.2349 51.9838 38.4284
133.748 -278 1013.08 59.9945 45.426 32.1617
-278 -42.7495 955.927 68.8873 55.5356 44.7564
-118.065 -170.486 1068.06 29.3729 76.1138 12.4044
278 87.6303 1096.51 68.8873 55.5356 44.7564
-278 225.574 777.882 68.8873 55.5356 44.7564
-70.6287 57.7248 1306 68.8873 55.5356 44.7564
208.959 -278 1138.25 68.8873 55.5356 44.7564
278 -245.261 1099.06 52.5245 41.4681 32.0072
-249.751 -65.5805 1306 68.8873 55.5356 44.7564
278 190.012 1092.57 47.1224 37.2032 28.7153
278 236.292 1082.93 68.8873 55.5356 44.7564
207.009 278 1121.07 107.783 8.96513 0
180.148 89.925 1306 152.918 12.4562 0
-20.5457 -209.925 1129.45 134.417 10.7226 0
-236.779 40.4017 1306 68.8873 55.5356 44.7564
-278 184.159 859.981 68.8873 55.5356 44.7564
-278 245.296 1021.8 68.8873 55.5356 44.7564
181.839 -27.4797 1306 68.8873 55.5356 44.7564
-96.548 211.646 1306 68.8873 55.5356 44.7564
-68.6099 -78 1155.59 63.2619 49.9454 38.5504
-278 -10.7644 1170.87 38.5885 29.8354 22.0554
278 4.66138 757.668 68.8873 55.5356 44.7564
-74.9868 -278 1065.95 68.8873 55.5356 44.7564
-278 207.796 769.478 68.8873 55.5356 44.7564
-152.032 278 866.929 31.0222 80.3876 13.1009
-128.382 -278 855.138 68.8873 55.5356 44.7564
-278 -169.67 755.873 71.1734 56.1915 43.3715
-278 193.588 1172.9 68.8873 55.5356 44.7564
-274.439 278 1155.55 1.76955 4.58542 0.747293
233.12 -278 1123.02 2.61135 6.62678 1.03434
23.3898 -278 1156.92 68.8873 55.5356 44.7564
-16.4109 -263.628 1166.41 45.6593 36.048 27.8237
278 -267.725 1136.91 57.8051 44.6929 33.0387
256.388 -278 1140.8 103.055 8.22079 0
55.1077 -278 872.338 68.8873 55.5356 44.7564
278 175.838 862.403 68.8873 55.5356 44.7564
-109.833 184.868 1306 68.8873 55.5356 44.7564
-212.404 -278 1009.09 68.8873 55.5356 44.7564
278 -145.684 977.849 35.8219 28.2814 21.8291
45.3461 191.54 1306 68.8873 55.5356 44.7564
-278 125.316 1185.38 47.2895 37.3351 28.8172
-278 -264.074 1274.82 68.8873 55.5356 44.7564
-270.474 -278 1272.37 20.1371 52.1811 8.50403
-278 -277.247 1274.73 3.82447 9.70529 1.51485
278 169.808 951.572 68.8873 55.5356 44.7564
-278 240.911 852.43 134.573 11.1934 0
-246.252 123.644 1306 68.8873 55.5356 44.7564
-278 208.202 1150.83 68.8873 55.5356 44.7564
215.537 -278 787.069 27.0349 70.0554 11.417
278 -221.573 801.18 35.7466 90.7134 14.159
242.543 -278 774.446 35.3022 9.24298 0
139.542 249.707 1306 68.8873 55.5356 44.7564
56.7302 -278 821.969 68.8873 55.5356 44.7564
-278 254.403 1000.97 68.8873 55.5356 44.7564
98.1515 116.437 1306 68.8873 55.5356 44.7564
213.106 -278 1104.01 60.7876 47.9919 37.0426
278 -197.273 1197.04 70.4945 54.504 40.2914
-278 10.8238 1030.15 127.116 10.1402 0
-137.377 -278 930.485 68.8873 55.5356 44.7564
211.785 12.408 1306 68.8873 55.5356 44.7564
250.853 278 1141.29 72.0532 56.8861 43.9076
278 194.138 1129.52 135.896 105.07 77.6717
-146.068 229.099 1306 68.8873 55.5356 44.7564
-278 246.236 1151.06 104.528 82.5253 63.6973
-270.114 278 1140.1 14.8601 37.7103 5.88604
-21.729 -11.8012 1306 20.6955 51.4319 7.68857
278 29.0907 1032.33 68.8873 55.5356 44.7564
-278 -179.305 906.079 126.189 10.4961 0
-94.3859 -78 1057.55 68.8873 55.5356 44.7564
-278 213.771 1237.01 68.8873 55.5356 44.7564
-222.331 111.612 1306 17.6416 45.7145 7.45016
278 140.793 925.563 21.3328 54.1359 8.44983
59.1445 -278 1174.4 68.8873 55.5356 44.7564
223.321 278 1074.98 130.233 102.819 79.3611
-274.619 -278 770.685 179.671 138.916 102.692
278 195.458 900.536 230.159 174.27 123.383
-115.577 -278 1033.7 68.8873 55.5356 44.7564
278 -108.166 1116.29 53.6005 42.3177 32.663
-73.454 117.901 1306 68.8873 55.5356 44.7564
-160.826 278 1225.51 55.6271 43.9176 33.8979
0.21991 241.591 1306 22.0516 17.0496 12.6037
-96.3605 -78 1182.46 15.3052 11.5886 8.20476
278 -102.169 876.072 68.8873 55.5356 44.7564
135.749 -140.109 901.485 68.8873 55.5356 44.7564
30.9512 278 924.031 36.5466 28.8536 22.2707
278 77.593 1218.14 33.8114 26.1418 19.325
278 243.337 850.044 68.8873 55.5356 44.7564
-278 173.58 958.718 68.8873 55.5356 44.7564
278 41.569 984.187 41.6625 107.96 17.5944
-278 -29.594 972.932 82.6341 22.0927 0
-278 221.873 1152.97 68.8873 55.5356 44.7564
-172.002 -9.63562 1306 68.8873 55.5356 44.7564
278 -141.541 1279.48 7.77987 6.14221 4.74088
275.406 -278 1148.27 0.213128 0.0173606 0
278 232.786 1155.38 68.8873 55.5356 44.7564
276.67 278 1190.99 3.18233 0.264698 0
35.7603 -278 1058.05 68.8873 55.5356 44.7564
109.141 266.584 1306 68.8873 55.5356 44.7564
-278 64.0494 1169.07 41.2033 32.53 25.1083
278 148.617 1023.42 68.8873 55.5356 44.7564
267.574 278 983.222 10.5703 0.87921 0
278 -36.689 1012.8 68.8873 55.5356 44.7564
-58.736 -278 1039.13 111.763 9.29611 0
106.086 -263.664 947.611 16.9485 1.38056 0
180.966 -112.258 1306 32.3745 2.58255 0
278 -7.73199 876.911 68.8873 55.5356 44.7564
-278 -115.784 852.689 135.121 11.239 0
257.061 -278 1143.95 68.8873 55.5356 44.7564
169.369 26.2044 1306 117.843 93.0374 71.8111
278 -5.77307 1252.8 100.21 77.4793 57.2757
155.927 278 1117.91 72.5808 5.78986 0
-46.1579 -78 1110.32 68.8873 55.5356 44.7564
-172.416 216.032 1306 68.8873 55.5356 44.7564
278 46.2181 1257.18 68.8873 55.5356 44.7564
251.674 -23.2089 1306 40.8144 3.39484 0
-278 -193.933 881.959 68.8873 55.5356 44.7564
-239.411 -206.8 1306 3.88283 10.0615 1.63975
-278 -214.825 1274.89 4.81129 12.2095 1.90573
-116.063 -198.243 763.169 68.8873 55.5356 44.7564
278 140.249 904.263 68.8873 55.5356 44.7564
236.421 278 829.004 35.2774 2.93428 0
177.957 272.229 1306 0.847097 0.0690016 0
-278 58.8877 1004.5 68.8873 55.5356 44.7564
278 143.066 1109.22 41.6639 107.963 17.595
274.083 114.343 1306 68.8873 55.5356 44.7564
278 112.86 1297.42 123.817 97.7537 75.4513
-278 97.0686 889.59 68.8873 55.5356 44.7564
239.698 -44.3578 1306 68.8873 55.5356 44.7564
-2.98907 -278 895.716 68.8873 55.5356 44.7564
136.655 -238.597 883.258 37.2771 29.4303 22.7159
-69.0147 198.045 1306 68.8873 55.5356 44.7564
9.94975 278 1111.81 119.246 94.1451 72.6661
-278 235.065 982.382 32.1385 24.8484 18.3689
-251.244 278 992.676 10.3637 25.7557 3.85023
278 37.8891 1197.53 68.8873 55.5356 44.7564
-278 120.123 886.72 68.8873 55.5356 44.7564
142.843 -59.2758 900.768 68.8873 55.5356 44.7564
-278 62.3839 1087.28 68.8873 55.5356 44.7564
278 -31.9489 926.947 40.6485 105.332 17.1662
269.297 -278 981.199 2.80627 0.750272 0
278 43.4133 1170.08 68.8873 55.5356 44.7564
105.838 -59.9297 1306 97.823 8.13666 0
-0.982521 -278 1136.94 111.787 9.10579 0
-18.1903 278 1141.13 223.461 17.8258 0
278 -74.0898 941.802 68.8873 55.5356 44.7564
-278 6.46699 1087.94 131.959 10.976 0
-278 136.553 948.059 68.8873 55.5356 44.7564
-234.902 278 947.922 12.4929 32.3729 5.27587
1.00301 256.938 1306 68.8873 55.5356 44.7564
269.572 -278 1260.71 68.8873 55.5356 44.7564
31.2783 278 1197.93 125.958 99.4436 76.7557
278 -85.5247 921.163 68.8873 55.5356 44.7564
278 208.718 1018.52 68.8873 55.5356 44.7564
-278 168.264 1167.48 68.8873 55.5356 44.7564
-278 84.9765 1222.46 68.8873 55.5356 44.7564
-93.9234 -278 912.806 68.8873 55.5356 44.7564
95.5826 223.878 1306 103.959 82.0757 63.3503
65.8321 -278 1249.09 23.3842 18.0799 13.3653
156.653 -170.275 1306 68.8873 55.5356 44.7564
278 140.619 1094.51 68.8873 55.5356 44.7564
-166.477 65.5961 1306 68.8873 55.5356 44.7564
-278 175.669 1061.49 68.8873 55.5356 44.7564
278 126.645 1207.43 68.8873 55.5356 44.7564
278 188.007 1282.39 68.8873 55.5356 44.7564
-223.893 -278 946.341 68.8873 55.5356 44.7564
278 -194.84 1060.3 21.9765 17.3505 13.392
274.329 -278 792.814 0.575953 0.0469151 0
-155.958 -78 1117.27 68.8873 55.5356 44.7564
-221.781 -9.09808 1306 44.8996 35.4483 27.3608
-278 145.436 1288.64 68.8873 55.5356 44.7564
-233.891 271.447 1306 14.043 36.3895 5.93045
-238.403 278 1304.92 3.78036 9.59336 1.49738
278 178.287 962.584 68.8873 55.5356 44.7564
270.904 278 1171.25 4.22485 0.351412 0
278 102.14 972.013 68.8873 55.5356 44.7564
278 139.497 907.56 68.8873 55.5356 44.7564
278 160.05 836.623 68.8873 55.5356 44.7564
143.385 278 772.532 97.5574 8.11457 0
-278 173.871 1167.77 34.6091 2.81914 0
278 251.716 893.05 68.8873 55.5356 44.7564
-278 146.168 1006.77 68.8873 55.5356 44.7564
272.416 278 920.21 41.2051 106.775 17.4012
278 275.179 921.973 35.7682 90.7683 14.1676
229.868 278 989.918 41.3276 10.8206 0
278 54.1803 834.587 68.8873 55.5356 44.7564
196.022 278 775.639 45.9982 3.82601 0
-170.327 -78 1178.62 68.8873 55.5356 44.7564
-278 214.125 955.383 68.8873 55.5356 44.7564
-129.316 159.659 1306 68.8873 55.5356 44.7564
-278 -77.3408 1034.45 95.9558 75.7572 58.4733
-103.872 -158.138 1053.87 53.8844 136.742 21.3434
-278 -267.562 1000.96 81.4728 202.474 30.268
278 232.277 1131.83 68.8873 55.5356 44.7564
169.82 278 1121.84 126.448 10.5176 0
278 166.203 1124.11 181.72 14.8023 0
-1.82655 198.195 1306 68.8873 55.5356 44.7564
-278 193.966 1244.96 68.8873 55.5356 44.7564
35.1116 -278 963.164 68.8873 55.5356 44.7564
211.493 71.7041 1306 68.8873 55.5356 44.7564
278 27.0329 976.962 133.864 105.685 81.5734
215.794 150.509 1306 68.8873 55.5356 44.7564
278 188.52 834.829 68.8873 55.5356 44.7564
278 161.431 825.651 68.8873 55.5356 44.7564
132.033 278 982.301 82.4909 6.86137 0
135.127 140.06 1306 68.8873 55.5356 44.7564
278 -103.753 967.739 105.733 83.4761 64.4311
257.317 204.805 1306 9.54282 0.777324 0
-278 -253.243 773.778 11.5041 0.917699 0
-33.4475 -143.683 1306 68.8873 55.5356 44.7564
278 -23.9549 1263.65 17.3488 13.6969 10.572
-16.5937 121.612 1306 68.8873 55.5356 44.7564
30.2555 278 1202.73 73.6547 58.1505 44.8835
278 165.766 890.156 39.9024 30.8512 22.8064
-278 248.241 799.716 68.8873 55.5356 44.7564
-269.286 278 865.47 5.13732 13.3123 2.16953
-2.78867 264.483 1306 0.269645 0.684272 0.106805
-0.531858 278 1303.03 0.114171 0.283736 0.0424158
-278 -137.323 978.665 68.8873 55.5356 44.7564
-278 171.677 1225.02 68.8873 55.5356 44.7564
-240.705 278 1295.27 12.0395 31.1978 5.08436
-238.35 266.517 1306 17.3948 44.1426 6.89001
-255.078 278 1303.67 3.96384 9.85086 1.47261
-137.781 140.395 1306 68.8873 55.5356 44.7564
-49.221 -78 1101.87 90.2026 71.2151 54.9675
278 -163.208 1127.27 68.8873 55.5356 44.7564
161.963 -77.9713 916.662 62.6639 5.21222 0
13.5044 228.103 1306 68.8873 55.5356 44.7564
-45.362 -131.719 1195.36 40.0056 31.5845 24.3785
8.88894 -133.828 1306 75.695 58.5249 43.2638
-75.4806 246.23 1306 68.8873 55.5356 44.7564
-55.5643 278 1301.61 16.0313 12.6567 9.76913
-58.2026 -78 1143.17 29.292 22.6476 16.742
-2.92912 278 1214.97 56.7739 42.9875 30.4353
-278 -30.7212 1179.9 68.8873 55.5356 44.7564
-278 119.729 969.032 68.8873 55.5356 44.7564
-278 228.708 1161.2 68.8873 55.5356 44.7564
278 93.0368 886.173 68.8873 55.5356 44.7564
186.933 -278 778.254 68.8873 55.5356 44.7564
278 -177.621 805.54 100.032 78.9754 60.9572
223.082 6.55026 1306 68.8873 55.5356 44.7564
-278 91.0719 1293.93 68.8873 55.5356 44.7564
17.632 271.755 1306 68.8873 55.5356 44.7564
27.7566 278 1301.09 52.5844 41.5154 32.0437
-26.9832 273.632 1306 68.8873 55.5356 44.7564
-22.2322 278 1304.02 40.4012 31.8968 24.6196
149.147 -48.985 911.831 68.8873 55.5356 44.7564
44.6316 278 1287.59 114.886 90.7023 70.0087
8.89269 -230.391 1306 68.8873 55.5356 44.7564
139.257 -278 1145.85 104.118 82.201 63.4469
-278 118.419 958.037 136.35 105.422 77.9316
-258.638 -82.3346 1306 4.0843 10.1502 1.51736
-80.994 -225.127 1306 68.8873 55.5356 44.7564
278 -139.941 1182.52 43.7241 34.5202 26.6445
-278 -258.026 1292.63 83.9791 6.84064 0
-264.858 -251.534 1306 34.612 9.06226 0
-197.92 -89.8164 1306 68.8873 55.5356 44.7564
-112.041 -152.272 1237.96 74.3305 58.684 45.2954
-126.128 -107.715 1306 104.589 80.8651 59.7785
278 -90.2697 1006.92 124.361 94.1621 66.667
-196.002 -120.045 1306 68.8873 55.5356 44.7564
278 16.6296 1173.66 68.8873 55.5356 44.7564
-278 -115.619 878.454 119.087 9.90531 0
-233.71 278 867.643 8.28207 2.21426 0
-16.9447 132.423 1306 68.8873 55.5356 44.7564
-278 150.805 1144.27 72.43 57.1836 44.1372
278 -27.7712 1075.48 42.6141 108.141 16.8793
191.738 -278 971.648 25.858 6.77025 0
-278 225.917 1103.87 68.8873 55.5356 44.7564
40.42 134.025 1306 68.8873 55.5356 44.7564
218.036 278 1143.76 79.7293 62.9464 48.5852
278 194.192 1289.12 75.0015 57.9887 42.8674
259.061 278 1287.52 33.0578 2.63706 0
-16.562 -212.395 1306 68.8873 55.5356 44.7564
-270.113 111.237 1306 68.8873 55.5356 44.7564
-119.68 -170.798 1230.32 31.742 25.0604 19.3429
-251.029 -278 1279.11 45.835 35.4381 26.1972
-181.418 -257.906 1168.58 13.9377 10.5532 7.47171
-278 24.0313 992.007 68.8873 55.5356 44.7564
-219.135 -45.9973 1306 68.8873 55.5356 44.7564
-150.214 -278 1248.84 31.6697 25.0033 19.2988
-131.852 -242.839 1306 32.0074 24.7471 18.294
260.571 278 1290.48 1.52292 1.15311 0.816403
-36.1097 -166.935 1306 68.8873 55.5356 44.7564
-86.7018 -212.833 1236.7 98.1183 77.4645 59.7911
-79.0803 246.394 1306 68.8873 55.5356 44.7564
-109.567 -278 845.936 90.7748 71.6668 55.3161
28.9151 -278 1017.61 68.8873 55.5356 44.7564
-11.7368 278 1136.99 134.362 106.079 81.877
-278 137.71 1045.22 68.8873 55.5356 44.7564
-166.427 278 1037.36 26.6545 69.0698 11.2564
-278 207.938 1001.21 27.3389 69.3775 10.8288
278 -14.5626 951.365 68.8873 55.5356 44.7564
176.023 278 1008.69 44.5902 3.7089 0
278 -77.9082 817.952 76.211 6.20788 0
278 212.114 1113.29 68.8873 55.5356 44.7564
102.368 194.792 1306 68.8873 55.5356 44.7564
278 178.336 1105.92 68.8873 55.5356 44.7564
171.375 -39.3425 1306 68.8873 55.5356 44.7564
-278 164.716 1302.34 68.8873 55.5356 44.7564
-277.108 169.179 1306 6.54908 16.9706 2.76572
278 139.71 964.855 6.851 17.3857 2.71365
267.357 -67.8956 1306 0.365022 0.0955716 0
86.4165 247.436 1306 68.8873 55.5356 44.7564
128.194 -151.821 928.97 94.3205 74.4662 57.4768
278 -148.89 995.953 76.4944 59.1429 43.7207
141.272 -278 993.055 111.22 8.87218 0
212.172 266.621 1306 68.8873 55.5356 44.7564
53.5362 -278 937.393 75.0699 59.2678 45.7459
-278 -273.83 759.389 1.66346 1.28613 0.950755
-273.99 -278 759.604 0.716871 1.78155 0.266325
248.886 27.1184 1306 68.8873 55.5356 44.7564
-278 -86.1639 785.21 68.8873 55.5356 44.7564
-262.292 -278 851.183 3.30887 8.57426 1.39736
-278 -271.723 843.129 2.2171 5.6263 0.878184
-268.854 -278 830.123 0.738062 6.02025 0.190023
-91.8243 -78 1196.7 68.8873 55.5356 44.7564
-89.3625 -2.01299 1306 78.6318 62.0799 47.9164
278 -26.2178 1268.58 15.9017 12.2946 9.08866
231.677 -46.5016 1306 23.4186 1.86813 0
-72.479 60.5743 1306 68.8873 55.5356 44.7564
278 175.004 1235.05 26.0368 20.5561 15.8663
170.453 278 1061.84 24.5175 1.99711 0
278 207.152 872.835 15.1897 1.2117 0
-236.577 240.362 1306 68.8873 55.5356 44.7564
-123.902 -123.384 1226.1 28.2928 22.3372 17.241
-195.18 -278 1206.73 12.1217 9.37207 6.92819
-170.889 -264.413 1179.11 8.39987 6.36013 4.50299
-278 -226.444 1009.21 68.8873 55.5356 44.7564
-30.1202 -259.149 1306 68.8873 55.5356 44.7564
123.749 -278 766.712 68.8873 55.5356 44.7564
-26.9763 186.496 1306 68.8873 55.5356 44.7564
278 85.9264 1171.84 53.1092 41.9298 32.3636
-88.2639 86.7939 1306 99.738 8.1243 0
-52.2957 -278 755.13 68.8873 55.5356 44.7564
278 143.846 1032.35 68.8873 55.5356 44.7564
-278 -2.98676 1076.66 68.8873 55.5356 44.7564
-228.812 -278 1128.69 7.4189 19.2246 3.13306
213.443 -278 1144.37 68.8873 55.5356 44.7564
249.853 141.404 1306 68.8873 55.5356 44.7564
146.471 -278 1039.73 72.2965 57.0782 44.0559
-278 85.8567 1002.98 68.8873 55.5356 44.7564
-167.236 278 965.449 21.1068 54.694 8.91357
-278 226.738 948.149 17.5542 44.5469 6.95313
278 215.046 1026.63 68.8873 55.5356 44.7564
278 192.911 1233.54 68.8873 55.5356 44.7564
215.433 278 1163.52 68.0252 5.65816 0
278 168.442 1128.96 113.944 9.28146 0
-211.22 60.4692 1306 68.8873 55.5356 44.7564
-176.978 278 1127.1 86.8738 68.587 52.9389
-178.303 275.505 1306 2.42225 1.8728 1.38444
-174.811 278 1304.62 1.48472 1.12418 0.795925
130.6 201.63 1306 68.8873 55.5356 44.7564
190.39 278 1166.69 113.07 89.2691 68.9025
196.351 266.464 1306 18.6434 14.4144 10.6557
278 56.7515 1224.65 68.8873 55.5356 44.7564
278 269.905 972.947 68.8873 55.5356 44.7564
276.414 278 978.422 22.0696 1.83569 0
278 275.647 981.09 26.6605 2.17167 0
-278 165.504 1246.15 47.38 0.398193 0
-278 -84.1864 1078.59 68.8873 55.5356 44.7564
-66.6925 203.135 1306 68.8873 55.5356 44.7564
278 262.792 1236.74 26.7566 21.1243 16.3048
131.257 -49.4616 1306 68.8873 55.5356 44.7564
-278 100.189 1193.94 34.3146 27.0914 20.9105
-278 158.246 1085.75 68.8873 55.5356 44.7564
271.459 -278 1089.82 33.5687 86.9865 14.1763
26.1385 253.135 1306 68.8873 55.5356 44.7564
46.6838 278 1305.06 4.00804 3.16435 2.44241
278 80.881 1302.67 5.19909 4.01976 2.97156
-203.342 106.534 1306 68.8873 55.5356 44.7564
158.455 237.45 1306 68.8873 55.5356 44.7564
228.536 278 1254.21 74.2395 58.6122 45.2399
200.518 266.153 1306 29.2846 22.6419 16.7377
278 204.096 1278.69 15.538 11.7649 8.32958
-278 -63.0854 1265.79 68.8873 55.5356 44.7564
278 -141.475 796.798 68.8873 55.5356 44.7564
-278 199.643 1107.95 68.8873 55.5356 44.7564
278 168.433 1124.07 68.8873 55.5356 44.7564
23.2598 69.5331 1306 106.909 8.89238 0
-278 262.542 1264.97 68.8873 55.5356 44.7564
60.2991 149.898 1306 68.8873 55.5356 44.7564
278 -13.5663 1304.37 0.824494 0.650939 0.502428
-149.067 249.745 1306 68.8873 55.5356 44.7564
-278 197.667 1070.74 118.606 93.6394 72.2757
-94.8699 6.38312 1306 68.8873 55.5356 44.7564
-278 -233.297 1288.03 68.8873 55.5356 44.7564
-278 266.172 1143.02 68.8873 55.5356 44.7564
-141.848 248.096 1306 27.3814 70.9532 11.5634
129.816 -267.5 1306 68.8873 55.5356 44.7564
37.9717 -194.059 1306 68.8873 55.5356 44.7564
-196.282 278 1130.75 43.4749 34.3235 26.4926
-140.898 -104.25 1306 78.3625 60.5873 44.7884
-105.069 -278 1252.12 45.5442 34.4847 24.4152
-81.5114 24.7335 1306 68.8873 55.5356 44.7564
-278 -107.771 972.417 68.8873 55.5356 44.7564
-141.885 -221.212 1306 15.446 40.0251 6.52296
278 203.991 1117.06 68.8873 55.5356 44.7564
251.681 278 1030.44 31.0099 2.57932 0
236.255 -278 1118.32 68.8873 55.5356 44.7564
-98.9838 -197.436 839.558 68.8873 55.5356 44.7564
278 34.5811 783.321 32.418 25.5941 19.7548
-278 260.668 1159.02 68.8873 55.5356 44.7564
-272.025 278 1159.84 13.9554 36.1627 5.89349
-278 275.466 1167.08 7.26699 18.4413 2.87842
-277.217 278 1166.14 1.25815 10.2625 0.323925
-278 216.567 1192.46 68.8873 55.5356 44.7564
-143.929 277.892 1306 30.8823 80.0251 13.0418
-278 24.6173 1187.63 23.5798 59.8381 9.33986
-217.432 -278 887.931 2.06569 16.8495 0.531838
278 240.946 1078.61 68.8873 55.5356 44.7564
255.851 278 1062.01 65.9778 5.48786 0
278 276.599 1029.14 4.66116 0.379682 0
276.723 278 1030 5.72345 0.0481013 0
278 274.861 904.118 68.8873 55.5356 44.7564
-278 140.991 1050.28 68.8873 55.5356 44.7564
-278 17.0282 992.065 68.8873 55.5356 44.7564
278 83.5927 1117.4 68.8873 55.5356 44.7564
203.888 278 1253.53 41.0674 3.41588 0
-278 74.3763 1286.68 68.8873 55.5356 44.7564
278 -82.3477 1016.4 37.3676 96.8304 15.7806
76.0149 -278 1194.88 45.3223 12.1172 0
278 51.6906 1245.22 76.6453 20.0676 0
261.973 141.506 1306 68.8873 55.5356 44.7564
-129.553 278 1145.37 49.7687 39.2924 30.3279
-198.294 46.1611 1306 79.4916 61.4603 45.4338
-278 -35.5383 917.802 152.527 115.489 81.7663
-9.44912 -278 966.774 68.8873 55.5356 44.7564
278 -251.321 1294.26 8.41952 6.64722 5.13067
133.244 278 1171.77 4.33525 0.353134 0
200.438 -278 798.878 7.16496 0.571557 0
79.6844 248.049 1306 68.8873 55.5356 44.7564
278 -9.62103 782.044 68.8873 55.5356 44.7564
-218.124 172.983 1306 68.8873 55.5356 44.7564
241.944 -269.839 1306 68.8873 55.5356 44.7564
132.69 278 889.947 82.295 64.972 50.1487
278 -140.404 1250.13 120.629 93.2663 68.946
250.339 -100.044 1306 89.8545 7.16779 0
-184.375 83.5422 1306 68.8873 55.5356 44.7564
-278 -146.185 1289.03 9.40324 7.42387 5.73012
278 -75.526 867.803 68.8873 55.5356 44.7564
-278 62.3929 812.945 133.113 11.072 0
-48.3285 166.762 1306 34.3466 9.18276 0
60.0421 219.39 1306 68.8873 55.5356 44.7564
130.687 278 1223.4 92.1612 72.7614 56.161
102.077 -278 1263.91 68.8873 55.5356 44.7564
-42.0837 -76.3473 1306 68.8873 55.5356 44.7564
-251.118 278 1055.25 71.7027 56.6093 43.694
-130.069 178.925 1306 68.8873 55.5356 44.7564
10.7677 278 1203.63 70.4064 55.586 42.9041
-134.006 240.35 1306 29.2475 22.6132 16.7165
278 -16.0002 1277.6 3.41793 2.58795 1.83228
-176.484 -278 954.011 68.8873 55.5356 44.7564
-278 -268.945 935.069 12.0337 9.50061 7.33306
278 234.435 777.647 5.43232 13.7855 2.15172
-184.743 -73.8096 1306 68.8873 55.5356 44.7564
-132.022 141.847 1306 68.8873 55.5356 44.7564
-278 196.769 1257.07 41.2426 32.561 25.1323
-81.2124 71.4104 1306 68.8873 55.5356 44.7564
278 168.52 921.087 68.8873 55.5356 44.7564
-20.1269 -271.727 1129.87 71.9065 5.981 0
-10.49 -278 1123.65 123.36 10.0485 0
-29.9265 -264.805 1120.07 136.997 10.9284 0
10.4346 -278 1268.15 68.8873 55.5356 44.7564
278 -220.118 1035.22 22.1863 17.5161 13.5198
153.186 278 753.254 9.45365 0.770061 0
-50.5389 -278 805.659 68.8873 55.5356 44.7564
-278 269.045 1097.75 68.8873 55.5356 44.7564
-142.601 94.1127 1306 68.8873 55.5356 44.7564
-278 -165.987 1104.69 77.979 61.5645 47.5186
-278 73.9113 1117.36 68.8873 55.5356 44.7564
-234.019 107.152 1306 9.59222 24.8563 4.05087
198.538 -278 1179.55 4.09203 10.3843 1.62083
237.133 -278 1197.68 68.8873 55.5356 44.7564
278 -214.79 1167.43 107.352 84.7543 65.4177
212.303 -278 1176.32 153.987 12.5433 0
278 -277.218 1275.12 2.02967 0.161909 0
-113.53 243.864 1306 68.8873 55.5356 44.7564
-278 -16.6146 1151.02 68.8873 55.5356 44.7564
-227.426 255.281 1306 68.8873 55.5356 44.7564
-225.978 278 1301.78 25.0969 19.814 15.2935
-61.8415 -49.8134 1306 68.8873 55.5356 44.7564
278 160.588 1098.79 63.4102 50.0624 38.6407
140.915 -278 1120.38 37.7922 3.07842 0
-60.3114 -236.561 1089.69 15.0778 1.20278 0
91.841 -141.926 1306 68.8873 55.5356 44.7564
278 -88.827 1072.74 68.8873 55.5356 44.7564
-278 18.897 1234.41 68.8873 55.5356 44.7564
-278 30.8512 843.747 68.8873 55.5356 44.7564
-108.933 -78 1064.41 68.8873 55.5356 44.7564
164.034 -278 1051.54 68.8873 55.5356 44.7564
278 -235.54 1111.8 43.0997 34.0272 26.264
278 266.469 903.695 68.8873 55.5356 44.7564
262.918 278 897.462 103.987 8.64939 0
-278 -0.216949 1050.46 68.8873 55.5356 44.7564
-125.41 -109.847 1075.41 34.5074 89.4189 14.5727
-162.94 -278 880.497 43.6038 110.653 17.2713
278 275.178 1057.27 66.1597 164.419 24.579
-278 -144.311 923.245 68.8873 55.5356 44.7564
249.934 41.3077 1306 68.8873 55.5356 44.7564
-62.2409 -170.247 1212.24 33.2424 26.2449 20.2572
278 145.825 1269.82 39.9654 30.8999 22.8424
-278 -239.642 1258.33 65.679 5.23929 0
-278 233.427 948.754 68.8873 55.5356 44.7564
278 -39.8831 1189.11 68.8873 55.5356 44.7564
-192.265 278 1140.45 113.726 9.45943 0
135.493 -217.88 889.033 68.8873 55.5356 44.7564
-14.7741 -278 903.79 68.8873 55.5356 44.7564
-186.613 266.084 1306 68.8873 55.5356 44.7564
-278 248.449 1280.16 36.8548 29.0969 22.4585
278 44.3579 1177.13 68.8873 55.5356 44.7564
-153.577 -278 897.909 97.9989 8.15129 0
278 -1.51358 781.848 103.118 8.39961 0
-108.47 98.7552 1306 68.8873 55.5356 44.7564
278 -98.8005 955.777 68.8873 55.5356 44.7564
-162.914 -278 1033.2 68.8873 55.5356 44.7564
-251.905 -67.2598 1306 81.5531 64.3863 49.6966
-278 -44.7819 1268.93 119.49 92.3854 68.2948
-163.329 -278 1294.87 32.6432 81.1242 12.1273
-278 128.347 1100.26 68.8873 55.5356 44.7564
-249.001 278 1141.78 7.86737 20.3867 3.32245
-232.873 263.884 1306 1.34114 3.40339 0.53122
232.814 -278 969.985 68.8873 55.5356 44.7564
16.9458 278 1229.39 117.777 92.9853 71.7708
-73.2079 181.501 1306 68.8873 55.5356 44.7564
-217.897 -278 1023.18 68.8873 55.5356 44.7564
29.1899 208.644 1306 68.8873 55.5356 44.7564
-66.3025 135.724 1306 68.8873 55.5356 44.7564
278 206.125 1097.9 68.8873 55.5356 44.7564
241.426 278 868.296 20.7059 1.72226 0
-278 -39.6769 836.896 68.8873 55.5356 44.7564
-61.3384 -100.736 1088.66 68.8873 55.5356 44.7564
-74.0998 -278 1273.43 68.8873 55.5356 44.7564
-93.3069 -264.604 1306 46.0083 36.3236 28.0364
-278 232.07 887.699 68.8873 55.5356 44.7564
-278 -30.7954 1004.97 68.8873 55.5356 44.7564
195.699 171.963 1306 68.8873 55.5356 44.7564
-221.961 -278 1256.84 10.9975 8.68257 6.70165
-252.204 75.3453 1306 68.8873 55.5356 44.7564
-175.974 278 886.515 122.428 96.6572 74.605
278 -123.165 891.737 162.132 125.355 92.6674
-278 14.0216 1005.04 68.8873 55.5356 44.7564
20.652 12.1584 1306 68.8873 55.5356 44.7564
-278 14.3823 871.498 113.539 89.6394 69.1883
-278 156.502 780.901 68.8873 55.5356 44.7564
-238.93 248.291 1306 68.8873 55.5356 44.7564
136.207 -278 1284.94 68.8873 55.5356 44.7564
95.3202 -237.644 1306 90.8661 71.7389 55.3718
-85.4335 -278 1273.43 31.4753 24.3357 17.9898
-278 -157.455 1294.53 33.2586 25.1824 17.8292
278 96.8015 1072.2 68.8873 55.5356 44.7564
-66.0654 -278 1065.5 68.8873 55.5356 44.7564
-72.5024 -275.818 1077.5 21.8021 17.2128 13.2857
-11.9732 -278 1069.66 34.5143 26.6853 19.7268
278 -105.361 1014.3 34.8466 26.3848 18.6805
32.2876 55.3618 1306 68.8873 55.5356 44.7564
257.77 -278 1254.24 68.8873 55.5356 44.7564
278 91.2965 1291.39 68.8873 55.5356 44.7564
20.7124 278 1279.95 111.437 9.269 0
35.879 264.319 1306 92.1059 7.50262 0
-278 -94.9473 812.941 132.387 10.5606 0
-129.004 248.397 1306 68.8873 55.5356 44.7564
-278 23.9666 1284.73 68.8873 55.5356 44.7564
-278 225.498 926.152 68.8873 55.5356 44.7564
278 96.1319 1297.38 68.8873 55.5356 44.7564
278 87.5221 1140.76 68.8873 55.5356 44.7564
102.516 187.946 1306 68.8873 55.5356 44.7564
-100.275 -78 1181.61 48.0269 37.9173 29.2665
-278 247.987 1055.64 68.8873 55.5356 44.7564
-169.227 278 1073.54 40.8088 105.748 17.2339
-278 -170.167 876.291 72.9249 185.06 28.8852
-61.3786 -205.009 778.095 68.8873 55.5356 44.7564
278 -62.1653 1126.71 68.8873 55.5356 44.7564
-101.133 -278 1047.77 117.819 9.79988 0
234.618 53.4126 1306 68.8873 55.5356 44.7564
278 36.7402 767.328 137.265 108.371 83.646
-278 267.405 1190.26 207.481 16.9007 0
-278 23.5008 827.681 68.8873 55.5356 44.7564
-278 219.832 778.507 68.8873 55.5356 44.7564
278 176.767 766.29 42.725 110.713 18.0431
278 44.2583 1016.4 68.8873 55.5356 44.7564
106.484 121.326 1306 68.8873 55.5356 44.7564
-132.543 88.6179 1306 68.8873 55.5356 44.7564
-278 29.8241 1210.56 71.6006 56.5287 43.6318
278 189.55 1217.78 68.8873 55.5356 44.7564
120.582 -92.5535 1306 64.7634 5.38685 0
166.126 278 1094.27 63.8959 5.20474 0
278 201.759 1051.3 68.5938 5.4718 0
33.1756 248.649 1306 68.8873 55.5356 44.7564
27.6515 278 1288.77 68.8449 54.3531 41.9525
-63.2521 128.678 1306 68.8873 55.5356 44.7564
71.2121 174.683 1306 68.8873 55.5356 44.7564
-278 183.483 1108.12 67.9061 53.6119 41.3804
-278 232.451 947.149 68.8873 55.5356 44.7564
-49.2888 205.461 1306 68.8873 55.5356 44.7564
-5.3494 278 1300.62 8.72518 6.88854 5.31693
40.3299 -278 1104.27 16.4053 12.684 9.3765
263.128 -278 875.169 68.8873 55.5356 44.7564
-278 -155.777 1075.1 68.8873 55.5356 44.7564
-278 248.771 922.549 68.8873 55.5356 44.7564
-221.699 270.677 1306 68.8873 55.5356 44.7564
236.809 15.6011 1306 68.8873 55.5356 44.7564
0.467926 278 1002.62 89.7787 70.8804 54.7091
102.095 -278 953.462 175.967 136.052 100.574
-37.3232 -70.9334 1306 168.701 127.735 90.4369
-278 137.9 950.868 68.8873 55.5356 44.7564
-250.575 -278 873.437 2.77282 7.1852 1.17098
278 9.97131 1068.7 68.8873 55.5356 44.7564
-278 52.0125 772.552 121.331 10.092 0
-278 234.342 1058.41 68.8873 55.5356 44.7564
-275.212 278 1118 1.61606 4.18769 0.682475
-277.179 57.3902 1306 2.45998 6.24265 0.974388
226.549 220.255 1306 68.8873 55.5356 44.7564
278 188.723 1302.2 8.6486 6.82808 5.27026
275.556 189.028 1306 9.34163 0.760936 0
254.623 278 1111.85 16.9037 1.34843 0
-278 141.323 1050.72 68.8873 55.5356 44.7564
197.601 -5.02159 1306 36.4509 94.455 15.3935
-278 189.329 995.612 37.6968 95.6625 14.9315
-278 118.829 1186.69 68.8873 55.5356 44.7564
-256.198 278 1053.51 4.47802 11.6039 1.8911
133.187 -151.176 904.763 6.42461 16.3036 2.54476
31.3285 -278 823.989 8.30954 20.6507 3.08708
8.53782 129.152 1306 68.8873 55.5356 44.7564
242.543 278 1220.48 40.5977 32.0519 24.7393
278 217.742 1213.19 69.6021 53.814 39.7813
157.97 42.6087 1306 72.1085 5.75218 0
278 117.151 870.391 68.8873 55.5356 44.7564
260.331 -248.221 1306 68.8873 55.5356 44.7564
-278 96.6698 816.842 68.8873 55.5356 44.7564
203.99 173.561 1306 68.8873 55.5356 44.7564
214.108 278 1234.78 77.3735 61.0865 47.1497
-278 91.2947 1043.58 68.8873 55.5356 44.7564
-116.124 -278 1005.79 17.1328 44.3962 7.23533
160.315 118.359 1306 68.8873 55.5356 44.7564
278 221.284 1223.75 64.1429 50.6409 39.0873
119.076 158.409 1306 107.491 8.75582 0
114.596 -278 1290.4 7.68109 0.612729 0
12.7083 -278 1041.35 68.8873 55.5356 44.7564
212.922 -277.455 1306 0.226142 0.17854 0.137806
39.6547 245.963 1306 68.8873 55.5356 44.7564
-278 199.057 974.221 68.8873 55.5356 44.7564
-278 57.6729 837.008 68.8873 55.5356 44.7564
186.362 200.151 1306 68.8873 55.5356 44.7564
109.316 278 1271.95 40.8982 32.2892 24.9224
79.5967 265.587 1306 21.6633 16.7493 12.3817
278 109.291 1271.85 5.80569 4.39589 3.1123
278 126.989 1168.64 68.8873 55.5356 44.7564
-261.438 -70.9701 1306 125.796 10.4634 0
-278 -95.1238 1270.36 194.389 15.8342 0
133.641 209.487 1306 68.8873 55.5356 44.7564
-278 128.654 922.528 68.8873 55.5356 44.7564
-170.305 262.12 1306 68.8873 55.5356 44.7564
-194.193 278 1266.32 111.653 88.1505 68.0391
278 -33.3228 988.856 110.353 85.3215 63.0729
-278 184.75 1299.54 182.279 14.5406 0
-278 -14.1873 1132.34 68.8873 55.5356 44.7564
-275.899 -278 1255.35 0.309302 0.801494 0.130621
-255.891 -253.201 1306 0.256357 0.650552 0.101542
-260.213 -278 1285.62 0.322642 0.801822 0.119865
278 -87.9422 1205.06 68.8873 55.5356 44.7564
182.892 -278 1147.07 59.4808 4.94746 0
-46.6415 71.4229 1306 68.8873 55.5356 44.7564
-278 232.947 1266.32 19.1878 15.1488 11.6926
-220.136 240.542 1306 9.78881 24.8409 3.8773
-213.826 278 1271 13.265 32.9659 4.92809
-278 186.649 980.453 68.8873 55.5356 44.7564
-58.6367 243.654 1306 68.8873 55.5356 44.7564
-278 136.042 1039.63 68.8873 55.5356 44.7564
32.5851 247.304 1306 68.8873 55.5356 44.7564
278 269.997 1299.36 3.71138 2.93014 2.26163
276.771 278 1299.45 1.12628 0.091743 0
277.586 272.21 1306 1.4857 0.118516 0
-278 -95.4435 922.328 68.8873 55.5356 44.7564
-11.583 -278 939.093 68.8873 55.5356 44.7564
-278 222.543 978.28 121.331 95.7908 73.9362
-278 -54.7283 801.607 68.8873 55.5356 44.7564
-3.45258 76.4666 1306 68.8873 55.5356 44.7564
-124.351 -78 1182.01 73.6123 58.117 44.8577
-278 -42.4203 1181.07 33.212 25.6784 18.9825
278 266.877 1069.21 68.8873 55.5356 44.7564
-27.448 -60.4451 1306 68.8873 55.5356 44.7564
-44.8539 -79.8114 1194.85 134.143 105.906 81.7434
278 145.186 1133.8 124.715 96.4254 71.2813
7.62009 278 901.471 177.278 14.1416 0
278 200.488 1141.46 68.8873 55.5356 44.7564
183.319 278 1080.82 95.5177 7.94491 0
-54.3983 -184.923 1306 155.963 12.7042 0
-85.821 -158.416 1235.82 269.147 21.4702 0
-278 239.719 1074.73 68.8873 55.5356 44.7564
-225.705 278 1081.29 34.4106 89.1681 14.5319
40.8073 19.627 1306 40.9795 103.993 16.2318
274.737 21.893 1306 68.8873 55.5356 44.7564
183.006 278 960.291 108.272 85.481 65.9786
-56.0578 -235.238 822.73 68.8873 55.5356 44.7564
278 207.437 1026.02 68.8873 55.5356 44.7564
278 113.098 881.205 68.8873 55.5356 44.7564
278 216.659 1263.48 68.8873 55.5356 44.7564
108.936 -37.7913 1306 75.5177 6.28136 0
230.101 278 1197.22 46.2414 3.76666 0
116.574 268.198 1306 5.75401 0.459004 0
67.4032 86.2459 1306 68.8873 55.5356 44.7564
-278 -62.3983 1221.37 30.2523 23.8843 18.4351
-55.9675 -200.396 1306 68.8873 55.5356 44.7564
278 268.652 1119.06 68.8873 55.5356 44.7564
125.406 206.226 1306 68.8873 55.5356 44.7564
-278 131.394 1158.25 68.8873 55.5356 44.7564
278 -221.017 1159.86 68.8873 55.5356 44.7564
1.62933 278 1164.31 66.7482 5.55194 0
278 131.338 1221.87 61.5444 5.01319 0
202.296 176.026 1306 68.8873 55.5356 44.7564
53.1606 278 1268.19 28.2223 22.2815 17.198
101.579 -278 1253.56 56.2125 43.4616 32.1285
56.5369 -216.792 1306 74.5288 56.431 39.9533
-278 -180.636 1175.51 68.8873 55.5356 44.7564
-183.318 -278 948.957 15.3643 39.8135 6.48847
25.9016 142.585 1306 68.8873 55.5356 44.7564
227.772 -278 944.257 68.8873 55.5356 44.7564
138.402 -139.038 1306 48.1417 38.0079 29.3365
278 274.966 891.985 68.8873 55.5356 44.7564
104.715 197.973 1306 68.8873 55.5356 44.7564
115.595 -278 1230.54 68.8873 55.5356 44.7564
278 123.433 1089.81 68.8873 55.5356 44.7564
169.571 -278 1263.31 33.1555 2.75779 0
278 -236.766 1164.45 17.94 1.46133 0
271.656 -278 1136.53 4.53396 0.0381045 0
278 80.5525 1146.12 68.8873 55.5356 44.7564
257.684 248.61 1306 12.0206 0.999842 0
-278 111.073 1193.79 4.78016 0.389375 0
-50.196 -78 1105.32 68.8873 55.5356 44.7564
76.3239 278 1128.85 129.569 102.295 78.9563
-278 171.07 786.941 68.8873 55.5356 44.7564
-278 84.3593 1200.63 68.8873 55.5356 44.7564
-260.917 -278 1081.95 68.8873 55.5356 44.7564
73.4395 150.346 1306 68.8873 55.5356 44.7564
-278 -108.887 1252.25 16.8308 13.288 10.2563
-278 117.691 1132.92 68.8873 55.5356 44.7564
191.4 -278 1266.41 68.8873 55.5356 44.7564
278 -244.48 1162.58 33.152 26.1735 20.2021
278 241.261 1076.57 68.8873 55.5356 44.7564
274.237 278 1090.69 13.1117 1.0906 0
278 276.208 1094.22 8.60457 0.700898 0
-89.931 -123.68 1306 68.8873 55.5356 44.7564
278 -137.176 1141.9 56.0873 44.281 34.1784
-278 146.098 1071.31 68.8873 55.5356 44.7564
-278 271.172 909.421 68.8873 55.5356 44.7564
278 236.351 969.989 68.8873 55.5356 44.7564
276.02 -30.5599 1306 0.635445 0.0528547 0
278 -29.6904 1305.16 0.459859 0.0374585 0
276.393 -28.9072 1306 0.74826 0.00628855 0
278 -2.31909 948.86 68.8873 55.5356 44.7564
-57.0745 -106.443 1207.07 105.967 8.81409 0
-125.309 -78 1195.53 68.8873 55.5356 44.7564
-265.946 103.595 1306 98.1631 77.4999 59.8184
-258.334 278 1218.91 87.6394 67.7598 50.0906
-148.763 -78 1117.49 161.639 122.388 86.6509
-148.173 251.457 1306 68.8873 55.5356 44.7564
-176.166 278 1272.46 90.3912 71.364 55.0824
-167.56 240.943 1306 132.096 102.133 75.5002
93.0574 -278 766.427 68.8873 55.5356 44.7564
278 231.189 987.291 68.8873 55.5356 44.7564
278 156.431 951.994 68.8873 55.5356 44.7564
-85.6233 -78 1204.09 68.8873 55.5356 44.7564
-278 74.4972 1124.73 81.4354 64.2933 49.6249
278 105.332 1118.97 68.8873 55.5356 44.7564
-278 -145.281 908.857 68.8873 55.5356 44.7564
-247.783 -278 844.813 8.60992 22.3109 3.63603
-278 114.63 847.569 68.8873 55.5356 44.7564
138.184 -246.337 878.908 32.3285 83.7726 13.6525
-35.5978 278 908.671 21.121 53.5984 8.36592
-224.175 -278 1029.28 39.1855 97.3829 14.5578
278 216.118 1101.17 68.8873 55.5356 44.7564
-278 257.283 964.904 68.8873 55.5356 44.7564
278 82.2863 943.473 68.8873 55.5356 44.7564
-278 165.73 1234.95 68.8873 55.5356 44.7564
278 -27.1171 862.59 68.8873 55.5356 44.7564
59.0425 -278 1078.38 76.025 6.32356 0
-278 -207.963 929.728 28.4 2.31336 0
-111.551 -175.799 1061.55 13.6966 3.58611 0
-278 207.615 1151.99 68.8873 55.5356 44.7564
-278 46.9628 875.798 68.8873 55.5356 44.7564
106.15 -278 759.747 68.8873 55.5356 44.7564
111.917 217.501 1306 68.8873 55.5356 44.7564
-143.986 278 1158.53 67.3916 53.2057 41.0669
-278 254.943 1169.67 68.8873 55.5356 44.7564
-278 73.6711 918.773 68.8873 55.5356 44.7564
117.509 -225.221 923.779 34.1948 88.6087 14.4407
-278 245.368 902.369 68.8873 55.5356 44.7564
-267.861 278 841.642 6.23668 16.1611 2.6338
278 153.679 866.602 2.76714 7.02212 1.09605
201.127 -195.405 1306 0.751083 0.196652 0
-278 153.261 964.632 68.8873 55.5356 44.7564
-156.221 -278 986.768 68.8873 55.5356 44.7564
-278 -167.903 777.197 56.9781 44.9843 34.7212
-182.263 278 918.722 7.10789 18.0376 2.8154
278 -183.355 769.504 9.81009 24.3798 3.64455
278 150.774 760.418 68.8873 55.5356 44.7564
233.826 -278 991.735 68.8873 55.5356 44.7564
278 -10.5823 1146.45 118.054 93.2039 71.9396
188.517 -223.621 940.937 68.3218 5.56525 0
158.213 -278 966.734 33.4698 2.66993 0
-49.4538 54.6293 1306 68.8873 55.5356 44.7564
-21.9396 -85.671 1171.94 94.2383 74.4013 57.4267
197.013 -267.791 1306 149.464 115.56 85.4266
278 -193.252 1237.34 158.206 119.789 84.8108
47.6737 240.415 1306 68.8873 55.5356 44.7564
-37.3073 -134.136 1306 68.8873 55.5356 44.7564
-221.235 -278 1180.83 65.0919 51.3901 39.6656
-278 -234.551 1154.53 74.2593 57.4148 42.4432
278 73.3129 1269.18 68.8873 55.5356 44.7564
-35.1829 -123.103 1185.18 113.818 9.46711 0
40.378 -137.648 1306 220.674 17.9753 0
-43.8766 -190.41 1193.88 330.237 26.3434 0
83.0666 66.4601 1306 68.8873 55.5356 44.7564
278 154.287 1234.86 43.4954 34.3396 26.5051
222.196 -278 830.87 8.16815 0.665349 0
78.8981 129.819 1306 68.8873 55.5356 44.7564
-50.2743 -278 915.632 92.8686 73.3199 56.592
129.982 -122.703 1306 68.8873 55.5356 44.7564
139.294 278 992.898 84.8146 66.9612 51.6841
278 196.722 1248.73 68.8873 55.5356 44.7564
271.449 278 1253.77 11.0467 0.918838 0
-278 181.744 892.066 68.8873 55.5356 44.7564
278 63.3556 1078.95 68.8873 55.5356 44.7564
278 -136.164 1003.15 68.8873 55.5356 44.7564
-75.1636 -278 910.865 68.8873 55.5356 44.7564
-278 226.422 961.007 127.287 100.493 77.5657
-278 259.896 889.756 68.8873 55.5356 44.7564
-230.651 278 892.073 39.9947 103.638 16.8901
-278 71.2464 1120.29 53.0808 134.702 21.0251
-71.0555 278 979.123 21.043 171.644 5.41778
50.2961 -278 956.902 68.8873 55.5356 44.7564
98.7986 -87.8927 1306 68.8873 55.5356 44.7564
-245.974 278 1236.26 18.9316 14.9466 11.5365
-278 277.821 1221.49 0.191767 0.148268 0.109605
-51.6808 29.4919 1306 0.0779467 0.193711 0.028958
278 39.182 978.225 68.8873 55.5356 44.7564
181.227 -278 1256.84 68.8873 55.5356 44.7564
-278 -123.381 1298.27 68.8873 55.5356 44.7564
278 -4.18436 1303.31 41.9093 108.599 17.6986
-278 216.773 1052.04 68.8873 55.5356 44.7564
278 200.488 1106.01 68.8873 55.5356 44.7564
-278 -80.2828 882.757 68.8873 55.5356 44.7564
69.5409 -126.892 1306 68.8873 55.5356 44.7564
278 165.611 854.058 107.859 85.1549 65.727
256.662 -278 1213.69 8.05437 0.65608 0
-221.312 -278 966.253 68.8873 55.5356 44.7564
58.7651 239.268 1306 68.8873 55.5356 44.7564
-108.44 -278 1302.01 1.01117 0.798319 0.616184
-103.36 -273.546 1306 1.14799 0.887589 0.656139
-4.00114 -278 893.346 68.8873 55.5356 44.7564
-29.0408 -278 835.142 68.8873 55.5356 44.7564
278 -74.4407 807.174 68.8873 55.5356 44.7564
-23.4514 145.891 1306 68.8873 55.5356 44.7564
-58.3685 -204.561 814.747 111.972 88.4023 68.2334
278 -118.576 1295.2 174.572 134.974 99.7776
185.999 -278 1280.71 173.973 13.8781 0
-104.039 153.886 1306 68.8873 55.5356 44.7564
-205.127 278 1207.43 72.2418 57.035 44.0225
-72.1697 -78 1214.33 68.8873 55.5356 44.7564
-223.723 278 871.652 94.8981 74.9222 57.8288
211.406 -35.8374 1306 86.291 66.7173 49.32
-54.0228 -162.246 1095.98 68.8873 55.5356 44.7564
278 211.543 894.979 68.8873 55.5356 44.7564
253.845 278 858.032 41.7128 3.46956 0
278 246.732 866.706 64.484 5.25264 0
206.569 278 888.584 113.752 0.956001 0
278 241.977 839.541 68.8873 55.5356 44.7564
278 77.7557 787.353 68.8873 55.5356 44.7564
-278 210.335 1016.61 68.8873 55.5356 44.7564
278 154.919 896.983 68.8873 55.5356 44.7564
227.745 -149.965 1306 13.5067 1.12345 0
-90.0463 -166.355 1240.05 5.48231 0.446569 0
-91.5995 -162.011 1306 7.552 0.602432 0
-278 191.764 1044.49 68.8873 55.5356 44.7564
-66.1192 14.2086 1306 68.8873 55.5356 44.7564
-236.578 278 918.831 106.996 84.4738 65.2012
-278 276.236 901.497 8.39708 6.49234 4.79939
278 271.945 835.37 68.8873 55.5356 44.7564
-278 256.53 1044.56 68.8873 55.5356 44.7564
278 -67.5051 921.067 68.8873 55.5356 44.7564
-278 240.883 1075.56 117.076 9.73807 0
-220.165 278 980.408 35.8957 9.59692 0
-278 -91.2747 1298.59 68.8873 55.5356 44.7564
-271.869 -95.0111 1306 25.4719 66.0052 10.757
-181.403 11.6464 1306 68.8873 55.5356 44.7564
68.5191 -278 986.32 68.8873 55.5356 44.7564
278 232.828 1106.08 68.8873 55.5356 44.7564
248.773 -211.374 1306 68.8873 55.5356 44.7564
278 -248.146 1278.91 68.8303 54.3416 41.9436
-278 -185.19 925.811 115.68 9.42286 0
271.449 -278 999.16 70.3661 18.4236 0
-278 -107.883 884.686 68.8873 55.5356 44.7564
-88.2981 278 1114.13 16.6835 43.2319 7.04558
278 -49.1403 840.681 68.8873 55.5356 44.7564
-170.708 255.545 1306 68.8873 55.5356 44.7564
-14.9858 -78 1146.82 68.8873 55.5356 44.7564
278 203.154 1292.49 89.7905 70.8897 54.7163
274.019 193.22 1306 41.4885 3.37951 0
-261.933 -69.9127 1306 68.8873 55.5356 44.7564
-278 -171.469 1253.84 62.3349 49.2135 37.9855
-160.998 -68.2287 1306 27.5823 69.9951 10.9252
-278 189.565 1044.84 68.8873 55.5356 44.7564
-252.795 278 1122.98 8.9529 23.1996 3.78088
-210.187 200.254 1306 68.8873 55.5356 44.7564
278 44.8867 855.186 68.8873 55.5356 44.7564
227.573 278 963.745 26.5122 2.20522 0
278 1.35159 914.513 51.3834 4.18551 0
-278 236.249 1074.53 68.8873 55.5356 44.7564
-224.607 278 1017.61 25.8563 67.0013 10.9193
278 -40.9221 760.705 25.4383 64.5544 10.076
-233.384 278 1171.04 35.6839 9.34291 0
278 70.6532 830.044 68.8873 55.5356 44.7564
-278 32.6645 923.019 68.8873 55.5356 44.7564
7.74281 224.852 1306 68.8873 55.5356 44.7564
-88.3268 278 1278.04 34.0036 26.8459 20.7211
208.816 181.769 1306 68.8873 55.5356 44.7564
278 268.35 1224.83 68.8873 55.5356 44.7564
-119.023 -132.258 1306 68.8873 55.5356 44.7564
278 94.5083 1293.28 3.83035 3.02407 2.33413
266.126 135.624 1306 2.03744 0.165962 0
278 143.182 1298.73 1.8694 0.149124 0
278 -29.6255 1176.68 68.8873 55.5356 44.7564
248.111 24.1161 1306 28.7573 2.39196 0
278 185.621 1023.97 68.8873 55.5356 44.7564
242.99 -278 782.137 9.20369 0.765539 0
-278 -92.9954 884.377 68.8873 55.5356 44.7564
82.3232 124.816 1306 68.8873 55.5356 44.7564
75.6558 -278 876.292 68.8873 55.5356 44.7564
-278 -116.348 865.875 57.2549 45.2028 34.8899
-168.547 182.99 1306 68.8873 55.5356 44.7564
-159.591 278 1298.41 10.9255 8.62571 6.65777
278 210.782 1132.46 68.8873 55.5356 44.7564
166.255 -278 1040.52 30.202 2.51212 0
278 167.511 928.724 68.8873 55.5356 44.7564
203.337 278 1066.3 53.6889 4.4657 0
-56.6015 -78 1125.06 68.8873 55.5356 44.7564
-278 34.3156 750.367 34.4275 27.1806 20.9794
32.3345 -278 1279.17 68.8873 55.5356 44.7564
-70.7558 -278 1069.05 68.8873 55.5356 44.7564
-72.4698 -272.618 1077.53 72.7748 57.4558 44.3474
-72.0233 -278 1067.34 94.9169 73.3866 54.2501
-50.2775 278 1071.68 189.683 143.622 101.685
278 -87.7151 1241.46 68.8873 55.5356 44.7564
-278 217.855 926.336 68.8873 55.5356 44.7564
-151.934 -278 976.682 10.5108 27.2365 4.43878
-278 -119.487 822.425 13.0886 33.2148 5.18435
-68.3245 -78 1207.44 68.8873 55.5356 44.7564
-73.727 -37.9691 1306 51.7787 40.8793 31.5528
-278 -231.674 1182.07 41.7236 32.2593 23.8473
-50.4725 97.245 1306 68.8873 55.5356 44.7564
-91.8133 -80.3719 1241.81 45.7415 36.113 27.8738
9.54072 22.3256 1306 67.8083 52.4271 38.7561
-278 129.388 1133.5 66.4627 50.3235 35.6292
278 2.03073 860.836 68.8873 55.5356 44.7564
127.363 278 819.744 65.4535 5.44425 0
-181.77 200.743 1306 68.8873 55.5356 44.7564
-230.214 278 1279.24 38.8001 30.6327 23.6439
-278 57.9432 1051.39 53.3064 41.2148 30.4675
-278 204.181 1007.26 68.8873 55.5356 44.7564
24.5103 -96.1289 1306 24.9106 64.5506 10.5199
156.26 278 1297.62 1.05203 2.66972 0.416704
161.364 248.229 1306 1.99835 4.96625 0.742406
180.39 89.6008 1306 68.8873 55.5356 44.7564
-278 -198.469 1083.06 68.8873 55.5356 44.7564
-244.458 -76.882 1306 5.61272 14.5442 2.37029
-278 -99.4471 1285.58 5.06087 12.8429 2.00459
-278 -173.031 764.652 68.8873 55.5356 44.7564
-198.406 -104.941 1148.41 8.57648 22.2242 3.62191
-278 -121.75 1194.11 4.40469 11.1777 1.74468
149.543 172.027 1306 68.8873 55.5356 44.7564
278 174.803 1236.81 65.3256 51.5746 39.8079
269.16 -278 1164.91 2.5186 0.205156 0
-264.348 40.6543 1306 68.8873 55.5356 44.7564
206.958 -278 780.483 68.8873 55.5356 44.7564
231.584 -278 766.711 68.8873 55.5356 44.7564
-278 -154.557 752.133 32.424 25.5988 19.7585
278 208.087 913.691 68.8873 55.5356 44.7564
278 203.619 1203.85 68.8873 55.5356 44.7564
-172.193 32.2152 1306 68.8873 55.5356 44.7564
-278 -96.2209 944.261 125.166 98.8188 76.2734
236.82 -278 1041.3 68.8873 55.5356 44.7564
-11.3149 197.106 1306 68.8873 55.5356 44.7564
278 105.846 1277.4 12.9309 10.209 7.8798
263.93 101.344 1306 11.3036 0.920753 0
234.043 278 1277.78 3.51735 0.280583 0
-19.7588 -278 884.828 68.8873 55.5356 44.7564
278 -148.665 818.358 53.7738 42.4544 32.7685
116.542 278 761.428 37.7707 3.07667 0
-278 64.5642 799.934 68.8873 55.5356 44.7564
37.1526 138.946 1306 68.8873 55.5356 44.7564
201.158 226.11 1306 68.8873 55.5356 44.7564
278 230.575 1187.62 115.505 91.1914 70.3862
-278 -177.014 1090.29 68.8873 55.5356 44.7564
-214.991 -278 765.376 7.80502 20.2251 3.29612
-185.287 278 1108.7 13.2682 33.6705 5.25548
-195.079 260.582 1306 68.8873 55.5356 44.7564
-184.611 278 1274.59 115.679 91.3289 70.4923
278 123.041 1188.37 72.3631 55.9487 41.3594
60.3434 82.3773 1306 125.637 10.0222 0
91.0777 -175.696 1306 68.8873 55.5356 44.7564
-278 -11.1997 781.953 68.8873 55.5356 44.7564
42.0989 -278 1157.58 68.8873 55.5356 44.7564
278 274.03 1225.17 68.8873 55.5356 44.7564
272.252 278 1233.9 70.7813 5.88741 0
278 266.816 1008.38 68.8873 55.5356 44.7564
-47.0812 -118.452 1197.08 83.2096 6.92116 0
48.5341 -188.302 1306 149.599 12.1858 0
218.973 278 984.237 162.723 12.9806 0
278 -57.8453 1085.07 68.8873 55.5356 44.7564
-75.0924 -278 996.842 114.368 9.51286 0
256.58 -239.233 1306 19.4855 1.58722 0
278 73.7373 1184.88 68.8873 55.5356 44.7564
242.254 56.3685 1306 38.6334 3.21342 0
-278 77.1104 1030.69 36.1177 2.94202 0
-104.309 189.941 1306 68.8873 55.5356 44.7564
-86.0748 -146.85 1306 68.8873 55.5356 44.7564
141.921 -27.7965 907.859 115.726 91.3659 70.5209
-278 -237.391 1086.77 68.8873 55.5356 44.7564
-278 -230.594 976.961 68.8873 55.5356 44.7564
278 112.923 934.638 68.8873 55.5356 44.7564
203.852 -278 979.748 25.5108 2.12193 0
278 -220.404 1006.24 30.1223 2.45366 0
108.964 -278 1267.55 68.8873 55.5356 44.7564
-278 52.0365 1282.99 89.3638 70.5528 54.4563
278 236.808 863.161 68.8873 55.5356 44.7564
278 -212.915 1091.3 68.8873 55.5356 44.7564
-278 72.8456 1123.71 68.8873 55.5356 44.7564
-178.72 278 1062.4 18.0302 46.7215 7.61428
278 236.178 812.284 68.8873 55.5356 44.7564
-1.24805 -278 961.323 63.7188 5.29996 0
278 176.385 791.947 68.8873 55.5356 44.7564
155.552 -118.903 887.62 50.558 4.20528 0
110.084 278 756.354 11.4187 0.93013 0
-25.6824 -278 914.636 68.8873 55.5356 44.7564
-71.4202 -256.327 829.677 30.1933 23.8377 18.3991
278 115.804 1026.92 68.8873 55.5356 44.7564
-196.319 278 773.005 116.295 9.6731 0
75.3874 -278 933.885 202.249 16.4745 0
-31.1233 122.265 1306 68.8873 55.5356 44.7564
-185.631 278 1235.61 42.0941 33.2333 25.6512
278 99.477 918.671 68.8873 55.5356 44.7564
16.3021 171.163 1306 68.8873 55.5356 44.7564
-29.5328 -278 1180.51 36.8948 29.1285 22.4828
-29.8118 -277.852 1179.81 14.2177 10.9926 8.12616
-29.6532 -278 1179.83 16.325 12.3608 8.75149
-148.59 -78 1126.85 68.8873 55.5356 44.7564
-161.009 278 1017.49 131.628 103.92 80.2109
-241.418 -278 930.047 257.444 199.047 147.143
105.891 -257.216 941.682 30.74 23.2754 16.479
-278 272.133 905.162 68.8873 55.5356 44.7564
-275.768 278 908.903 13.0884 33.916 5.52735
278 256.112 1024.34 1.01211 2.56842 0.400893
220.465 78.9653 1306 0.344901 0.0903034 0
51.4697 -278 934.69 68.8873 55.5356 44.7564
-12.5854 42.7847 1306 68.8873 55.5356 44.7564
-278 -73.0457 1071.57 86.688 68.4403 52.8257
-238.073 47.2853 1306 8.08048 20.5057 3.20064
-108.424 -278 984.203 68.8873 55.5356 44.7564
-129.359 -118.54 1079.36 117.566 92.8183 71.6419
-278 -111.718 962.201 233.346 180.415 133.37
278 117.67 841.924 68.8873 55.5356 44.7564
-109.143 278 1080.69 110.596 9.19907 0
278 10.6192 1133.61 68.8873 55.5356 44.7564
260.576 278 1148.74 8.94454 0.743984 0
278 138.436 1048.44 68.8873 55.5356 44.7564
-30.9959 -278 998.946 81.7257 6.79773 0
-56.8658 -243.83 1093.13 53.9721 4.39637 0
-278 190.474 1040.32 68.8873 55.5356 44.7564
-91.1369 -78 1211.67 21.6907 56.2069 9.16013
206.129 -119.396 1306 68.8873 55.5356 44.7564
-278 177.123 1169.57 68.8873 55.5356 44.7564
-275.012 278 1257.05 0.958808 2.48456 0.404912
-273.386 218.084 1306 1.48468 3.76764 0.588074
-181.852 278 1288.39 0.471825 1.17257 0.175288
-84.6128 -89.8761 1065.39 68.8873 55.5356 44.7564
278 75.5443 993.592 68.8873 55.5356 44.7564
-123.686 155.99 1306 107.421 8.93496 0
60.5182 114.46 1306 68.8873 55.5356 44.7564
278 -191.339 975.223 91.1043 71.927 55.5169
-211.064 274.545 1306 68.8873 55.5356 44.7564
-278 217.159 1006.63 132.162 104.342 80.5366
-251.302 -146.863 1306 68.8873 55.5356 44.7564
-127.753 -142.625 1222.25 77.2761 61.0095 47.0903
-278 -26.7044 1275.65 112.894 87.2859 64.5251
206.276 -63.1741 1306 68.8873 55.5356 44.7564
278 -86.9569 1289.94 28.6387 22.6103 17.4518
257.6 -120.692 1306 27.4487 2.23588 0
278 -109.652 1288.18 33.4483 2.66821 0
141.523 -81.6149 899.684 68.8873 55.5356 44.7564
-235.452 278 867.965 99.5437 78.5898 60.6597
278 -0.33197 1106.9 68.8873 55.5356 44.7564
278 90.4438 804.888 68.8873 55.5356 44.7564
-278 206.321 1029.59 125.418 10.4319 0
-232.209 278 1065.92 38.6348 10.3292 0
278 226.148 1196.15 68.8873 55.5356 44.7564
-278 273.158 995.684 68.8873 55.5356 44.7564
-96.7841 213.622 1306 21.3244 55.2579 9.00547
52.8776 232.559 1306 68.8873 55.5356 44.7564
278 -203.017 1163.17 38.532 30.4211 23.4806
135.715 -278 1060.37 57.4441 4.67919 0
278 174.021 794.54 68.8873 55.5356 44.7564
215.23 278 815.759 70.1405 5.8341 0
278 202.945 991.003 68.8873 55.5356 44.7564
-116.056 26.2845 1306 68.8873 55.5356 44.7564
-278 88.2662 883.999 127.436 100.611 77.6566
278 183.868 1163.25 68.8873 55.5356 44.7564
137.424 278 1293.46 90.7204 7.54588 0
278 225.838 1223.82 57.2457 4.66303 0
278 214.19 1289.94 68.8873 55.5356 44.7564
187.74 -278 1159.68 24.0499 2.00041 0
-278 12.8554 1116.68 68.8873 55.5356 44.7564
272.944 -278 1144.11 68.8873 55.5356 44.7564
80.0368 -168.171 1306 55.076 43.4826 33.5621
278 -239.898 1238.99 33.4063 25.8286 19.0935
260.463 -278 1204.39 21.5488 1.71898 0
149.787 -278 1152.26 68.8873 55.5356 44.7564
278 -270.169 1172.21 8.29962 6.55256 5.0576
-29.8133 -278 1120 68.8873 55.5356 44.7564
103.642 -200.366 1306 68.8873 55.5356 44.7564
213.722 114.75 1306 68.8873 55.5356 44.7564
-55.4601 -102.939 1205.46 38.4246 30.3363 23.4151
278 -120.635 912.356 4.93551 3.81597 2.82091
233.237 25.6836 1306 1.0462 0.083457 0
-278 -85.8692 825.934 68.8873 55.5356 44.7564
108.653 -278 976.681 68.8873 55.5356 44.7564
-278 71.0911 1124.97 68.8873 55.5356 44.7564
111.66 83.848 1306 68.8873 55.5356 44.7564
108.108 278 824.022 127.793 100.892 77.874
-73.9886 -10.1822 1306 124.766 96.4645 71.3102
-278 98.464 1299.03 7.52462 5.69742 4.03379
-278 -113.706 956.647 68.8873 55.5356 44.7564
-143.782 -278 904.312 26.3285 68.225 11.1187
-278 242.475 1181.44 68.8873 55.5356 44.7564
34.5534 -278 978.892 20.9326 54.2425 8.83999
278 -54.2523 1045.57 27.7707 70.4731 10.9998
22.0266 -278 1020.83 41.7072 10.92 0
-179.809 89.0915 1306 68.8873 55.5356 44.7564
-278 -44.3347 1103.28 68.8873 55.5356 44.7564
-33.5512 -278 924.656 68.8873 55.5356 44.7564
78.2408 278 1190.17 122.328 96.5784 74.5442
278 56.9231 1257.06 177.121 136.944 101.234
230.361 278 1010.44 50.4327 4.02307 0
-129.28 -78 1125.51 68.8873 55.5356 44.7564
-133.87 23.5342 1306 67.5334 53.3177 41.1534
-278 260.156 914.733 68.8873 55.5356 44.7564
-263.48 278 910.288 26.5622 68.8304 11.2174
278 76.7005 944.474 68.8873 55.5356 44.7564
-131.864 -122.307 1306 68.8873 55.5356 44.7564
278 -137.878 1261.69 14.797 11.6823 9.01699
231.039 -129.932 1306 21.3641 1.74025 0
105.483 278 1264.17 4.1675 0.332446 0
278 152.388 751.389 68.8873 55.5356 44.7564
118.731 261.151 1306 68.8873 55.5356 44.7564
64.7822 278 1237.57 106.228 83.8669 64.7327
-7.6073 -24.3359 1306 68.8873 55.5356 44.7564
-44.0978 -278 1273.97 17.0878 13.4908 10.4129
278 17.113 1150.39 22.2154 17.1762 12.6973
274.901 102.952 1306 0.774552 0.0617869 0
-278 131.628 1220.35 68.8873 55.5356 44.7564
148.528 67.6916 1306 68.8873 55.5356 44.7564
-278 71.5746 948.426 68.8873 55.5356 44.7564
278 0.00848389 984.249 42.4259 109.938 17.9168
-278 -1.97716 1236.74 77.2582 20.6554 0
-278 128.994 1063.44 68.8873 55.5356 44.7564
-27.3 -278 1040.32 22.454 58.1849 9.48248
278 134.724 1106.74 68.8873 55.5356 44.7564
216.476 137.008 1306 40.6431 3.38059 0
-163.669 -278 817.526 68.8873 55.5356 44.7564
154.952 278 1120.01 108.1 85.3452 65.8738
278 276.521 1211.83 2.08127 1.60917 1.18956
278 254.235 1008.55 68.8873 55.5356 44.7564
90.573 278 830.543 99.4793 8.27442 0
-278 10.232 1233.96 87.5489 7.13142 0
-202.303 -72.8328 1306 30.89 8.08776 0
-278 107.018 836.592 68.8873 55.5356 44.7564
-278 95.8216 1125.35 68.8873 55.5356 44.7564
46.0615 -278 901.963 68.8873 55.5356 44.7564
-98.9787 149.545 1306 68.8873 55.5356 44.7564
278 97.1181 1297.1 3.21927 2.54162 1.96175
209.928 278 1257.06 2.22061 0.180883 0
192.615 187.658 1306 3.85081 0.307184 0
198.751 29.9803 1306 68.8873 55.5356 44.7564
278 -200.744 1087.38 68.8873 55.5356 44.7564
-136.996 278 1175.07 89.391 7.43531 0
171.092 -278 1243.7 155.476 12.6645 0
136.988 -206.066 1306 221.265 17.6505 0
-191.331 208.591 1306 68.8873 55.5356 44.7564
14.2083 -278 836.604 68.8873 55.5356 44.7564
-278 235.339 765.017 68.8873 55.5356 44.7564
-3.67734 -278 1242.3 68.8873 55.5356 44.7564
-30.7022 -136.518 1306 123.764 97.7121 75.4192
278 -49.3959 1285.16 16.0449 12.4054 9.17052
244.358 -53.7982 1306 27.1137 2.16289 0
-278 70.7014 1020.05 68.8873 55.5356 44.7564
14.8995 94.4972 1306 68.8873 55.5356 44.7564
-278 241.647 1144.81 68.8873 55.5356 44.7564
278 229.098 899.232 68.8873 55.5356 44.7564
278 261.797 1214.6 68.8873 55.5356 44.7564
242.754 278 1223.85 121.761 10.1278 0
-278 174.468 894.211 68.8873 55.5356 44.7564
-272.035 278 1030.67 1.49173 3.86552 0.629969
25.1089 -278 855.758 68.8873 55.5356 44.7564
-278 140.048 1162.28 68.8873 55.5356 44.7564
128.084 239.149 1306 68.8873 55.5356 44.7564
278 215.208 1282.59 20.9975 16.5775 12.7954
1.73209 -278 1033.33 68.8873 55.5356 44.7564
-70.0736 -190.125 786.967 68.8873 55.5356 44.7564
-278 -10.2103 1247.61 68.8873 55.5356 44.7564
-278 251.101 1020.38 68.8873 55.5356 44.7564
-237.842 -237.649 1306 68.8873 55.5356 44.7564
-278 -217.915 1294.64 33.9079 26.7703 20.6627
-266.769 -211.282 1306 13.6978 34.7607 5.42564
-126.42 278 1302.94 0.164646 0.409175 0.0611677
0.0543137 -93.3503 1306 68.8873 55.5356 44.7564
-278 -77.6844 1275.03 15.2281 12.0226 9.27964
-269.923 -81.3242 1306 2.37551 6.0283 0.94093
-278 -57.5698 1291.41 2.38829 5.93534 0.887276
-278 -150.694 1141.49 68.8873 55.5356 44.7564
278 190.369 1240.95 68.8873 55.5356 44.7564
-153.425 -70.0529 1306 68.8873 55.5356 44.7564
-278 190.965 921.714 68.8873 55.5356 44.7564
-177.931 278 927.395 32.3121 83.7302 13.6456
-278 126.48 894.738 53.0737 134.684 21.0222
-245.315 278 1044.7 5.00467 40.8222 1.28851
-278 111.924 876.191 68.8873 55.5356 44.7564
33.7016 -278 922.104 68.8873 55.5356 44.7564
-194.146 278 1069.6 123.81 97.7478 75.4468
278 -12.818 1264.17 68.8873 55.5356 44.7564
-102.158 -278 1028.93 68.8873 55.5356 44.7564
-278 -188.277 1048.08 62.3257 49.2062 37.9799
113.254 -278 1083.53 68.8873 55.5356 44.7564
278 -257.203 861.115 10.3228 8.14986 6.29048
276.14 -278 867.726 1.75276 0.142773 0
-278 229.734 907.561 68.8873 55.5356 44.7564
-183.008 177.158 1306 68.8873 55.5356 44.7564
-278 260.178 988.125 68.8873 55.5356 44.7564
-278 137.722 1201.23 68.8873 55.5356 44.7564
-278 24.0143 1015.1 68.8873 55.5356 44.7564
-184.482 -89.2212 1134.48 21.1796 54.8826 8.9443
-278 -82.6705 1165.26 19.0461 48.333 7.54408
-234.431 -278 1282.81 2.22456 18.1453 0.572739
278 168.911 1224.81 68.8873 55.5356 44.7564
148.165 230.197 1306 68.8873 55.5356 44.7564
167.258 278 1282.28 57.6609 45.5233 35.1372
-278 202.979 1179.86 18.6856 14.447 10.6798
278 98.4856 1032.42 68.8873 55.5356 44.7564
22.6045 199.764 1306 90.7525 7.54856 0
30.9284 278 1275.77 65.0965 5.30253 0
278 226.445 1038.86 19.3901 1.54677 0
-278 7.85425 1058.97 68.8873 55.5356 44.7564
-83.2263 36.4564 1306 26.4299 68.4876 11.1615
278 163.585 837.281 68.8873 55.5356 44.7564
51.9635 278 771.92 119.026 9.90031 0
-278 30.9742 1226.14 68.8873 55.5356 44.7564
-20.1363 278 1187.89 30.7762 79.7504 12.997
123.318 8.84735 1306 68.8873 55.5356 44.7564
-153.156 -78 1161.15 68.8873 55.5356 44.7564
-278 -48.6494 1145.95 31.3111 24.7202 19.0803
-278 240.902 1094.05 68.8873 55.5356 44.7564
99.5354 46.6162 1306 68.8873 55.5356 44.7564
278 2.37788 1236.04 48.9925 38.6796 29.8549
-278 88.8174 848.007 79.7061 6.49258 0
-119.519 278 966.756 28.6987 7.51402 0
45.2933 74.6924 1306 68.8873 55.5356 44.7564
278 140.528 1130.16 81.0232 63.9679 49.3737
220.073 131.547 1306 50.6414 4.12507 0
-278 211.617 994.276 68.8873 55.5356 44.7564
278 258.752 1041.19 68.8873 55.5356 44.7564
248.078 278 1008.89 85.7825 7.13516 0
278 161.119 1041.31 160.511 13.0747 0
195.226 -278 1202.87 68.8873 55.5356 44.7564
273.709 278 1032.78 130.564 103.08 79.5626
278 91.9189 1053.4 259.471 200.615 148.302
278 -211.19 1056.65 68.8873 55.5356 44.7564
267.153 -278 1088.12 20.0198 1.6652 0
278 -271.647 1082.34 18.3817 1.49731 0
237.736 -133.784 1306 5.56887 0.0468021 0
278 266.102 1214.5 68.8873 55.5356 44.7564
-25.5101 -239.775 1124.49 70.0707 5.8283 0
278 167.309 1018.07 68.8873 55.5356 44.7564
-227.969 -278 879.725 68.8873 55.5356 44.7564
278 -257.881 1297.01 68.8873 55.5356 44.7564
-64.1172 -275.191 1085.88 117.138 9.74321 0
-44.7362 278 870.199 65.548 5.33931 0
278 275.373 856.454 1.06607 0.0850416 0
216.614 96.2093 1306 68.8873 55.5356 44.7564
278 147.41 857.907 68.8873 55.5356 44.7564
33.4242 -278 846.772 68.6515 5.71025 0
-54.7267 -243.091 814.919 47.9211 3.90348 0
278 264.216 1018.25 68.8873 55.5356 44.7564
273.257 278 1017.03 44.667 3.71529 0
-278 216.12 1157.69 9.65952 0.78683 0
-59.5041 245.135 1306 68.8873 55.5356 44.7564
278 200.251 985.652 68.8873 55.5356 44.7564
-29.307 -78 1128.81 96.5359 8.0296 0
71.5355 46.1399 1306 100.412 8.17917 0
278 180.77 838.044 68.8873 55.5356 44.7564
-278 138.367 1063.91 68.8873 55.5356 44.7564
-278 239.879 1286.42 68.8873 55.5356 44.7564
227.705 -278 1209.58 68.8873 55.5356 44.7564
278 273.117 1185.41 68.8873 55.5356 44.7564
276.15 278 1188.88 40.6638 3.38231 0
-130.263 -39.4224 1306 68.8873 55.5356 44.7564
51.2912 -278 1198.19 46.6212 36.8075 28.4099
-48.7983 -246.491 1306 19.5281 15.0985 11.1614
-74.1278 -278 1292.87 12.0622 9.13316 6.4663
-228.006 -92.4805 1306 68.8873 55.5356 44.7564
278 266.021 1281.11 68.8873 55.5356 44.7564
278 -264.651 1048.56 68.8873 55.5356 44.7564
151.574 147.156 1306 68.8873 55.5356 44.7564
278 95.6632 1274.59 30.8962 24.3926 18.8275
-75.7632 -278 800.75 31.2509 2.54559 0
-89.251 -276.823 800.887 5.43155 0.433281 0
278 268.167 804.247 68.8873 55.5356 44.7564
46.5991 -278 1058.43 68.8873 55.5356 44.7564
-278 -120.693 836.206 68.8873 55.5356 44.7564
-147.474 165.655 1306 68.8873 55.5356 44.7564
-147.953 278 1219.53 84.0323 66.3436 51.2074
278 258.958 1046.28 68.8873 55.5356 44.7564
252.643 114.917 1306 11.7203 0.974862 0
-278 232.555 1138.39 68.8873 55.5356 44.7564
-132.319 247.728 1306 28.0527 72.6927 11.8469
-114.345 278 1297.67 12.9238 32.7964 5.11904
93.6831 -278 1008.3 21.7609 54.0798 8.08441
268.761 -278 766.326 68.8873 55.5356 44.7564
172.946 -274.343 896.502 3.11625 2.46028 1.89897
278 262.171 970.365 68.8873 55.5356 44.7564
255.778 278 971.271 112.153 9.32855 0
-102.728 -78 1238.67 139.691 11.3788 0
278 -14.7687 950.823 68.8873 55.5356 44.7564
-278 108.35 1282.13 116.27 9.67104 0
278 274.53 1119.83 68.8873 55.5356 44.7564
275.153 278 1116.92 73.3466 6.10078 0
-78.8709 -219.365 1228.87 117.55 9.57518 0
-64.8689 -278 1288.55 144.396 11.5186 0
278 193.417 1220.93 68.8873 55.5356 44.7564
260.243 278 1200.94 27.5788 2.29393 0
-278 142.388 984.921 68.8873 55.5356 44.7564
278 21.695 1022.36 68.8873 55.5356 44.7564
98.8088 263.116 1306 59.7283 4.96805 0
82.5054 278 1298.48 38.5276 3.13833 0
189.855 -278 768.809 68.8873 55.5356 44.7564
278 -93.2796 775.708 124.273 98.1135 75.7291
207.654 -278 812.416 86.9679 7.0841 0
278 -206.444 820.126 123.67 9.86533 0
158.271 -278 986.617 68.8873 55.5356 44.7564
278 -141.449 1131.16 68.8873 55.5356 44.7564
120.693 62.118 1306 68.8873 55.5356 44.7564
185.955 123.459 1306 68.8873 55.5356 44.7564
278 138.634 1182.34 109.988 86.8356 67.0242
174.635 278 834.272 58.4639 4.76226 0
278 -173.433 1302.18 68.8873 55.5356 44.7564
50.5423 -278 1226.29 68.8873 55.5356 44.7564
-278 233.475 1104.09 68.8873 55.5356 44.7564
278 232.942 1016.7 68.8873 55.5356 44.7564
278 258.681 968.288 68.8873 55.5356 44.7564
246.811 278 942.106 95.3375 7.92993 0
275.987 -213.923 1306 153.118 12.4724 0
-278 178.897 1119.18 68.8873 55.5356 44.7564
278 -101.217 795.77 68.8873 55.5356 44.7564
-278 -3.93304 786.034 68.8873 55.5356 44.7564
-91.2738 272.828 1306 68.8873 55.5356 44.7564
-278 167.994 949.631 68.8873 55.5356 44.7564
-230.028 -278 935.041 4.58155 11.8721 1.93482
-278 -227.32 926.173 6.6015 16.7525 2.61482
278 242.752 942.668 68.8873 55.5356 44.7564
262.337 278 1218.98 7.7345 0.643336 0
-278 -81.0325 1022.17 68.8873 55.5356 44.7564
-278 202.042 1040.5 68.8873 55.5356 44.7564
-16.2103 -278 1233.49 68.8873 55.5356 44.7564
-99.5628 -221.621 1249.56 76.2231 60.1782 46.4486
62.5817 -278 1239.98 95.6497 73.9531 54.669
65.8487 -234.241 1306 105.599 79.9562 56.6092
223.031 246.768 1306 68.8873 55.5356 44.7564
220.448 278 1282.13 83.4888 65.9145 50.8762
-68.1703 -78 1209.6 128.112 99.0519 73.2229
-278 -57.004 978.152 17.1809 13.0089 9.21032
83.1274 -278 1083.11 68.8873 55.5356 44.7564
278 -46.5306 1183.15 100.068 79.004 60.9793
278 233.334 844.499 68.8873 55.5356 44.7564
2.25685 270.995 1306 68.8873 55.5356 44.7564
-4.22212 278 1297.7 90.3897 71.3628 55.0815
278 -173.669 982.642 131.952 102.021 75.4176
278 218.049 1145.91 68.8873 55.5356 44.7564
-135.477 -78 1088.56 68.8873 55.5356 44.7564
182.447 118.224 1306 62.5409 49.3761 38.111
278 116.388 1249.43 63.7116 49.2597 36.4146
246.054 278 1255.79 24.6908 1.96961 0
278 212.577 911.466 68.8873 55.5356 44.7564
278 217.458 1167.09 68.8873 55.5356 44.7564
214.448 153.26 1306 52.841 4.39518 0
278 156.563 1304.21 2.97757 0.242543 0
107.015 -278 1300.19 68.8873 55.5356 44.7564
122.76 -259.127 1306 102.951 81.2799 62.736
-84.387 -278 1245.89 57.1656 44.1986 32.6733
36.3157 -101.486 1306 68.8873 55.5356 44.7564
22.8873 -278 1279.21 68.8873 55.5356 44.7564
48.0058 278 1172.98 135.194 106.735 82.3839
-22.2173 -278 757.343 68.8873 55.5356 44.7564
-58.2211 -251.944 786.538 67.5102 53.2993 41.1392
-37.7171 -278 770.745 124.494 96.2544 71.1549
230.66 -168.665 1306 68.8873 55.5356 44.7564
-278 15.0981 1142.54 68.8873 55.5356 44.7564
59.6975 60.6906 1306 38.2993 99.2448 16.1741
278 97.4987 1243.29 20.8752 52.9745 8.26855
215.076 107.11 1306 29.4011 7.69792 0
-278 73.3207 895.107 68.8873 55.5356 44.7564
-278 32.6992 1115.87 68.8873 55.5356 44.7564
28.9374 165.335 1306 34.2038 88.6321 14.4445
278 75.9969 1173.66 30.5995 77.6519 12.1203
174.024 36.8358 1306 36.8254 9.64179 0
-129.352 260.068 1306 68.8873 55.5356 44.7564
278 19.2807 1251.63 15.7267 12.4163 9.5835
218.901 140.329 1306 12.7964 1.04235 0
277.313 278 1224.25 12.2755 0.97923 0
-13.3872 -278 832.967 68.8873 55.5356 44.7564
278 -14.9361 783.408 68.8873 55.5356 44.7564
-278 186.776 802.244 68.8873 55.5356 44.7564
-205.503 278 896.042 20.7736 53.8305 8.77285
-19.1563 60.1796 1306 68.8873 55.5356 44.7564
-115.617 -78 1140.84 68.8873 55.5356 44.7564
-278 237.228 909.294 68.8873 55.5356 44.7564
125.62 -221.302 908.209 28.3211 73.3882 11.9602
-154.707 -78 1148.38 68.8873 55.5356 44.7564
-56.7709 156.606 1306 68.8873 55.5356 44.7564
278 3.02792 808.376 110.741 87.4301 67.483
175.602 -195.563 914.943 91.6155 7.46267 0
278 11.8699 876.105 96.919 7.73134 0
278 150.745 965.89 68.8873 55.5356 44.7564
278 -194.272 786.979 68.8873 55.5356 44.7564
-278 223.197 923.343 68.8873 55.5356 44.7564
-172.295 -19.8767 1306 68.8873 55.5356 44.7564
-278 -159.19 1233.77 68.8873 55.5356 44.7564
278 35.7129 820.862 68.8873 55.5356 44.7564
-278 272.323 1134.27 68.8873 55.5356 44.7564
-44.4451 -84.3867 1306 68.8873 55.5356 44.7564
278 -179.951 782.509 68.8873 55.5356 44.7564
94.6239 -206.212 1306 45.497 3.78432 0
-82.7404 184.401 1306 68.8873 55.5356 44.7564
16.9534 -278 778.291 68.8873 55.5356 44.7564
5.30801 -278 1033.14 68.8873 55.5356 44.7564
-278 -232.163 798.181 17.0261 13.4421 10.3753
278 257.681 841.475 68.8873 55.5356 44.7564
278 23.9091 934.923 68.8873 55.5356 44.7564
-278 -230.597 949.463 125.239 10.417 0
278 -242.693 1164.34 68.8873 55.5356 44.7564
-278 268.271 1088.5 68.8873 55.5356 44.7564
278 174.622 1052.71 68.8873 55.5356 44.7564
257.526 278 954.402 19.5722 1.62796 0
278 66.6172 918.46 38.4158 3.12922 0
218.303 278 762.697 17.0331 0.14315 0
278 95.786 1128.49 68.8873 55.5356 44.7564
254.025 127.933 1306 18.1509 1.50974 0
205.87 -278 1284.39 68.8873 55.5356 44.7564
278 241.285 1053.79 68.8873 55.5356 44.7564
-98.0348 193.297 1306 68.8873 55.5356 44.7564
179.279 -278 1196.75 68.8873 55.5356 44.7564
278 232.663 920.493 68.8873 55.5356 44.7564
278 215.742 1138.59 68.8873 55.5356 44.7564
103.237 -182.483 1306 51.6699 4.29776 0
-52.2763 -213.085 800.213 98.6114 8.03254 0
278 -138.363 1086.14 68.8873 55.5356 44.7564
191.976 -278 1095.2 72.154 6.00158 0
-183.979 70.1404 1306 68.8873 55.5356 44.7564
218.492 168.816 1306 68.8873 55.5356 44.7564
278 164.054 1270.83 69.9385 55.2165 42.619
270.649 112.997 1306 16.4681 1.34144 0
278 242.806 848.012 68.8873 55.5356 44.7564
28.0098 226.912 1306 68.8873 55.5356 44.7564
-278 81.7313 1070.33 78.6902 62.126 47.952
-224.975 278 1051.8 12.7174 32.2727 5.0373
-278 263.594 1016.83 5.62599 13.9816 2.09011
66.1138 -278 1175.97 68.8873 55.5356 44.7564
181.328 -227.705 941.618 26.0558 20.5711 15.8778
-179.86 205.493 1306 68.8873 55.5356 44.7564
-246.467 110.248 1306 68.8873 55.5356 44.7564
134.662 -278 1174.38 32.3963 25.5769 19.7416
186.755 -219.313 1306 24.8142 19.1855 14.1827
278 -77.7066 1289.71 4.77555 3.6159 2.56007
-139.106 115.936 1306 68.8873 55.5356 44.7564
-72.7337 -78 1221.44 52.5388 41.4795 32.016
-278 -13.3836 1072.14 25.9227 20.0426 14.8162
148.064 -72.6325 915.772 68.8873 55.5356 44.7564
104.497 -278 1122.41 79.5403 62.7972 48.4701
152.794 -23.9145 1306 68.8873 55.5356 44.7564
133.213 278 1231.01 33.1439 26.1672 20.1972
278 203.001 1136.34 68.8873 55.5356 44.7564
-278 175.933 904.206 68.8873 55.5356 44.7564
-256.267 278 914.078 8.88685 23.0284 3.75298
-278 145.626 913.055 17.5384 44.5068 6.94687
58.5548 -278 787.119 68.8873 55.5356 44.7564
-59.6684 -246.183 823.297 34.3367 27.1089 20.924
138.553 -86.285 904.847 35.8865 27.7462 20.5111
-278 100.219 1079.63 68.8873 55.5356 44.7564
278 183.39 861.919 68.8873 55.5356 44.7564
256.369 278 778.565 23.2945 1.93758 0
278 147.729 790.541 45.7719 3.72842 0
253.047 278 1135.18 6.18561 0.0519853 0
278 186.665 977.533 68.8873 55.5356 44.7564
-257.432 59.0021 1306 68.8873 55.5356 44.7564
-278 117.85 1177.73 68.8873 55.5356 44.7564
22.9968 -278 1282.92 68.8873 55.5356 44.7564
12.8193 -273.367 1306 24.8906 19.6511 15.1678
10.7978 -278 1282.37 48.68 37.6378 27.8233
278 -116.679 1043.3 39.9487 30.2479 21.4156
180.695 -82.3987 1306 68.8873 55.5356 44.7564
276.159 -278 1143.23 82.5119 65.1432 50.2809
278 -277.228 1144.48 54.075 41.809 30.9068
180.667 -62.3637 1306 36.8206 2.93722 0
123.305 239.499 1306 68.8873 55.5356 44.7564
278 142.148 875.551 68.8873 55.5356 44.7564
-88.1282 -78 1129.05 68.8873 55.5356 44.7564
-278 -77.6297 1150.66 0.266627 0.210503 0.162477
-27.8218 -139.851 1306 68.8873 55.5356 44.7564
-87.246 -94.342 1237.25 93.2025 73.5835 56.7955
256.822 230.631 1306 113.776 87.9679 65.0292
-58.1309 -278 750.923 68.8873 55.5356 44.7564
-278 272.101 1012.04 68.8873 55.5356 44.7564
-258.6 278 985.694 25.0144 64.8196 10.5638
218.555 152.441 1306 68.8873 55.5356 44.7564
278 174.239 1280.51 51.4531 40.6222 31.3543
269.495 278 1049.69 3.45623 0.281532 0
278 269.491 1056.58 4.24336 0.338498 0
278 101.913 1090.12 68.8873 55.5356 44.7564
37.2023 278 1064.36 110.799 9.21601 0
-278 7.36081 1087.26 144.139 11.741 0
-51.6989 -278 988.086 68.8873 55.5356 44.7564
278 -126.84 1085.49 55.4547 43.7815 33.7928
169.6 -278 1066.69 68.8873 55.5356 44.7564
-278 -164.711 880.896 31.3613 24.7598 19.1109
-278 -71.6785 998.224 68.8873 55.5356 44.7564
-70.1651 -278 925.04 29.5119 76.4739 12.4631
278 -74.454 942.555 29.7613 75.5248 11.7883
227.083 -278 1051.53 12.8188 3.35626 0
-278 150.198 803.798 68.8873 55.5356 44.7564
-278 258.14 1265.8 68.8873 55.5356 44.7564
-234.912 278 1261.15 38.7418 100.391 16.361
-12.1023 -234.833 1306 70.8385 179.766 28.0588
278 -103.098 1280.63 11.2462 27.9489 4.17808
-136.841 -278 1030.34 68.8873 55.5356 44.7564
278 28.3127 1079.8 81.4647 64.3165 49.6428
119.039 173.586 1306 82.927 6.75494 0
-20.1949 278 1182.93 95.7612 7.63898 0
121.098 -278 900.147 68.8873 55.5356 44.7564
-278 254.882 907.273 68.8873 55.5356 44.7564
201.076 157.299 1306 68.8873 55.5356 44.7564
278 198.038 1298.55 11.7455 9.27306 7.15742
233.087 278 1239.64 9.6788 0.788401 0
-13.9613 277.542 1306 0.0345875 0.00275909 0
-34.4754 -178.716 1115.52 68.8873 55.5356 44.7564
278 -247.397 1079.04 105.574 83.3505 64.3342
247.226 -278 1119.42 109.618 8.92912 0
278 -266.062 1135.99 70.8523 5.65197 0
278 258.334 1088.96 68.8873 55.5356 44.7564
-278 203.247 1055.87 68.8873 55.5356 44.7564
-253.669 278 1054.15 13.2628 34.3679 5.60099
278 110.255 1076.91 68.8873 55.5356 44.7564
161.646 -87.3594 918.227 57.4837 4.78134 0
119.597 -72.0222 1306 113.398 9.23699 0
182.336 -278 1197.9 101.756 8.11722 0
-29.9401 -278 834.285 68.8873 55.5356 44.7564
124.102 -256.793 1306 68.8873 55.5356 44.7564
110.705 -278 1259.39 121.32 95.7824 73.9298
-278 -237.295 1280.17 25.2348 19.5107 14.4231
-256.593 -278 1278.19 7.30172 18.1461 2.71266
278 248.148 989.411 68.8873 55.5356 44.7564
261.894 278 985.937 65.0791 5.41311 0
278 260.673 979.785 92.2614 7.51529 0
272.484 278 976.905 55.2809 0.464593 0
181.618 -110.258 1306 68.8873 55.5356 44.7564
32.7613 264.761 1306 68.8873 55.5356 44.7564
-108.338 278 1261.5 41.2713 32.5837 25.1498
-96.1748 246.482 1306 46.5654 36.0028 26.6146
278 119.466 996.251 68.8873 55.5356 44.7564
207.819 278 1177.16 38.5881 3.20966 0
-278 117.714 851.98 68.8873 55.5356 44.7564
-78.1945 -25.0175 1306 68.8873 55.5356 44.7564
-278 68.6134 1235.29 42.0456 33.195 25.6216
268.084 -278 1282.91 68.8873 55.5356 44.7564
278 -266.769 1302.45 62.8506 49.6207 38.2998
-278 144.722 1202.43 68.8873 55.5356 44.7564
278 190.154 1241.74 68.8873 55.5356 44.7564
278 218.612 983.487 68.8873 55.5356 44.7564
145.868 -7.63223 903.325 68.8873 55.5356 44.7564
278 220.085 1129.92 68.8873 55.5356 44.7564
172.017 97.7441 1306 61.051 5.07806 0
244.535 278 1296.12 6.20346 0.505312 0
96.6581 -278 1254.46 11.9588 0.953965 0
67.7007 -187.407 1306 68.8873 55.5356 44.7564
-278 -158.238 1292.07 5.529 4.36515 3.36925
278 20.0179 941.961 68.8873 55.5356 44.7564
-77.2249 278 1049.39 108.282 9.00664 0
278 -22.4718 1242.03 68.8873 55.5356 44.7564
278 165.74 1067.15 68.8873 55.5356 44.7564
190.225 278 1106.02 81.8723 6.80992 0
-278 191.074 844.367 26.1948 2.13373 0
267.344 225.467 1306 68.8873 55.5356 44.7564
42.577 221.881 1306 68.8873 55.5356 44.7564
168.241 278 1274.72 30.5373 24.1093 18.6088
278 191.899 1295.44 37.2866 28.8287 21.3113
209.146 245.996 1306 58.2175 4.64408 0
-278 31.7653 1245.87 68.8873 55.5356 44.7564
-117.28 239.537 1306 68.8873 55.5356 44.7564
-278 268.414 766.505 68.8873 55.5356 44.7564
278 97.5814 878.62 68.8873 55.5356 44.7564
-278 105.749 842.385 137.468 11.4342 0
45.5778 64.2274 1306 68.8873 55.5356 44.7564
-82.9953 -101.026 1233 45.3597 35.8115 27.6412
24.6849 -92.5005 1306 88.9019 68.736 50.8123
133.75 -278 794.388 68.8873 55.5356 44.7564
-152.504 238.311 1306 68.8873 55.5356 44.7564
-143.857 278 1303.71 7.75502 6.12259 4.72573
276.106 -278 1280.29 12.3693 9.56354 7.06973
207.159 -197.406 1306 18.2692 13.8329 9.7937
-92.234 266.357 1306 68.8873 55.5356 44.7564
-278 112.899 1128.16 68.8873 55.5356 44.7564
30.161 -152.962 1306 29.7391 77.0629 12.5591
181.882 202.824 1306 68.8873 55.5356 44.7564
254.366 278 1252.66 62.668 49.4764 38.1884
218.398 276.634 1306 2.65899 2.05584 1.51976
218.322 278 1304.51 3.91566 2.96482 2.0991
278 29.3968 777.899 68.8873 55.5356 44.7564
-278 205.04 823.6 68.8873 55.5356 44.7564
-129.327 -114.448 1079.33 14.6362 37.9266 6.18097
-278 -7.18515 824.469 68.8873 55.5356 44.7564
163.158 182.597 1306 68.8873 55.5356 44.7564
278 243.041 893.233 68.8873 55.5356 44.7564
-278 158.531 957.684 68.8873 55.5356 44.7564
-278 -158.333 1105.54 68.8873 55.5356 44.7564
-252.398 -278 1069.54 68.8873 55.5356 44.7564
-278 -254.035 1098.09 73.0213 57.6504 44.4975
-230.268 -278 1160.86 26.3134 66.7751 10.4226
-278 -236.691 1192.9 30.7097 76.319 11.4089
-136.021 15.5601 1306 68.8873 55.5356 44.7564
278 135.149 1288.79 5.49814 4.34079 3.35044
202.236 229.626 1306 68.8873 55.5356 44.7564
260.569 278 1272.16 56.1765 44.3514 34.2327
148.028 111.459 1306 91.7989 70.9759 52.468
184.47 278 1134.63 130.159 98.5522 69.7752
157.219 -158.007 1306 68.8873 55.5356 44.7564
278 -101.204 1226.16 70.7258 55.8381 43.0987
-278 156.257 853.545 68.8873 55.5356 44.7564
-278 73.1307 1096.09 68.8873 55.5356 44.7564
-25.5205 -278 1240.34 68.8873 55.5356 44.7564
-91.3656 -270.451 1241.37 15.6895 12.3869 9.56083
-73.857 -278 1245.12 24.2809 18.7732 13.8778
-196.228 -200.126 1306 24.0405 18.2027 12.8876
-168.8 160.973 1306 68.8873 55.5356 44.7564
278 -275.406 1157.06 68.8873 55.5356 44.7564
129.655 -63.5663 1306 68.4832 5.69625 0
278 86.4437 1255.81 31.7013 2.58228 0
251.783 -1.24883 1306 15.9231 0.133822 0
-278 246.87 1117.41 68.8873 55.5356 44.7564
48.8354 55.6261 1306 68.8873 55.5356 44.7564
94.6992 -278 1075.79 77.7517 61.3851 47.3801
-12.6551 278 1293.71 142.496 110.173 81.4439
19.3676 256.153 1306 153.1 115.923 82.0737
-278 214.922 1091.44 68.8873 55.5356 44.7564
12.1033 44.8617 1306 68.8873 55.5356 44.7564
-152.782 278 1301.25 2.29217 1.80967 1.3968
278 220.758 985.062 0.488281 0.377522 0.279079
36.8573 278 1147.71 0.794381 0.0633687 0
-34.4213 -278 997.778 68.8873 55.5356 44.7564
266.205 278 898.613 119.729 94.526 72.96
46.3909 -278 799.571 219.692 169.859 125.566
-140.908 -217.321 1090.91 75.8224 57.4105 40.6468
-111.392 -197.514 837.958 68.8873 55.5356 44.7564
-39.4483 278 1056.1 114.57 90.4531 69.8164
-278 245.711 1235.09 24.6639 19.0693 14.0968
-278 151.024 1087.63 68.8873 55.5356 44.7564
-278 28.2879 897.1 68.8873 55.5356 44.7564
10.0583 -278 864.984 68.8873 55.5356 44.7564
-122.254 278 750.109 131.404 103.743 80.0744
-278 -69.1941 1062.08 185.433 143.371 105.985
-262.163 -278 1236.8 6.69992 16.6505 2.48909
278 75.7453 1022.7 68.8873 55.5356 44.7564
-132.205 -278 1030.68 68.8873 55.5356 44.7564
-160.638 -177.08 1110.64 105.45 83.2528 64.2588
-241.613 -278 1060.8 140.689 108.776 80.4114
-195.918 -198.366 1145.92 178.976 135.515 95.9453
-278 144.368 1250.6 68.8873 55.5356 44.7564
6.71793 78.6063 1306 68.8873 55.5356 44.7564
-278 111.938 1122.35 74.3209 58.6764 45.2895
-278 112.165 1123.75 68.8873 55.5356 44.7564
-203.322 136.249 1306 68.8873 55.5356 44.7564
278 166.376 1015.12 68.8873 55.5356 44.7564
278 32.4518 1005.27 68.8873 55.5356 44.7564
244.126 -278 1224.73 12.2268 1.01699 0
-278 268.82 1292.72 17.615 1.43485 0
278 -170.942 889.446 68.8873 55.5356 44.7564
-174.777 243.475 1306 68.8873 55.5356 44.7564
44.9672 -278 804.456 68.8873 55.5356 44.7564
64.5106 88.5522 1306 68.8873 55.5356 44.7564
-228.823 278 1259.43 18.2117 14.3782 11.0978
-173.837 205.97 1306 68.8873 55.5356 44.7564
-278 132.949 1211.82 81.9777 64.7215 49.9554
-278 68.0305 963.724 68.8873 55.5356 44.7564
-116.53 204.214 1306 68.8873 55.5356 44.7564
-95.9622 278 1246.32 84.6733 66.8497 51.598
278 33.7744 757.374 62.4525 48.2862 35.695
148.109 -60.1985 1306 28.3848 2.26429 0
278 39.9259 1138.1 68.8873 55.5356 44.7564
-14.5397 -206.605 1164.54 105.102 8.74213 0
278 35.0228 1117.85 95.5878 7.78624 0
-24.8963 278 1085.96 148.624 1.24907 0
-86.5415 -209.695 844.54 68.8873 55.5356 44.7564
278 145.503 816.526 68.8873 55.5356 44.7564
192.391 -278 974.61 68.8873 55.5356 44.7564
278 -151.025 951.106 112.913 89.1451 68.8068
-278 266.172 936.075 68.8873 55.5356 44.7564
-273.7 278 919.775 8.95008 23.1923 3.77969
-145.956 -278 1000.31 68.8873 55.5356 44.7564
205.481 -121.725 1306 43.8236 34.5988 26.7051
278 -243.698 1234.99 39.2249 30.3274 22.4191
-105.865 204.347 1306 68.8873 55.5356 44.7564
278 42.7684 1149.9 48.3526 38.1745 29.465
200.712 265.929 1306 68.8873 55.5356 44.7564
199.082 278 1164.72 137.265 108.371 83.6464
-203.056 -278 839.763 68.8873 55.5356 44.7564
-40.8025 278 865.162 132.131 104.318 80.5177
226.564 -50.9758 1306 68.8873 55.5356 44.7564
278 -66.7712 1253.58 96.1401 75.9027 58.5856
15.9315 278 1133.43 112.122 9.13309 0
-14.3858 107.768 1306 156.264 12.4654 0
-77.007 -197.905 767.356 68.8873 55.5356 44.7564
170.492 -278 1066.86 68.8873 55.5356 44.7564
278 -87.2778 988.363 112.978 89.1966 68.8465
-106.692 81.3519 1306 68.8873 55.5356 44.7564
-278 81.0321 1046.71 114.952 90.7545 70.049
-273.435 -278 1027.26 0.907903 2.30397 0.359616
-278 -261.278 1019.15 1.58673 3.9433 0.589485
168.76 245.473 1306 68.8873 55.5356 44.7564
-86.8483 -278 945.787 72.4585 57.2061 44.1546
278 -239.564 1287.2 11.1144 8.59328 6.35248
271.831 -240.661 1306 6.92014 0.552028 0
-278 72.3882 939.541 68.8873 55.5356 44.7564
278 93.1426 1131.1 68.8873 55.5356 44.7564
261.984 278 1249.31 10.0294 0.834221 0
278 250.137 1212.7 11.4731 0.934555 0
228.654 74.3316 1306 5.52193 0.0464076 0
141.302 75.2262 1306 68.8873 55.5356 44.7564
278 -104.295 1115.43 88.8964 70.1838 54.1715
65.7596 -78.7605 1306 131.764 10.7331 0
278 142.318 1212.34 77.0211 6.14407 0
-19.633 166.235 1306 68.8873 55.5356 44.7564
199.817 278 1143.88 75.757 59.8102 46.1646
49.6453 273.362 1306 3.17853 2.45753 1.8167
-278 -18.8766 1055.68 3.14866 2.38407 1.68793
-278 -265.793 1132.91 68.8873 55.5356 44.7564
-275.336 -278 1133.99 9.10237 23.5869 3.844
-278 -275.219 1133.61 13.0834 33.2015 5.18228
-278 157.358 991.062 68.8873 55.5356 44.7564
208.544 -21.4618 1306 34.3834 89.0976 14.5204
278 38.2535 1258.57 31.6189 80.2387 12.5241
93.2828 175.859 1306 68.8873 55.5356 44.7564
278 74.9111 1193.34 65.0134 51.3281 39.6177
-109.619 249.971 1306 68.8873 55.5356 44.7564
-91.7276 278 1097.79 136.05 107.412 82.9061
278 224.634 912.526 34.8239 26.9247 19.9037
-79.8767 -185.13 783.964 68.8873 55.5356 44.7564
-278 172.887 974.35 68.8873 55.5356 44.7564
278 -155.288 755.6 68.8873 55.5356 44.7564
-278 -189.085 1254.1 68.8873 55.5356 44.7564
-70.7672 278 946.384 14.8915 38.5882 6.28879
-278 -69.4764 1068.26 24.4921 62.1531 9.7012
107.467 -194.873 1306 68.8873 55.5356 44.7564
-148.432 278 1151.26 38.1038 30.083 23.2196
-278 164.149 982.64 68.8873 55.5356 44.7564
-278 63.7715 1029.46 68.8873 55.5356 44.7564
136.519 -101.638 906.355 38.3775 99.4475 16.2071
278 191.636 844.889 68.8873 55.5356 44.7564
-278 15.1049 923.933 68.8873 55.5356 44.7564
278 120.136 1008.5 68.8873 55.5356 44.7564
-278 12.7036 867.559 68.8873 55.5356 44.7564
-278 132.166 1163.91 68.8873 55.5356 44.7564
278 194.528 806.201 68.8873 55.5356 44.7564
278 -10.3596 1052.22 68.8873 55.5356 44.7564
7.87307 26.1457 1306 68.8873 55.5356 44.7564
-188.935 278 1146.47 61.5262 48.575 37.4927
-123.099 192.52 1306 54.616 42.2273 31.216
-278 275.194 1146.87 73.3522 55.5401 39.3225
278 190.799 1216.77 68.8873 55.5356 44.7564
207.921 148.864 1306 79.8209 6.63929 0
-50.0103 278 1078.53 98.8514 8.05208 0
-278 -62.0195 1077.28 68.8873 55.5356 44.7564
-271.785 278 916.386 0.70804 1.83474 0.299011
-234.608 176.639 1306 0.355025 0.900941 0.140624
-278 -10.701 970.566 68.8873 55.5356 44.7564
-198.539 278 842.821 10.4622 27.1106 4.41825
-278 207.702 1082.7 68.8873 55.5356 44.7564
-278 -167.479 1001.29 68.8873 55.5356 44.7564
-213.046 -278 1184.22 12.4637 32.2972 5.26353
-278 -118.674 1071.48 19.3071 48.9953 7.64746
242.738 -278 1109.32 68.8873 55.5356 44.7564
159.707 -223.957 940.993 38.1213 30.0968 23.2303
-278 45.3459 876.463 68.8873 55.5356 44.7564
-278 14.0328 1030.51 68.8873 55.5356 44.7564
278 259.676 1056.28 68.8873 55.5356 44.7564
124.742 254.956 1306 68.8873 55.5356 44.7564
-154.077 278 1226.71 37.5658 29.6583 22.8918
-278 214.762 1277.28 32.0958 24.8154 18.3445
63.21 278 1292.74 19.6168 48.7514 7.28786
141.605 -57.4294 903.551 68.8873 55.5356 44.7564
278 253.248 1277.15 68.8873 55.5356 44.7564
-95.202 210.479 1306 68.8873 55.5356 44.7564
141.07 278 1261.09 24.7715 19.5571 15.0952
155.638 222.495 1306 37.7356 29.1759 21.5679
-105.885 -78 1084.22 68.8873 55.5356 44.7564
278 -92.0486 964.896 68.8873 55.5356 44.7564
-278 -224.989 978.039 68.8873 55.5356 44.7564
278 212.905 1137.13 68.8873 55.5356 44.7564
254.484 278 1227.16 28.531 2.37313 0
-278 222.545 1225.18 5.91063 0.481459 0
35.2191 -278 752.584 1.5231 0.398786 0
22.2474 171.233 1306 68.8873 55.5356 44.7564
125.057 278 1266.92 35.1273 27.733 21.4058
-24.5838 238.101 1306 68.8873 55.5356 44.7564
-51.2337 278 1254.51 100.793 79.576 61.4208
-84.4681 225.828 1306 130.675 101.034 74.6878
-71.1944 278 1207.87 229.132 173.492 122.833
-57.6239 198.752 1306 68.8873 55.5356 44.7564
122.261 -278 1154.77 68.8873 55.5356 44.7564
-73.4565 -217.781 1076.54 37.8481 29.8812 23.0638
-278 216.026 1014.36 68.8873 55.5356 44.7564
-97.7023 278 1010.42 40.5267 105.017 17.1147
-57.0646 118.738 1306 38.1677 96.8575 15.118
278 31.8441 1212.75 19.8559 49.3454 7.37666
-227.037 194.356 1306 68.8873 55.5356 44.7564
-278 271.509 1126.2 122.522 96.7316 74.6624
-274.569 278 1118.84 25.1503 63.8234 9.96192
-278 276.811 1117.91 15.9633 39.6717 5.93053
-16.312 -278 1054.78 68.8873 55.5356 44.7564
232.079 88.7077 1306 68.8873 55.5356 44.7564
278 137.727 1276.77 54.9696 43.3985 33.4972
-278 -179.686 1244.1 95.352 7.76704 0
278 25.0106 928.118 68.8873 55.5356 44.7564
-106.964 -78 1125.06 68.8873 55.5356 44.7564
-182.976 137.453 1306 101.852 80.4121 62.0662
278 129.695 1290.42 68.8873 55.5356 44.7564
270.522 126.44 1306 58.5661 4.87137 0
278 -85.794 1093.38 68.8873 55.5356 44.7564
278 247.931 1042.28 68.8873 55.5356 44.7564
-23.5019 221.202 1306 68.8873 55.5356 44.7564
-152.058 278 977.813 126.65 99.9902 77.1775
-278 264.432 921.455 24.7873 19.1647 14.1673
115.19 191.478 1306 10.9306 27.1646 4.06084
278 226.895 942.491 68.8873 55.5356 44.7564
-278 72.6875 1111.64 68.8873 55.5356 44.7564
-79.5492 -78 1107.15 68.8873 55.5356 44.7564
-210.187 -57.0326 1306 12.0947 9.54875 7.37021
-101.436 -87.2687 1248.56 10.97 8.48166 6.26996
-109.466 -165.821 1306 10.4015 7.8757 5.57602
278 228.645 964.042 68.8873 55.5356 44.7564
129.87 217.388 1306 68.8873 55.5356 44.7564
258.959 278 1205.83 79.1885 62.5194 48.2557
278 261.656 1189.05 85.7378 66.2896 49.0038
220.681 278 1115.22 103.588 8.26331 0
278 234.552 972.363 68.8873 55.5356 44.7564
278 226.186 1221.55 68.8873 55.5356 44.7564
-14.8968 -278 863.394 58.9708 4.90503 0
278 -20.9035 1022.2 72.0521 5.86911 0
219.153 -278 1166.58 28.2028 0.237023 0
278 240.672 1226.59 68.8873 55.5356 44.7564
85.2033 -278 1195.12 68.8873 55.5356 44.7564
-278 246.933 941.562 68.8873 55.5356 44.7564
-278 267.498 1132.28 68.8873 55.5356 44.7564
-264.266 278 1128.61 33.3077 86.3102 14.0661
278 -258.126 916.079 68.8873 55.5356 44.7564
-21.3865 -197.271 1128.61 110.832 9.21873 0
-278 159.265 951.495 68.8873 55.5356 44.7564
-278 -252.565 919.389 68.8873 55.5356 44.7564
278 -14.1967 1169.01 68.8873 55.5356 44.7564
186.706 -278 1128.75 44.5961 3.70938 0
-278 61.6466 1167.04 68.8873 55.5356 44.7564
-278 79.7742 1162.58 68.8873 55.5356 44.7564
-278 246.768 1050.89 68.8873 55.5356 44.7564
-264.45 -278 1177.52 1.07553 2.78701 0.454204
-89.4185 278 981.349 1.94461 4.93481 0.770253
-278 162.769 912.655 1.93648 4.81249 0.71942
278 7.76083 1291.2 68.8873 55.5356 44.7564
272.121 6.57624 1306 50.7291 4.21951 0
172.038 -278 1269.04 68.8873 55.5356 44.7564
-278 -251.729 1264.47 8.02842 6.33845 4.89234
-278 179.254 1107.85 68.8873 55.5356 44.7564
-278 -84.1799 812.821 68.8873 55.5356 44.7564
278 61.7176 888.181 68.8873 55.5356 44.7564
192.533 278 904.116 50.515 4.20171 0
278 -36.0726 1201.59 71.9595 5.86157 0
161.709 -278 831.008 68.8873 55.5356 44.7564
278 -22.0376 1165.4 80.7217 63.7299 49.19
207.258 250.078 1306 68.8873 55.5356 44.7564
278 175.104 1233.73 79.093 62.444 48.1975
257.108 278 1258.57 30.6288 2.49492 0
-278 17.8984 874.566 22.5002 1.79487 0
-278 171.742 927.95 68.8873 55.5356 44.7564
-135.788 -278 995.147 68.8873 55.5356 44.7564
-278 228.076 1196.37 68.8873 55.5356 44.7564
-278 -149.209 1208.35 68.8873 55.5356 44.7564
-135.74 -197.856 1214.26 40.5261 105.015 17.1145
-272.431 278 1141.37 7.30724 18.5435 2.89437
-218.226 217.45 1306 4.81992 11.9784 1.79065
-31.4684 135.386 1306 68.8873 55.5356 44.7564
-266.452 -278 1206.9 28.1098 22.1927 17.1295
-154.709 -190.245 1195.29 34.6079 26.7577 19.7803
-278 -163.669 1181.65 68.8873 55.5356 44.7564
-138.052 -47.94 1306 27.2545 70.6245 11.5098
68.27 -278 1034.28 68.8873 55.5356 44.7564
95.3004 -264.143 1306 6.98227 5.51251 4.25484
-73.7144 -175.175 1223.71 5.52515 4.27186 3.15792
-95.5079 -278 1265.33 1.36993 1.03727 0.734392
278 161.626 964.22 68.8873 55.5356 44.7564
234.685 278 952.307 47.8388 3.97911 0
23.1382 47.6737 1306 46.6764 3.80209 0
-9.31894 278 1144.69 53.1997 4.2438 0
-278 267.266 904.709 68.8873 55.5356 44.7564
-276.658 278 915.747 3.71995 9.6395 1.57096
-209.891 224.299 1306 68.8873 55.5356 44.7564
-278 188.044 1031.48 68.8873 55.5356 44.7564
-278 178.988 858.211 68.8873 55.5356 44.7564
-234.59 278 849.21 17.1515 44.4445 7.24319
-278 274.526 875.751 2.33637 5.92897 0.925426
-271.885 278 875.59 1.26361 10.3071 0.325333
-278 166.911 1036.47 68.8873 55.5356 44.7564
-34.6947 -278 828.958 68.8873 55.5356 44.7564
-278 27.9696 1079.25 68.8873 55.5356 44.7564
117.402 -278 862.073 68.8873 55.5356 44.7564
-278 -214.887 868.286 21.7136 17.1429 13.2318
76.4472 -278 831.84 68.8873 55.5356 44.7564
146.119 -137.726 881.142 117.699 92.9236 71.7232
-134.175 124.254 1306 32.8983 25.4359 18.8032
47.158 246.787 1306 68.8873 55.5356 44.7564
-89.9116 268.152 1306 68.8873 55.5356 44.7564
-278 -61.6546 1133.19 57.0746 45.0604 34.78
278 164.647 1205.5 32.6568 82.8726 12.9352
256.995 278 1218.74 11.8225 3.09543 0
-127.679 -278 1031 68.8873 55.5356 44.7564
141.321 -278 863.753 68.8873 55.5356 44.7564
-204.993 106.937 1306 68.8873 55.5356 44.7564
-278 248.082 1255.56 41.6816 32.9077 25.3999
278 -103.395 1002.48 20.4602 51.9214 8.10419
278 -171.632 1241.1 68.8873 55.5356 44.7564
270.144 -225.946 1306 12.7344 1.05921 0
278 -214.958 1279.01 22.7753 1.8552 0
233.393 -278 1160.44 68.8873 55.5356 44.7564
173.724 -270.732 1306 6.35755 5.0193 3.87415
175.58 -278 1297.93 9.31058 7.19863 5.3215
-278 -63.1309 898.473 68.8873 55.5356 44.7564
-222.767 278 817.125 6.66847 17.28 2.81615
-133.961 -70.7345 1306 7.66181 19.4432 3.03481
-278 -222.69 863.052 68.8873 55.5356 44.7564
64.2673 -278 1227.48 68.8873 55.5356 44.7564
55.6906 -256.12 1306 36.7811 29.0387 22.4136
-278 269.478 775.422 68.8873 55.5356 44.7564
278 15.8234 1106.43 68.8873 55.5356 44.7564
59.3646 278 890.509 74.5731 6.20279 0
278 256.348 1235.63 68.8873 55.5356 44.7564
241.257 278 1244.96 115.957 9.645 0
278 123.33 1237.56 225.391 18.3595 0
-166.317 268.854 1306 68.8873 55.5356 44.7564
-178.607 278 1299.09 56.6767 44.7463 34.5375
147.475 -278 832.697 79.216 61.2471 45.2762
-99.4053 256.632 1306 68.8873 55.5356 44.7564
-278 260.597 1112.08 68.8873 55.5356 44.7564
-189.752 -125.477 1306 68.8873 55.5356 44.7564
-278 -227.894 1176.53 95.2922 75.2333 58.0689
-100.953 278 765.88 15.5471 39.4537 6.15815
-278 257.353 1200.65 68.8873 55.5356 44.7564
51.4192 30.6807 1306 68.8873 55.5356 44.7564
-136.599 -206.892 826.739 68.8873 55.5356 44.7564
-57.669 278 845.29 43.9552 34.7027 26.7853
-278 172.747 1061.84 68.8873 55.5356 44.7564
217.864 -278 954.454 68.8873 55.5356 44.7564
278 -141.099 761.279 68.8873 55.5356 44.7564
-115.284 -78 1203.47 68.8873 55.5356 44.7564
192.648 278 1183.79 104.111 82.1956 63.4427
278 255.568 1087.12 68.8873 55.5356 44.7564
253.811 54.6436 1306 11.1792 0.929861 0
278 172.22 899.02 68.8873 55.5356 44.7564
223.856 -278 964.665 16.2805 1.35417 0
-278 143.076 1062.22 68.8873 55.5356 44.7564
-91.8218 -71.5156 1306 68.8873 55.5356 44.7564
-217.966 278 790.933 111.733 88.2135 68.0877
220.155 -278 942.989 68.8873 55.5356 44.7564
-278 -201.779 1080.03 68.8873 55.5356 44.7564
-177.069 -161.627 1127.07 36.5472 94.7045 15.4341
97.9104 230.783 1306 68.8873 55.5356 44.7564
-278 -34.2015 1019.01 68.8873 55.5356 44.7564
-267.972 161.51 1306 68.8873 55.5356 44.7564
-240.841 278 1231.64 72.7452 57.4324 44.3293
-173.979 194.254 1306 93.4105 72.2219 53.3891
-278 9.2074 815.338 68.8873 55.5356 44.7564
-278 177.76 939.11 68.8873 55.5356 44.7564
254.914 -175.649 1306 68.8873 55.5356 44.7564
-278 24.2057 1230.73 18.0637 14.2613 11.0076
-243.597 -67.2515 1306 68.8873 55.5356 44.7564
194.847 278 822.946 90.1689 71.1885 54.9469
88.5732 -278 970.638 68.8873 55.5356 44.7564
148.66 -253.888 945.981 47.9499 37.8565 29.2196
202.123 -278 791.979 68.8873 55.5356 44.7564
-31.419 278 1014.33 119.181 94.0933 72.626
278 -130.496 1300.1 68.8873 55.5356 44.7564
278 133.736 1280.08 68.8873 55.5356 44.7564
272.325 157.721 1306 21.8551 1.81785 0
278 199.47 1033.88 68.8873 55.5356 44.7564
186.86 219.019 1306 68.8873 55.5356 44.7564
278 -63.4694 1038 92.3287 72.8936 56.263
138.107 -122.165 924.028 136.138 11.0893 0
-28.8752 -278 992.333 47.6908 3.80435 0
-278 180.1 955.139 68.8873 55.5356 44.7564
278 90.3079 1128.13 68.8873 55.5356 44.7564
-278 57.3247 1201.96 136.34 11.3404 0
-37.4529 -56.103 1306 71.4578 19.1047 0
-83.3428 -101.937 1233.34 106.616 27.9146 0
-180.304 244.865 1306 68.8873 55.5356 44.7564
-265.112 -278 1292.9 3.40725 2.69003 2.0763
-278 123.4 1168.45 6.50583 5.03009 3.71843
-189.56 176.354 1306 2.08284 5.17623 0.773796
-84.1554 -67.263 1306 68.8873 55.5356 44.7564
-278 13.1435 1284.63 13.956 11.0183 8.50447
-278 237.391 902.871 68.8873 55.5356 44.7564
278 137.418 887.789 68.8873 55.5356 44.7564
278 61.6638 1143.3 68.8873 55.5356 44.7564
-278 76.5952 1151.41 68.8873 55.5356 44.7564
-242.141 278 1223.27 7.08864 18.3688 2.99359
-278 -172.101 1055.14 68.8873 55.5356 44.7564
55.6372 278 981.464 25.3068 65.5773 10.6872
-39.5264 -256.455 1110.47 48.4796 123.026 19.2026
-55.4772 -278 1084.09 19.0125 47.2493 7.06332
278 97.0855 801.268 68.8873 55.5356 44.7564
210.517 278 865.422 45.6942 3.80072 0
278 208.42 804.586 55.5649 4.52612 0
278 -116.924 925.202 68.8873 55.5356 44.7564
22.5762 -41.0422 1306 75.7176 6.29799 0
-152.207 146.581 1306 68.8873 55.5356 44.7564
-278 68.1912 1187.62 85.9809 67.882 52.3949
-278 81.0188 921.002 68.8873 55.5356 44.7564
-278 15.6156 998.701 68.8873 55.5356 44.7564
-246.923 47.1953 1306 4.29035 11.1176 1.81185
-278 65.7424 1284.96 4.31227 10.9432 1.70807
-249.173 15.0005 1306 1.24684 10.1703 0.321014
-89.5671 -59.6962 1306 68.8873 55.5356 44.7564
-21.0092 278 993.816 92.5025 73.0308 56.3689
278 117.619 1015.22 87.2733 67.4768 49.8814
181.658 278 1113.49 79.5724 6.34758 0
-278 107.346 1148.58 68.8873 55.5356 44.7564
-71.9695 278 1044.52 30.7646 79.7201 12.9921
278 264.23 1046.17 2.41903 6.13874 0.958168
-29.3913 262.211 1306 68.8873 55.5356 44.7564
-13.2962 278 1274.09 112.523 88.837 68.569
-278 -46.9182 1175.66 169.853 131.325 97.0805
-192.214 -145.887 1306 49.0667 121.94 18.2288
-278 57.3205 1237.45 68.8873 55.5356 44.7564
-145.556 111.25 1306 35.7983 92.7641 15.1179
-278 100.64 1276.06 15.7398 39.9427 6.23448
-222.891 19.8239 1306 5.2759 43.0347 1.35834
-201.114 250.205 1306 68.8873 55.5356 44.7564
-221.662 278 1226.46 126.36 99.761 77.0006
-160.857 256.523 1306 53.0045 40.9813 30.2949
-162.898 -278 1227.82 15.3424 11.6168 8.22471
-3.85174 -188.238 1146.15 68.8873 55.5356 44.7564
-278 157.299 1146.02 68.8873 55.5356 44.7564
-278 0.943054 945.312 68.8873 55.5356 44.7564
130.168 211.618 1306 68.8873 55.5356 44.7564
216.005 -278 1193.6 30.3858 23.9896 18.5164
52.2511 -255.858 1306 6.73299 5.20572 3.84827
35.0563 -278 1298.52 3.47047 2.62774 1.86044
278 239.084 1167.89 68.8873 55.5356 44.7564
-94.9713 -98.2169 1306 68.8873 55.5356 44.7564
86.3416 -278 1035.2 100.241 79.1404 61.0847
278 -198.665 1085.18 74.5439 57.6348 42.6059
257.351 -278 1111.2 35.792 2.85517 0
-278 -204.625 1181.45 68.8873 55.5356 44.7564
-267.381 182.912 1306 68.8873 55.5356 44.7564
-70.7142 -78 1113.45 68.8873 55.5356 44.7564
-278 64.7294 1201.94 73.7112 58.1951 44.9179
-278 -26.1459 1071.35 68.8873 55.5356 44.7564
-89.1311 -20.7331 1306 68.8873 55.5356 44.7564
-278 168.324 1100.93 83.8742 66.2188 51.1111
190.183 -175.718 1306 68.8873 55.5356 44.7564
278 -259.314 1287.31 20.9884 16.5704 12.7899
-64.3181 -238.761 833.331 25.2561 2.05727 0
-58.5141 -278 815.615 0.903017 0.0720347 0
174.122 15.0973 1306 68.8873 55.5356 44.7564
278 103.929 1237.35 61.8346 48.8185 37.6806
-278 118.555 964.824 68.8873 55.5356 44.7564
-52.9264 241.243 1306 22.6069 58.581 9.54704
-203.845 -278 1039.32 68.8873 55.5356 44.7564
-12.0309 206.245 1306 68.8873 55.5356 44.7564
75.4452 -278 1072.45 59.0734 46.6385 35.998
-278 13.7501 1027.87 68.8873 55.5356 44.7564
-184.33 134.101 1306 12.6579 32.8002 5.34551
-44.081 24.616 1306 68.8873 55.5356 44.7564
224.2 -278 1219.6 68.8873 55.5356 44.7564
58.7917 22.1177 1306 117.001 92.3722 71.2976
-62.2126 -78 1093.66 188.133 145.458 107.528
-278 27.8079 1092.18 165.65 125.425 88.8013
-183.449 175.38 1306 68.8873 55.5356 44.7564
-116.745 -78 1210.16 47.3293 37.3665 28.8414
191.777 278 812.961 54.6886 42.2834 31.2575
-278 8.01077 1146.15 68.8873 55.5356 44.7564
-199.949 193.391 1306 68.8873 55.5356 44.7564
278 -34.3805 1025.63 68.8873 55.5356 44.7564
135.822 278 1231.74 48.9285 4.06975 0
278 -1.38962 1267.33 68.8873 55.5356 44.7564
201.869 -102.197 1306 79.3945 6.60383 0
278 144.763 1248.6 68.8873 55.5356 44.7564
-128.817 57.8669 1306 133.471 11.1017 0
-278 -183.72 1047.54 68.8873 55.5356 44.7564
-278 262.309 934.255 68.8873 55.5356 44.7564
-58.7052 -78 1189.21 19.6466 50.9101 8.2969
-5.84057 78.5429 1306 30.4001 77.1459 12.0413
-278 198.412 1200.36 20.3511 50.5761 7.56064
93.1386 -278 1300.56 68.8873 55.5356 44.7564
111.278 -223.145 1306 130.231 102.818 79.36
-278 78.3732 875.588 68.8873 55.5356 44.7564
180.745 -278 1016.49 68.8873 55.5356 44.7564
-278 80.9556 947.01 84.3047 66.5587 51.3734
-174.096 -278 1102.75 13.4629 34.1645 5.33258
-222.295 244.111 1306 68.8873 55.5356 44.7564
204.481 -278 1160.01 68.8873 55.5356 44.7564
-278 196.226 1259.94 68.8873 55.5356 44.7564
76.3028 -278 827.902 68.8873 55.5356 44.7564
278 44.8944 1096.05 68.8873 55.5356 44.7564
109.932 -278 1142.55 63.0985 5.24837 0
278 105.642 1172.03 68.8873 55.5356 44.7564
111.735 -278 1136.93 54.5935 4.54094 0
95.4153 -201.212 1306 44.9776 3.66371 0
278 -52.7396 1225.14 29.2306 2.33176 0
278 206.099 966.14 68.8873 55.5356 44.7564
31.5467 66.779 1306 68.8873 55.5356 44.7564
278 269.066 760.119 68.8873 55.5356 44.7564
278 -82.8748 1075.41 68.8873 55.5356 44.7564
278 29.0324 1037.49 68.8873 55.5356 44.7564
278 270.706 1253.92 68.8873 55.5356 44.7564
-278 260.52 1285.96 68.8873 55.5356 44.7564
223.436 178.452 1306 68.8873 55.5356 44.7564
-278 100.588 1068.94 58.3137 46.0387 35.5351
-243.625 -278 950.285 3.13194 7.94788 1.24055
-278 -236.224 950.737 4.83674 12.0202 1.7969
278 249.967 1240.09 68.8873 55.5356 44.7564
274.224 278 1248.68 17.5938 1.46341 0
-278 -110.606 1046.52 19.3996 1.58022 0
-186.841 271.392 1306 68.8873 55.5356 44.7564
-278 -122.936 868.909 68.8873 55.5356 44.7564
31.3216 211.43 1306 21.0022 54.4228 8.86938
-48.1071 -131.739 1101.89 68.8873 55.5356 44.7564
-62.9797 -278 956.125 61.5938 48.6284 37.5339
-278 -171.887 795.438 45.2872 35.0146 25.8841
-278 79.5901 1142.67 68.8873 55.5356 44.7564
-32.1035 178.902 1306 33.8407 87.6912 14.2912
-278 225.863 995.64 52.6799 133.685 20.8662
278 239.944 1175.55 68.8873 55.5356 44.7564
263.045 278 1232.6 29.3552 2.44169 0
196.48 213.282 1306 32.1043 2.6151 0
-83.5997 -144.367 1066.4 68.8873 55.5356 44.7564
30.5876 -278 1109.72 38.135 30.1076 23.2386
85.4451 -278 1287.47 68.8873 55.5356 44.7564
-21.1057 -263.62 1306 18.1586 14.3362 11.0654
-70.046 178.443 1306 68.8873 55.5356 44.7564
-31.2025 278 1146.26 114.512 90.4073 69.781
278 9.35464 1149.32 68.8873 55.5356 44.7564
-278 -74.8095 1274.53 68.8873 55.5356 44.7564
-278 222.114 820.274 68.8873 55.5356 44.7564
-188.608 278 793.426 35.2208 91.2675 14.874
-278 106.269 1300.33 68.8873 55.5356 44.7564
127.716 -278 1267.56 68.8873 55.5356 44.7564
138.763 -261.933 1306 51.3537 40.5438 31.2938
-278 116.14 1112.53 68.8873 55.5356 44.7564
101.609 -278 1225.66 68.8873 55.5356 44.7564
-89.8929 -222.825 1239.89 38.0462 30.0376 23.1845
-145.591 -159.565 1306 68.8873 55.5356 44.7564
-230.944 -278 1259.09 42.1444 33.2731 25.6819
-195.738 -187.315 1154.26 53.4472 41.3236 30.5479
-189.769 -278 824.075 68.8873 55.5356 44.7564
-278 -232.094 932.498 42.986 33.9375 26.1947
91.7355 143.813 1306 68.8873 55.5356 44.7564
278 42.1215 1259.74 29.3459 23.1686 17.8827
267.72 22.5594 1306 11.7678 0.958564 0
-98.8063 -278 873.29 68.8873 55.5356 44.7564
35.1104 211.354 1306 68.8873 55.5356 44.7564
278 242.651 892.786 68.8873 55.5356 44.7564
-270.179 -11.5852 1306 68.8873 55.5356 44.7564
-67.124 -278 1296.38 3.95288 3.1208 2.4088
-77.8776 -207.182 1227.88 5.64858 4.36729 3.22847
-22.6237 -262.401 1306 9.64397 7.30213 5.16992
-92.8713 198.369 1306 68.8873 55.5356 44.7564
-103.558 278 1290.21 26.5753 20.9813 16.1944
137.67 -278 1189.94 48.1054 37.1935 27.4949
-278 132.465 1023.26 68.8873 55.5356 44.7564
-228.909 236.157 1306 6.89612 17.8699 2.91228
-162.748 212.222 1306 68.8873 55.5356 44.7564
278 162.881 1136.8 49.1083 38.7711 29.9255
158.497 278 1185.54 67.8682 5.5283 0
278 183.689 1052.31 63.2799 5.04791 0
278 224.313 1023.33 68.8873 55.5356 44.7564
129.751 182.85 1306 68.8873 55.5356 44.7564
56.1025 278 1248.9 59.0658 46.6325 35.9934
278 234.527 1049.99 68.8873 55.5356 44.7564
92.888 22.1554 1306 66.9968 5.57262 0
278 -124.674 1068.66 68.8873 55.5356 44.7564
-278 139.861 1101.44 68.8873 55.5356 44.7564
215.679 225.789 1306 68.8873 55.5356 44.7564
278 198.807 807.298 68.8873 55.5356 44.7564
73.1059 -176.831 1306 68.8873 55.5356 44.7564
-117.104 278 896.635 88.0144 69.4875 53.634
-264.491 -60.0239 1306 107.996 83.4987 61.7254
-150.165 -139.356 1306 68.8873 55.5356 44.7564
-176.945 -153.277 1173.06 134.356 106.074 81.8733
93.7711 111.726 1306 68.8873 55.5356 44.7564
278 154.905 1038.52 112.476 88.8 68.5404
157.468 -38.3675 904.875 102.67 8.36312 0
194.068 -278 1275.67 68.8873 55.5356 44.7564
166.688 -257.079 1306 62.7923 49.5746 38.2642
278 -91.6851 763.836 117.868 91.1319 67.3681
-278 210.434 1120.23 68.8873 55.5356 44.7564
278 -74.4351 1290.8 36.8006 95.3613 15.5412
275.358 -61.7645 1306 9.73978 2.60399 0
-90.7736 -78 1106.36 68.8873 55.5356 44.7564
278 35.3302 1192.35 39.5029 31.1876 24.0722
240.636 278 1171.85 11.9811 0.975938 0
237.917 -278 1286.4 23.469 1.87215 0
-278 196.999 1020.21 68.8873 55.5356 44.7564
44.3966 278 759.463 32.7092 84.7592 13.8133
278 -4.52774 826.831 49.5862 125.834 19.6409
-278 157.998 1091.48 68.8873 55.5356 44.7564
63.1661 241.416 1306 68.8873 55.5356 44.7564
-278 33.2814 1289.46 5.69623 4.49718 3.47116
-187.041 -278 814.543 68.8873 55.5356 44.7564
-278 255.431 1113.16 68.8873 55.5356 44.7564
42.2391 274.549 1306 36.6716 95.027 15.4867
20.4654 278 1283.93 51.888 131.675 20.5526
278 20.5877 1069.47 63.2139 157.098 23.4846
278 -258.131 1202.63 68.8873 55.5356 44.7564
-147.223 96.8469 1306 68.8873 55.5356 44.7564
-155.368 188.553 1306 68.8873 55.5356 44.7564
-278 204.429 1305.73 0.300305 0.237091 0.182999
-134.67 278 1233.08 0.15154 0.384561 0.0600244
-109.955 269.978 1306 0.031407 0.0780519 0.011668
-230.144 -278 1083.25 68.8873 55.5356 44.7564
278 131.694 1197.81 68.8873 55.5356 44.7564
26.4176 278 1111.76 114.212 9.49987 0
278 103.772 895.323 68.8873 55.5356 44.7564
278 56.9282 1221.68 68.8873 55.5356 44.7564
57.08 -278 1163.02 68.8873 55.5356 44.7564
278 102.869 860.783 68.8873 55.5356 44.7564
209.068 -278 1212.6 18.1567 1.51022 0
-278 -138.424 929.858 8.73534 0.71155 0
-278 38.1935 1037.38 68.8873 55.5356 44.7564
-278 234.959 968.633 68.8873 55.5356 44.7564
278 275.944 837.631 41.6138 107.834 17.5738
276.286 278 846.864 14.835 3.96623 0
-278 -224.085 1066.23 19.1136 5.00441 0
278 231.048 1169.6 68.8873 55.5356 44.7564
278 225.986 1067.13 68.8873 55.5356 44.7564
-278 143.138 934.413 68.8873 55.5356 44.7564
-172.322 278 853.034 23.8808 61.8822 10.085
-278 150.964 1016.28 26.121 66.2867 10.3464
278 174.305 1029.18 68.8873 55.5356 44.7564
-278 242.541 1165.05 68.8873 55.5356 44.7564
148.698 -278 751.801 23.1569 60.0063 9.77933
278 273.692 1020.6 68.8873 55.5356 44.7564
-189.269 -278 903.068 68.8873 55.5356 44.7564
69.0525 -278 1049.64 68.8873 55.5356 44.7564
278 252.346 1081.71 68.8873 55.5356 44.7564
249.216 194.948 1306 68.8873 55.5356 44.7564
278 110.863 840.07 68.8873 55.5356 44.7564
-278 101.741 1108.3 68.8873 55.5356 44.7564
-278 29.785 1170.33 68.8873 55.5356 44.7564
-271.71 31.1525 1306 1.98496 5.14361 0.838262
233.058 240.638 1306 68.8873 55.5356 44.7564
278 -95.1961 1137.37 68.8873 55.5356 44.7564
40.3013 278 1198.28 73.3228 6.0988 0
-78.5527 -189.714 823.962 112.305 9.14797 0
146.314 235.942 1306 215.428 17.1849 0
-278 204.956 1007.23 68.8873 55.5356 44.7564
267.957 -278 920.053 68.8873 55.5356 44.7564
278 -258.57 931.959 107.496 84.8685 65.5059
275.883 -278 919.231 19.5133 1.58948 0
278 -275.428 915.985 21.5792 1.7214 0
278 -38.2295 887.217 68.8873 55.5356 44.7564
191.15 126.071 1306 26.1163 2.17229 0
278 166.398 1204.62 37.9724 3.0931 0
244.003 278 1233.34 21.4891 0.1806 0
-278 145.534 1032.66 68.8873 55.5356 44.7564
-199.914 173.62 1306 11.7167 30.3615 4.94806
182.109 278 1299.14 0.405924 1.03011 0.160785
180.456 277.668 1306 0.0380388 0.0945333 0.0141318
-237.782 -245.671 1306 68.8873 55.5356 44.7564
-247.536 -278 1287.39 66.4952 52.4981 40.5207
-270.017 -272.583 1306 24.2704 18.7651 13.8719
-265.295 -278 1294.84 40.8091 30.8994 21.8769
122.076 -27.2518 1306 68.8873 55.5356 44.7564
-278 210.191 1020.7 68.8873 55.5356 44.7564
48.6911 278 833.028 36.5793 94.7878 15.4477
-24.6992 -78 1133.19 55.2491 140.205 21.8839
-278 200.674 878.845 67.7609 168.398 25.1739
-278 158.838 869.837 68.8873 55.5356 44.7564
-110.731 231.535 1306 68.8873 55.5356 44.7564
-114.763 -129.983 1235.24 26.4637 20.8931 16.1264
-157.05 -119.454 1306 50.9101 39.362 29.0979
-278 -3.34116 1258.95 68.8873 55.5356 44.7564
-278 137.704 1004.04 68.8873 55.5356 44.7564
221.007 -278 1218.74 68.8873 55.5356 44.7564
-94.1773 -0.039978 1306 68.8873 55.5356 44.7564
-99.0626 278 1305.18 0.404318 0.31921 0.246382
-278 129.288 1107.76 0.394093 0.304699 0.225245
278 121.155 1080.04 0.244883 0.608578 0.0909765
-278 251.034 1121.56 68.8873 55.5356 44.7564
278 226.49 1199.59 68.8873 55.5356 44.7564
233.988 -133.985 1306 16.0235 1.33279 0
-70.1535 -162.073 1220.15 8.67114 0.706321 0
235.497 278 1304.07 8.80856 0.702669 0
278 65.9993 1152.78 68.8873 55.5356 44.7564
-278 196.82 1227.5 68.8873 55.5356 44.7564
-217.301 151.577 1306 23.8563 61.8188 10.0747
101.819 -148.116 1306 68.8873 55.5356 44.7564
17.3962 214.834 1306 68.8873 55.5356 44.7564
278 229.619 1172.63 62.6885 49.4926 38.201
278 183.98 1101.3 68.8873 55.5356 44.7564
121.719 -278 1034.66 68.8873 55.5356 44.7564
41.3835 278 1000.71 136.11 107.459 82.9425
-184.277 -278 761.776 234.342 181.186 133.939
158.483 148.047 1306 258.829 195.978 138.753
256.849 -14.1798 1306 68.8873 55.5356 44.7564
278 123.182 1215.02 68.8873 55.5356 44.7564
-208.639 252.031 1306 68.8873 55.5356 44.7564
-278 215.747 1279.25 44.5532 35.1748 27.1497
-97.3215 278 1149.35 21.6762 55.0073 8.58585
-278 -166.938 772.353 68.8873 55.5356 44.7564
141.213 -142.444 890.167 41.1995 106.76 17.3988
87.1419 -278 967.035 1.93378 4.90732 0.765962
-121.961 -78 1216.48 68.8873 55.5356 44.7564
-111.236 4.37759 1306 92.9303 73.3686 56.6297
-278 -152.587 1005.46 68.8873 55.5356 44.7564
278 -136.992 971.461 68.8873 55.5356 44.7564
181.562 -73.1814 1306 37.537 3.12223 0
231.216 278 1085.09 39.6906 3.23306 0
278 79.0214 1015.38 73.1373 5.83425 0
-278 29.2588 1020.16 68.8873 55.5356 44.7564
-173.935 278 952.622 16.0472 41.583 6.77685
-278 -16.2289 922.274 30.1156 76.4237 11.9286
100.39 -278 1141.8 13.9084 113.448 3.58088
-9.39064 180.5 1306 68.8873 55.5356 44.7564
-278 273.719 1129.94 68.8873 55.5356 44.7564
-258.49 268.358 1306 4.71874 12.2276 1.99276
51.7228 92.7666 1306 68.8873 55.5356 44.7564
278 243.201 1255.69 25.0826 19.8028 15.2848
-278 19.2404 1128.5 68.8873 55.5356 44.7564
-278 -177.526 1121.86 68.8873 55.5356 44.7564
61.0666 -278 780.093 68.8873 55.5356 44.7564
-278 -106.447 1220.79 40.6177 32.0677 24.7515
-110.576 -90.4543 1239.42 25.0057 63.4566 9.90465
-87.4091 132.647 1306 6.56083 16.3048 2.43742
-278 -86.1229 845.615 68.8873 55.5356 44.7564
-278 21.1077 1259.27 68.8873 55.5356 44.7564
-81.1841 255.454 1306 68.8873 55.5356 44.7564
278 -47.8805 861.745 94.6264 74.7076 57.6632
-278 166.5 957.708 68.8873 55.5356 44.7564
-185.036 278 961.23 27.4403 71.106 11.5883
-78.0237 -78 1083.63 68.8873 55.5356 44.7564
278 72.1847 1014.1 52.7026 41.6087 32.1158
-278 103.667 1093.68 68.8873 55.5356 44.7564
203.192 -124.119 1306 68.8873 55.5356 44.7564
209.902 225.923 1306 68.8873 55.5356 44.7564
278 241.354 1303.29 5.33884 4.21502 3.25337
275.948 245.763 1306 3.93643 0.320648 0
-36.4143 -278 1105.38 2.46027 0.196259 0
278 107.819 1244.62 68.8873 55.5356 44.7564
-278 113.685 778.911 68.8873 55.5356 44.7564
108.966 -70.3405 1306 68.8873 55.5356 44.7564
126.738 278 1207.18 37.5564 29.6508 22.886
278 103.02 1153.59 55.3575 42.8005 31.6398
-200.749 278 1034.52 101.261 8.07771 0
-208.903 -233.347 1306 68.8873 55.5356 44.7564
-187.368 -278 1284.79 54.1882 42.7816 33.0211
-240.284 -233.978 1306 66.2374 51.2125 37.8582
-162.244 -278 1282.12 34.1141 25.8302 18.2878
278 137.383 815.069 68.8873 55.5356 44.7564
-278 -9.62624 951.734 129.589 10.7788 0
-131.614 -278 977.126 68.8873 55.5356 44.7564
-63.245 -28.2217 1306 68.8873 55.5356 44.7564
278 53.8908 1012.99 88.2936 69.7079 53.8042
278 -5.73926 1037.15 68.8873 55.5356 44.7564
-278 -63.2909 1208.08 131.053 10.9006 0
-245.155 -8.98631 1306 22.9516 6.13624 0
-278 -20.526 1273.59 31.2777 8.18927 0
-278 79.516 937.071 68.8873 55.5356 44.7564
-67.937 269.686 1306 19.3555 50.1559 8.17399
-70.4069 278 1303.08 12.3662 31.3814 4.89819
278 -30.8728 998.758 68.8873 55.5356 44.7564
181.467 -278 1028.71 49.8123 4.14326 0
-278 -138.97 1148.06 68.8873 55.5356 44.7564
-278 216.512 935.718 68.8873 55.5356 44.7564
-278 111.143 866.791 68.8873 55.5356 44.7564
-258.256 278 789.977 4.58073 11.87 1.93448
-278 246.431 788.257 7.75912 19.6902 3.07335
-158.088 -278 989.203 68.8873 55.5356 44.7564
-148.155 -211.296 1098.16 71.7213 56.6241 43.7054
-186.946 -278 982.054 112.696 87.1331 64.4121
-278 -84.7143 926.532 197.346 149.424 105.793
-248.754 233.29 1306 68.8873 55.5356 44.7564
209.706 136.177 1306 68.8873 55.5356 44.7564
-278 227.164 1067.49 59.6944 47.1288 36.3764
-204.683 -278 986.985 68.8873 55.5356 44.7564
-278 20.7222 1219.84 68.8873 55.5356 44.7564
-149.123 -278 1065.43 15.3396 39.7493 6.47801
-278 -76.1543 1136.06 24.8018 62.939 9.82387
278 257.82 850.866 68.8873 55.5356 44.7564
278 113.086 1081.64 68.8873 55.5356 44.7564
224.079 28.8823 1306 30.2437 2.51559 0
278 234.623 988.122 68.8873 55.5356 44.7564
-278 -46.6163 1099.67 121.017 10.0659 0
278 103.738 1145.09 72.4639 19.3736 0
-64.8759 -78 1121.48 127.816 3.52571 0
-23.4939 -278 1118.32 68.8873 55.5356 44.7564
36.0685 278 1026.72 135.189 106.732 82.3811
-60.2479 20.9303 1306 177.488 137.228 101.444
-278 253.611 1217.52 94.9683 71.9071 50.9104
278 220.574 1225.91 68.8873 55.5356 44.7564
127.299 -136.422 926.404 68.8873 55.5356 44.7564
-278 155.089 1053.68 68.8873 55.5356 44.7564
278 173.235 1208.88 68.8873 55.5356 44.7564
259.844 278 992.824 10.388 0.864043 0
-278 233.82 1170.64 1.61539 0.131584 0
-275.016 278 1077.31 0.0290263 0.00759979 0
278 91.1941 845.425 68.8873 55.5356 44.7564
-278 262.954 1216.13 68.8873 55.5356 44.7564
278 253.678 1291.73 68.8873 55.5356 44.7564
231.132 261.035 1306 130.34 10.8413 0
278 190.884 1262.83 118.739 9.67209 0
-278 151.704 817.017 68.8873 55.5356 44.7564
-278 -63.5387 835.452 68.8873 55.5356 44.7564
-278 183.913 1012.38 68.8873 55.5356 44.7564
-177.091 278 879.955 22.6174 58.6082 9.55148
119.87 89.9681 1306 68.8873 55.5356 44.7564
160.583 -278 1208.95 68.8873 55.5356 44.7564
-194.053 -20.4796 1306 79.0389 62.4013 48.1646
-278 -33.3922 1203.54 121.703 94.0965 69.5597
278 166.894 1176.25 68.8873 55.5356 44.7564
259.292 214.029 1306 18.5019 1.53894 0
-278 217.462 904.024 68.8873 55.5356 44.7564
-206.967 278 846.623 27.7878 72.0064 11.735
-103.21 110.749 1306 68.8873 55.5356 44.7564
-278 -165.447 1000.34 94.1037 74.295 57.3447
278 74.8076 807.046 68.8873 55.5356 44.7564
-124.915 -278 852.074 103.289 8.59128 0
17.8732 64.475 1306 68.8873 55.5356 44.7564
118.167 -278 1214.49 34.2206 27.0172 20.8533
129.287 -233.209 1306 29.912 23.127 17.0963
278 -151.58 1305.04 0.339749 0.257247 0.182132
-278 243.991 986.54 68.8873 55.5356 44.7564
-278 186.159 1220.1 68.8873 55.5356 44.7564
-216.257 276.303 1306 19.0412 49.3413 8.04122
278 -239.822 802.37 68.8873 55.5356 44.7564
259.813 -278 767.993 45.9754 3.82412 0
278 -270.441 763.949 34.5659 2.81562 0
25.298 -278 1123 68.8873 55.5356 44.7564
278 -39.5857 872.592 68.8873 55.5356 44.7564
278 20.7099 1019.07 68.8873 55.5356 44.7564
-67.9405 -99.3084 1306 68.8873 55.5356 44.7564
-53.6069 -278 1282.64 68.8873 55.5356 44.7564
11.0024 -133.03 1306 68.8873 55.5356 44.7564
-278 -91.5616 1261.04 20.9695 16.5555 12.7784
-51.8789 -78 1187.31 68.8873 55.5356 44.7564
-170.742 135.541 1306 68.8873 55.5356 44.7564
-246.478 278 1269.93 30.0554 23.7288 18.3151
-176.757 246.952 1306 22.109 17.0939 12.6365
20.5355 278 967.686 38.0778 28.8314 20.4127
278 47.1346 1225.4 68.8873 55.5356 44.7564
-12.8739 92.8925 1306 68.8873 55.5356 44.7564
81.3735 188.783 1306 68.8873 55.5356 44.7564
93.4366 278 1257.54 65.304 51.5576 39.7948
-278 18.3477 1069.02 68.8873 55.5356 44.7564
-129.052 -163.546 1079.05 27.1315 70.3058 11.4579
-278 72.6389 893.633 38.2757 97.1315 15.1608
108.244 -278 1060.82 68.8873 55.5356 44.7564
103.84 -278 965.061 68.8873 55.5356 44.7564
-74.2877 -260.665 1306 6.20246 4.89685 3.77964
-78.2966 -278 1301.8 2.84739 2.20151 1.62744
-278 139.185 1183.99 68.8873 55.5356 44.7564
-195.107 278 1232.55 21.047 54.539 8.8883
-192.036 260.854 1306 9.56019 24.2607 3.78675
-157.863 278 1236.1 16.775 41.6888 6.23207
278 191.937 1148.17 68.8873 55.5356 44.7564
219.645 -275.095 1306 68.8873 55.5356 44.7564
221.821 -278 1301.95 102.643 81.0366 62.5482
-31.392 -278 1007.3 68.8873 55.5356 44.7564
278 -94.1733 908.038 67.8411 53.5606 41.3409
163.486 -278 863 70.2384 5.72137 0
155.231 -276.15 860.771 29.7025 2.36941 0
-75.7645 -15.6748 1306 68.8873 55.5356 44.7564
278 -238.796 1060.45 69.7526 55.0698 42.5057
236.751 -278 1071.28 99.3385 8.09176 0
278 -77.1483 756.248 68.8873 55.5356 44.7564
278 -126.117 794.018 68.8873 55.5356 44.7564
278 113.073 1000.05 68.8873 55.5356 44.7564
-44.2935 -278 838.819 68.8873 55.5356 44.7564
-57.4822 -247.906 817.205 105.423 83.2316 64.2424
-73.2446 -278 842.275 35.9726 27.8128 20.5603
120.914 -251.858 945.643 68.8873 55.5356 44.7564
117.292 151.937 1306 107.384 84.7797 65.4373
86.2927 -278 1124.26 83.437 64.5107 47.6887
278 -103.579 1206.65 107.024 81.0352 57.3731
185.504 -120.789 1306 68.8873 55.5356 44.7564
-158.975 278 1253.28 13.7147 10.8278 8.35742
-144.307 -278 978.886 24.5902 19.0123 14.0546
-274.776 177.677 1306 38.9132 29.4639 20.8605
278 214.649 1212.02 68.8873 55.5356 44.7564
238.78 278 1179.48 66.4585 5.52785 0
270.363 73.5443 1306 112.063 9.12828 0
-256.422 -278 1271.16 12.3095 0.981946 0
-234.855 -71.8914 1306 68.8873 55.5356 44.7564
278 148.877 864.993 68.8873 55.5356 44.7564
215.24 -278 951.165 68.8873 55.5356 44.7564
245.484 6.04971 1306 85.9106 67.8265 52.352
-256.313 278 1015.29 77.9839 60.2945 44.572
-31.728 -78 1129.55 68.8873 55.5356 44.7564
-114.19 278 1275.44 124.654 98.4143 75.9612
-105.743 264.797 1306 95.8286 74.0914 54.7712
278 185.616 1274.31 15.4502 11.6984 8.28252
-278 2.31372 1264.27 68.8873 55.5356 44.7564
-278 21.4445 1165.71 68.8873 55.5356 44.7564
278 -233.321 892.19 68.8873 55.5356 44.7564
188.546 -273.915 927.773 117.96 9.8116 0
-278 259.937 932.374 68.8873 55.5356 44.7564
278 235.795 994.875 68.8873 55.5356 44.7564
-93.7322 -122.86 1056.27 98.4566 8.18936 0
-278 -48.4703 759.334 68.8873 55.5356 44.7564
-155.607 -278 763.577 20.1653 52.2542 8.51594
-133.4 -245.159 766.984 33.2866 84.4707 13.1847
-16.5185 -78 1148.27 68.8873 55.5356 44.7564
-232.838 46.8015 1306 58.2116 45.9581 35.4729
-87.9814 278 1023.21 83.7862 64.7807 47.8884
-35.7387 -190.64 1306 142.825 108.143 76.5656
-278 171.702 1034.93 68.8873 55.5356 44.7564
-19.4941 113.668 1306 29.2325 75.7501 12.3451
-278 243.923 1012.34 41.6369 105.661 16.4922
-235.539 278 1005.87 20.0636 163.655 5.16561
-278 178.043 1169.06 68.8873 55.5356 44.7564
-278 187.302 1255.5 68.8873 55.5356 44.7564
-278 10.3023 1111.25 68.8873 55.5356 44.7564
-239.275 -214.717 1306 5.53095 14.3323 2.33576
-278 -201.053 1286.25 4.7936 12.1646 1.89872
278 259.415 1202.48 68.8873 55.5356 44.7564
-278 -151.062 821.629 97.0764 8.07456 0
128.338 246.156 1306 68.8873 55.5356 44.7564
278 195.508 1278.09 23.9663 18.9214 14.6045
151.865 -278 1000.7 10.7371 0.874608 0
278 -217.392 982.859 9.22574 0.735948 0
88.797 -278 814.6 68.8873 55.5356 44.7564
-278 -156.533 1037.27 37.5261 29.6269 22.8676
278 -20.7379 1243.81 68.8873 55.5356 44.7564
112.754 -267.042 948.174 68.8873 55.5356 44.7564
-91.6243 -278 943.337 68.8873 55.5356 44.7564
278 15.1914 1062.27 68.8873 55.5356 44.7564
-181.712 -278 977.184 114.772 9.54644 0
-190.225 -271.618 1140.23 8.96466 0.73023 0
278 271.846 1040.17 68.8873 55.5356 44.7564
258.276 278 1019.42 92.8207 7.72058 0
278 214.006 849.651 68.8873 55.5356 44.7564
-278 53.9052 1093.73 68.8873 55.5356 44.7564
-136.853 132.337 1306 22.684 58.7808 9.57961
-227.911 -106.812 1306 68.8873 55.5356 44.7564
278 -80.8742 1138.41 43.2723 34.1635 26.3692
278 -40.3661 842.338 68.8873 55.5356 44.7564
278 194.517 1079.68 68.8873 55.5356 44.7564
255.23 278 1017.48 29.4371 2.4485 0
278 -105.453 822.471 68.8873 55.5356 44.7564
-278 224.837 1012.08 68.8873 55.5356 44.7564
-203.254 99.6772 1306 68.8873 55.5356 44.7564
-278 104.761 917.877 68.8873 55.5356 44.7564
-81.9242 -278 922.156 19.5415 50.6377 8.25251
130.593 -246.89 893.998 5.61283 14.2436 2.22322
278 189.324 1287.82 68.8873 55.5356 44.7564
269.885 278 1187.24 8.32262 0.692254 0
278 221.386 991.311 4.61681 0.376069 0
219.415 278 1057.68 5.14794 0.0432646 0
-181.119 259.387 1306 68.8873 55.5356 44.7564
278 63.4252 817.302 68.8873 55.5356 44.7564
-278 -61.8199 765.878 68.8873 55.5356 44.7564
278 -276.051 1114.1 68.8873 55.5356 44.7564
-242.435 -278 1132.57 68.8873 55.5356 44.7564
-173.514 -201.089 1123.51 102.213 80.6973 62.2863
180.787 179.351 1306 68.8873 55.5356 44.7564
-278 -181.882 904.688 78.0347 61.6085 47.5526
61.3289 -148.246 1306 68.8873 55.5356 44.7564
-191.237 -278 1237.03 32.5199 25.6745 19.8169
-278 181.065 1179.26 68.8873 55.5356 44.7564
-278 217.481 1212.47 68.8873 55.5356 44.7564
-10.4824 -9.19115 1306 31.5976 81.8787 13.3439
-111.447 278 1257.03 10.0366 25.4698 3.97546
-48.3075 215.851 1306 12.324 30.6273 4.57848
278 189.957 969.419 68.8873 55.5356 44.7564
-278 18.5846 1102.13 68.8873 55.5356 44.7564
-278 -101.361 813.64 68.8873 55.5356 44.7564
278 149.047 1058.59 68.8873 55.5356 44.7564
-155.495 171.035 1306 68.8873 55.5356 44.7564
-104.403 278 947.827 130.797 103.265 79.7049
-55.6945 -278 913.566 260.107 201.106 148.665
-278 164.667 1127.8 68.8873 55.5356 44.7564
11.5237 278 971.444 35.6588 92.4026 15.059
221.529 -278 1134.23 68.8873 55.5356 44.7564
278 -199.258 1119.85 110.746 87.4343 67.4863
277.96 -194.211 1306 0.0471575 0.00384128 0
278 -193.989 1305.89 0.0425968 0.00339799 0
-10.0597 254.376 1306 68.8873 55.5356 44.7564
-5.71219 278 1214.2 133.287 105.23 81.222
-107.781 162.674 1306 171.471 132.575 98.0047
-278 33.8104 1096.89 239.965 181.694 128.64
-278 12.8895 908.77 68.8873 55.5356 44.7564
-278 246.914 1068.85 68.8873 55.5356 44.7564
278 138.408 1017.57 68.8873 55.5356 44.7564
278 208.845 1092.74 68.8873 55.5356 44.7564
-160.578 50.4352 1306 117.842 9.80177 0
-278 -15.3863 1140.53 68.8873 55.5356 44.7564
-97.2843 -178.605 792.736 18.2444 47.2766 7.70474
136.126 271.812 1306 19.3693 49.1531 7.67208
122.816 278 1288.42 29.739 73.9067 11.0483
109.426 186.425 1306 68.8873 55.5356 44.7564
-278 -123.966 1127.84 68.8873 55.5356 44.7564
-0.593048 278 1081.66 24.2379 62.8076 10.2359
-278 75.7846 1294.21 24.2779 61.6095 9.61634
-278 70.1762 1104.88 68.8873 55.5356 44.7564
278 -91.3249 996.043 40.4534 104.827 17.0838
41.4046 278 918.331 42.9735 11.4892 0
-278 70.9308 1280.17 68.8873 55.5356 44.7564
278 148.469 763.751 68.8873 55.5356 44.7564
-81.1425 -156.509 1306 68.8809 5.72933 0
-92.0062 -156.582 1242.01 135.818 11.0633 0
-155.392 -187.939 1306 1.22285 0.0975483 0
-278 214.881 838.639 68.8873 55.5356 44.7564
151.18 -63.9703 1306 68.8873 55.5356 44.7564
278 -165.462 1233.13 56.394 44.5231 34.3652
175.427 -278 1002.92 41.9152 3.41427 0
278 240.319 960.932 68.8873 55.5356 44.7564
-278 252.416 1240.75 68.8873 55.5356 44.7564
-114.123 -19.9919 1306 68.8873 55.5356 44.7564
152.951 -120.768 923.795 110.386 87.1496 67.2665
-278 193.987 997.582 68.8873 55.5356 44.7564
-252.299 107.759 1306 68.8873 55.5356 44.7564
-71.4903 -234.082 1078.51 68.8873 55.5356 44.7564
278 206.943 1015.18 68.8873 55.5356 44.7564
-278 164.3 994.475 68.8873 55.5356 44.7564
278 157.775 1283.05 68.8873 55.5356 44.7564
-278 147.609 963.392 68.8873 55.5356 44.7564
278 156.343 1204.72 68.8873 55.5356 44.7564
254.459 72.911 1306 24.3285 2.02358 0
126.934 -258.252 946.709 34.6181 2.81986 0
5.19538 -278 1284.19 63.5195 5.06702 0
-278 92.3015 1102.7 68.8873 55.5356 44.7564
-278 -197.351 783.158 68.8873 55.5356 44.7564
-266.72 -278 771.442 5.87653 15.2278 2.4817
-278 100.355 1118.81 68.8873 55.5356 44.7564
-142.254 -278 1019.7 68.8873 55.5356 44.7564
-278 25.2764 804.564 68.8873 55.5356 44.7564
-278 41.4275 909.118 68.8873 55.5356 44.7564
-5.69832 149.694 1306 68.8873 55.5356 44.7564
38.5656 278 1254.56 48.8251 38.5475 29.7529
278 -245.853 971.52 79.7087 61.6281 45.5578
98.4409 20.0073 1306 68.8873 55.5356 44.7564
-2.30647 -80.2143 1147.69 68.8873 55.5356 44.7564
164.037 -278 1277.67 68.8873 55.5356 44.7564
-278 -158.621 881.108 27.1528 21.4372 16.5463
-144.434 278 960.956 4.86836 12.3544 1.92834
-278 140.782 1071.85 6.03772 15.0048 2.24308
-278 63.4271 1047.43 68.8873 55.5356 44.7564
274.116 278 1201.88 38.6595 100.178 16.3262
177.429 -269.032 948.505 68.8873 55.5356 44.7564
1.01945 278 1212.22 76.2661 60.2122 46.4749
-278 -123.111 1060.74 119.601 92.4714 68.3583
96.2603 -278 800.096 68.8873 55.5356 44.7564
-139.835 83.7259 1306 68.8873 55.5356 44.7564
-278 62.4679 903.805 130.138 102.744 79.3032
278 218.442 1038.75 75.9195 192.66 30.0714
266.82 278 1055.23 27.0307 7.0773 0
-87.7061 253.427 1306 68.8873 55.5356 44.7564
-278 236.868 1201.66 66.0476 52.1446 40.2479
-35.372 164.938 1306 68.8873 55.5356 44.7564
37.6207 278 1195.12 87.6071 69.1659 53.3858
-105.387 173.352 1306 87.7158 67.819 50.1343
-101.752 -78 1065.76 121.209 91.7755 64.9773
-65.6436 -78 1188.11 68.8873 55.5356 44.7564
-278 5.15219 1194.3 50.2157 39.6453 30.6003
26.6463 262.363 1306 68.8873 55.5356 44.7564
278 192.788 1270.16 18.7553 14.8073 11.429
192.316 89.9185 1306 23.1904 1.88901 0
278 137.823 1125.96 40.7211 3.24837 0
278 135.396 1079.43 68.8873 55.5356 44.7564
-220.003 210.665 1306 124.236 10.3336 0
-156.318 -232.376 1193.68 60.4753 4.92611 0
-164.08 -278 1248.88 74.751 5.96297 0
278 104.372 1133.29 68.8873 55.5356 44.7564
-278 243.046 810.124 68.8873 55.5356 44.7564
278 232.986 1054.66 68.8873 55.5356 44.7564
278 254.968 1009.44 68.8873 55.5356 44.7564
212.986 278 1093.21 82.547 6.86604 0
278 216.846 1046.73 68.8873 55.5356 44.7564
92.0471 174.227 1306 68.8873 55.5356 44.7564
278 247.889 1286.72 13.2199 10.4371 8.0559
244.648 251.048 1306 22.8132 1.85829 0
-213.132 -278 796.367 68.8873 55.5356 44.7564
-74.3956 266.312 1306 68.8873 55.5356 44.7564
-86.0615 278 1303.94 17.0154 13.4337 10.3688
278 120.71 1292.93 13.4917 10.4314 7.71126
265.493 135.951 1306 14.2678 1.13816 0
229.244 109.662 1306 68.8873 55.5356 44.7564
-278 -200.034 892.851 68.8873 55.5356 44.7564
-136.197 -278 999.324 68.8873 55.5356 44.7564
278 226.984 1143.46 104.022 82.1257 63.3888
-73.8868 -78 1169.48 68.8873 55.5356 44.7564
-260.865 -278 1068.39 68.8873 55.5356 44.7564
-278 -228.666 1033.06 107.8 85.1085 65.6911
278 90.1776 1030.84 68.8873 55.5356 44.7564
-278 230.564 918.382 68.8873 55.5356 44.7564
160.376 -222.079 1306 25.399 65.8162 10.7262
198.234 278 1064.24 22.0586 55.9776 8.7373
-278 10.0001 978.941 21.3773 53.1263 7.94187
216.464 -278 973.219 68.8873 55.5356 44.7564
278 269.188 1149.57 68.8873 55.5356 44.7564
278 -233.218 1197.17 68.8873 55.5356 44.7564
278 85.5507 1190.08 68.8873 55.5356 44.7564
30.3186 164.431 1306 119.896 9.97263 0
278 158.775 947.611 68.8873 55.5356 44.7564
80.9597 252.401 1306 68.8873 55.5356 44.7564
84.2211 278 1285.65 85.3207 67.3608 51.9925
278 192.939 1150.59 57.8167 44.7019 33.0454
253.056 223.959 1306 17.979 1.43421 0
-278 134.312 1123.23 68.8873 55.5356 44.7564
-174.077 228.3 1306 19.3417 50.12 8.16813
-278 -41.0076 1019.6 27.2452 69.1397 10.7917
-217.895 278 1102.29 3.04172 24.8108 0.783126
50.8313 -278 1165.34 68.8873 55.5356 44.7564
-6.52668 -241.975 1306 31.7907 25.0988 19.3725
258.633 208.297 1306 68.8873 55.5356 44.7564
-278 56.28 1149.05 37.32 29.4642 22.742
-278 -167.985 1161.21 68.8873 55.5356 44.7564
-259.008 8.35797 1306 68.8873 55.5356 44.7564
278 206.004 925.279 68.8873 55.5356 44.7564
-82.3526 192.726 1306 68.8873 55.5356 44.7564
-96.2686 278 1209.63 102.584 80.9901 62.5123
-180.71 -220.128 1306 198.699 153.628 113.567
-278 -266.526 1184.85 296.903 224.806 159.163
-278 236.672 1183.3 68.8873 55.5356 44.7564
-10.5615 103.527 1306 68.8873 55.5356 44.7564
-278 148.485 1027.46 98.7156 77.9361 60.1551
-278 270.414 972.87 68.8873 55.5356 44.7564
161.426 225.73 1306 68.8873 55.5356 44.7564
278 238.139 1207.77 88.4859 69.8597 53.9213
110.147 278 1254.46 166.203 13.5383 0
-278 123.131 935.631 97.9369 7.81254 0
-278 7.0412 1100.73 68.8873 55.5356 44.7564
-278 178.566 1056.96 68.8873 55.5356 44.7564
-67.8111 -78 1085.39 27.0643 70.1315 11.4295
-185.28 -78 1159.26 68.8873 55.5356 44.7564
278 132.932 987.782 68.8873 55.5356 44.7564
132.511 278 895.835 89.0514 7.40706 0
-278 130.986 1092.3 68.8873 55.5356 44.7564
-201.031 120.296 1306 14.5088 37.5967 6.12719
-278 -45.4629 1209.84 13.5114 34.2876 5.3518
-52.6195 181.068 1306 68.8873 55.5356 44.7564
-143.011 249.262 1306 68.8873 55.5356 44.7564
-278 247.701 1293.92 12.2801 9.69516 7.48322
140.855 265.702 1306 68.8873 55.5356 44.7564
278 198.024 1109.53 108.719 85.834 66.2511
278 157.335 801.404 68.8873 55.5356 44.7564
41.8556 -278 1212.43 50.5511 4.20471 0
-278 45.7459 840.734 68.8873 55.5356 44.7564
-147.463 278 968.215 18.9441 49.0899 8.00026
-278 230.561 1061.95 68.8873 55.5356 44.7564
136.841 -130.354 925.392 68.8873 55.5356 44.7564
-251.261 278 1198.8 74.1061 58.5069 45.1586
-278 277.221 1170.6 2.96758 2.29443 1.69613
-278 10.5207 790.786 68.8873 55.5356 44.7564
278 68.1537 1068.29 68.8873 55.5356 44.7564
126.388 -278 1066.07 55.2735 4.59751 0
-68.0443 -200.641 1081.96 40.7503 3.31938 0
66.8445 207.487 1306 68.8873 55.5356 44.7564
278 130.957 787.59 68.8873 55.5356 44.7564
-96.1537 -278 1036.63 84.8308 7.056 0
188.258 -278 805.282 68.8873 55.5356 44.7564
278 119.808 1167.88 68.8873 55.5356 44.7564
-278 67.0532 898.341 123.525 10.2745 0
-226.692 -278 850.447 11.1994 2.99422 0
46.3085 237.439 1306 68.8873 55.5356 44.7564
-278 108.931 1172.25 49.3227 38.9403 30.0561
278 -5.06076 1068.11 68.8873 55.5356 44.7564
102.995 -278 924.51 68.8873 55.5356 44.7564
112.511 -277.395 925.078 8.71727 6.88229 5.31211
112.414 -278 925.052 1.50276 1.16189 0.85891
-68.1574 14.9195 1306 1.71496 1.29852 0.919353
-278 -36.0943 1093.37 68.8873 55.5356 44.7564
-182.1 -86.6963 1132.1 35.7003 92.5101 15.0765
-278 -118.987 1121.54 52.8308 134.068 20.926
93.3623 185.165 1306 68.8873 55.5356 44.7564
155.707 208.687 1306 68.8873 55.5356 44.7564
-4.41644 278 1070.18 110.755 87.4408 67.4913
278 -245.978 977.05 192.646 148.947 110.108
271.716 -278 981.273 73.5763 5.86927 0
-278 150.622 1249.25 68.8873 55.5356 44.7564
-51.0929 95.6715 1306 68.8873 55.5356 44.7564
69.3887 54.154 1306 68.8873 55.5356 44.7564
110.708 278 1140.13 81.1384 64.0589 49.4439
-278 -20.7809 1167.04 68.8873 55.5356 44.7564
278 160.658 885.219 68.8873 55.5356 44.7564
278 -36.3467 1053.24 68.8873 55.5356 44.7564
278 -1.67291 1027.76 68.8873 55.5356 44.7564
278 272.391 810.137 68.8873 55.5356 44.7564
252.615 278 780.057 87.9694 7.31706 0
278 269.97 794.32 46.7697 3.80969 0
256.646 278 823.918 53.4507 0.449212 0
278 179.249 1278.75 68.8873 55.5356 44.7564
203.381 166.343 1306 127.737 10.6249 0
-278 93.378 1272.59 17.4891 1.4246 0
278 89.3522 1292.54 68.8873 55.5356 44.7564
207.384 278 997.563 27.2375 2.26554 0
-278 17.5387 774.514 68.8873 55.5356 44.7564
-278 252.771 926.08 68.8873 55.5356 44.7564
-72.9053 193.68 1306 68.8873 55.5356 44.7564
-88.7957 278 1202.1 106.234 83.8715 64.7363
156.611 -278 989.964 183.517 141.889 104.89
278 -232.31 1195.43 69.0176 52.258 36.9988
278 -11.598 1117.43 68.8873 55.5356 44.7564
-164.249 158.73 1306 68.8873 55.5356 44.7564
278 -17.3703 1086.49 68.8873 55.5356 44.7564
169.641 278 1227.25 43.3135 3.60271 0
-73.8843 -78 1133.29 68.8873 55.5356 44.7564
-178.644 205.459 1306 68.8873 55.5356 44.7564
-35.7844 278 1228.06 60.2687 47.5822 36.7264
-186.084 207.088 1306 68.8873 55.5356 44.7564
-185.151 278 1288.32 33.3258 26.3108 20.308
-269.839 -233.71 1306 68.8873 55.5356 44.7564
-278 -238.874 1301.14 61.9601 48.9176 37.7571
104.495 190.615 1306 68.8873 55.5356 44.7564
-20.7751 -278 810.954 68.8873 55.5356 44.7564
-7.87832 -106.247 1142.12 63.3926 50.0486 38.6301
-278 -42.5418 854.864 68.8873 55.5356 44.7564
278 180.253 1290.68 68.8873 55.5356 44.7564
-46.4414 -78 1125.02 68.8873 55.5356 44.7564
-278 99.5553 836.724 68.8873 55.5356 44.7564
-278 146.55 777.243 68.8873 55.5356 44.7564
278 248.178 1264.56 68.8873 55.5356 44.7564
226.083 195.253 1306 68.8873 55.5356 44.7564
203.689 278 1195.55 108.839 85.9281 66.3237
278 -28.7862 784.206 68.8873 55.5356 44.7564
27.2323 -161.356 1306 58.1728 4.83866 0
114.344 278 1265.56 10.4607 0.852091 0
-278 245.266 1228.64 1.73187 0.138153 0
46.2326 45.4573 1306 68.8873 55.5356 44.7564
127.981 278 959.767 112.237 88.611 68.3945
-151.37 -278 1009.79 199.935 154.583 114.273
-278 -94.882 906.427 298.309 225.871 159.917
194.06 -278 1061.73 68.8873 55.5356 44.7564
-278 -268.314 1184.22 68.8873 55.5356 44.7564
260.043 -278 1074.03 68.8873 55.5356 44.7564
-278 153.708 854.99 68.8873 55.5356 44.7564
61.8241 -278 801.751 68.8873 55.5356 44.7564
147.946 -102.748 883.317 114.097 90.0797 69.5281
-265.528 -278 862.888 68.8873 55.5356 44.7564
-278 -258.702 863.918 115.595 91.2621 70.4407
278 -86.8819 1034.88 65.9327 167.316 26.1156
278 274.802 1265.42 68.8873 55.5356 44.7564
194.987 -275.286 1306 68.8873 55.5356 44.7564
278 -99.365 1202.48 64.7226 51.0986 39.4405
263.868 -278 816.903 4.30215 0.350438 0
-278 232.729 996.09 68.8873 55.5356 44.7564
7.20746 -131.655 1306 68.8873 55.5356 44.7564
262.457 278 1048.38 64.874 51.2181 39.5328
278 269.762 1045.84 60.1324 46.4923 34.3689
-185.455 21.3122 1306 68.8873 55.5356 44.7564
-247.659 -278 1167.09 56.9953 44.9979 34.7317
-278 -202.203 1194.34 100.382 77.6118 57.3736
278 204.014 1160.36 68.8873 55.5356 44.7564
-278 92.7609 1082.59 68.8873 55.5356 44.7564
61.4689 196.335 1306 68.8873 55.5356 44.7564
278 64.3958 1162.06 68.0163 53.6989 41.4476
-278 265.272 888.585 68.8873 55.5356 44.7564
-2.16845 267.139 1306 68.8873 55.5356 44.7564
-2.8347 278 1287.62 118.559 93.6028 72.2475
123.212 -180.193 919.878 68.8873 55.5356 44.7564
-44.9176 -3.95245 1306 68.8873 55.5356 44.7564
278 -261.121 954.537 89.3143 70.5138 54.4261
168.791 278 887.615 35.2047 2.86765 0
278 112.634 972.006 68.8873 55.5356 44.7564
262.589 278 836.649 9.90992 0.824281 0
-260.348 241.193 1306 68.8873 55.5356 44.7564
43.0598 255.437 1306 68.8873 55.5356 44.7564
278 249.112 842.764 68.8873 55.5356 44.7564
-278 6.17108 1267.02 68.8873 55.5356 44.7564
-235.021 11.9121 1306 31.5938 81.8688 13.3423
144.269 -91.7509 1306 68.8873 55.5356 44.7564
121.244 -87.8598 1306 68.8873 55.5356 44.7564
-278 94.2894 1274.87 68.8873 55.5356 44.7564
-278 6.43512 1001.06 68.8873 55.5356 44.7564
-278 -216.19 1109.16 68.8873 55.5356 44.7564
-165.73 -179.299 1115.73 40.6584 105.358 17.1704
-164.131 -278 1055.85 29.0263 73.6595 11.4972
-179.446 -224.188 1129.45 33.7897 83.9735 12.5532
-48.3545 -278 830.565 68.8873 55.5356 44.7564
-278 154.876 1080.69 68.8873 55.5356 44.7564
-79.1539 208.866 1306 68.8873 55.5356 44.7564
25.2642 -278 1124 47.2975 37.3414 28.822
-263.655 -278 897.534 68.8873 55.5356 44.7564
278 -118.786 1168.69 35.0233 27.6509 21.3424
44.4947 177.419 1306 68.8873 55.5356 44.7564
278 253.32 1231.94 68.8873 55.5356 44.7564
278 15.1386 904.791 68.8873 55.5356 44.7564
-278 -277.56 979.764 121.055 10.069 0
211.815 -278 1302.58 68.8873 55.5356 44.7564
278 -271.17 1301.76 14.1404 11.1639 8.61686
274.658 -262.539 1306 9.28264 0.756131 0
-2.58145 -204.18 1147.42 9.06776 0.723346 0
-278 31.0746 868.682 68.8873 55.5356 44.7564
278 12.7986 788.405 68.8873 55.5356 44.7564
278 224.608 986.674 68.8873 55.5356 44.7564
166.232 -278 1178.82 68.8873 55.5356 44.7564
221.406 -190.87 1306 73.3122 57.8801 44.6748
229.652 -278 1266.21 60.679 46.915 34.6814
202.602 263.818 1306 68.8873 55.5356 44.7564
-239.853 -278 787.41 68.8873 55.5356 44.7564
-148.985 -228.351 789.981 66.039 52.1379 40.2427
-278 -270.144 953.472 58.4023 45.1547 33.3801
-278 110.456 1142.78 68.8873 55.5356 44.7564
-278 101.695 1052.7 68.8873 55.5356 44.7564
278 253.1 1103.4 68.8873 55.5356 44.7564
183.725 260.853 1306 68.8873 55.5356 44.7564
278 190.836 1276.56 33.4984 26.447 20.4132
278 77.2934 1290.96 68.8873 55.5356 44.7564
151.224 68.8703 1306 136.518 11.3552 0
189.603 -278 1003.67 68.8873 55.5356 44.7564
278 -260.805 1066.31 21.5954 17.0496 13.1598
235.969 -278 1088.6 35.8852 2.92308 0
-7.50751 -129.992 1157.51 36.2362 2.8906 0
-89.6293 -78 1154.24 68.8873 55.5356 44.7564
-278 -38.8148 967.04 20.1109 15.8776 12.2551
-278 63.8218 949.013 68.8873 55.5356 44.7564
158.629 -278 1070 32.9751 85.4481 13.9256
278 -226.248 1086.93 26.0131 66.013 10.3037
-24.2643 -257.257 1306 41.9811 10.9917 0
-278 185.213 815.711 68.8873 55.5356 44.7564
278 253.864 1018.02 68.8873 55.5356 44.7564
255.232 278 937.436 35.9944 2.99392 0
-90.743 122.135 1306 68.8873 55.5356 44.7564
-278 181.269 1290.11 68.8873 55.5356 44.7564
-213.635 278 1274.68 23.5381 60.994 9.9403
-278 95.1716 1238.2 68.8873 55.5356 44.7564
-278 -124.739 828.001 68.8873 55.5356 44.7564
278 100.043 863.436 68.8873 55.5356 44.7564
264.353 -34.2843 1306 68.8873 55.5356 44.7564
37.7812 -278 1253.72 68.8873 55.5356 44.7564
278 -110.991 1290.69 78.026 61.6017 47.5473
271.003 -76.7615 1306 28.6232 2.33154 0
-10.9304 -215.662 1160.93 23.9911 1.91379 0
-278 29.3349 766.308 68.8873 55.5356 44.7564
278 18.3022 864.732 42.1989 109.35 17.8209
-180.611 -68.3231 1306 68.8873 55.5356 44.7564
278 137.527 799.569 68.8873 55.5356 44.7564
257.612 278 921.995 14.9847 1.24639 0
278 270.589 939.346 7.99517 0.651258 0
237.846 278 917.199 13.8224 0.116167 0
-278 8.59583 1210.37 68.8873 55.5356 44.7564
-48.418 278 1287.31 27.1672 70.3981 11.4729
241.785 -278 1257.52 48.1136 122.097 19.0576
262.043 -266.857 1306 19.9638 49.6135 7.41674
278 229.648 1173.66 68.8873 55.5356 44.7564
209.767 278 1210.83 102.724 8.54428 0
278 232.165 1214.93 114.416 9.31996 0
119.592 252.629 1306 197.152 1.65691 0
278 -42.9721 1182.97 68.8873 55.5356 44.7564
-39.8831 -78.9533 1189.88 136.868 11.3844 0
247.516 278 1148.17 103.342 8.41787 0
-1.63648 -41.3146 1306 68.8873 55.5356 44.7564
278 -0.100494 762.458 68.8873 55.5356 44.7564
-278 -143.727 1216.04 68.8873 55.5356 44.7564
-278 121.871 1085.03 68.8873 55.5356 44.7564
-242.379 278 1216.93 7.35935 19.0703 3.10791
59.7159 248.943 1306 68.8873 55.5356 44.7564
-122.483 278 870.381 126.865 100.16 77.3085
-17.3289 249.624 1306 68.8873 55.5356 44.7564
-278 100.709 1022.25 68.8873 55.5356 44.7564
-140.356 -56.853 1306 68.8873 55.5356 44.7564
-102.379 -278 1255.01 30.5275 24.1015 18.6028
-88.2367 -222.446 1238.24 56.7859 43.905 32.4562
-70.9703 -230.124 1306 97.0656 73.4951 52.0347
-278 47.234 1016.38 68.8873 55.5356 44.7564
-174.276 126.338 1306 68.8873 55.5356 44.7564
-262.049 168.627 1306 68.8873 55.5356 44.7564
-278 177.53 1294.43 73.7058 58.1908 44.9146
-90.8296 93.9103 1306 41.8061 106.091 16.5592
-23.2223 211.945 1306 68.8873 55.5356 44.7564
278 212.158 898.536 68.8873 55.5356 44.7564
29.753 -29.3138 1306 68.8873 55.5356 44.7564
-278 213.025 966.374 90.2541 71.2557 54.9988
274.791 -165.106 1306 68.8873 55.5356 44.7564
278 -167.106 1303.88 67.4138 53.2232 41.0804
277.3 -167.86 1306 39.9836 3.25692 0
42.7151 -278 1148.8 41.4742 3.30845 0
278 97.5727 982.812 68.8873 55.5356 44.7564
278 262.271 840.835 68.8873 55.5356 44.7564
-278 23.0473 1186.53 68.8873 55.5356 44.7564
278 254.02 1172.29 68.8873 55.5356 44.7564
278 257.335 1120.96 68.8873 55.5356 44.7564
278 149.068 1005.94 68.8873 55.5356 44.7564
207.703 -278 816.14 20.4931 1.70456 0
278 32.4333 1070.04 68.8873 55.5356 44.7564
129.666 -278 1137.21 58.299 4.84916 0
-44.8373 278 999.417 108.262 8.81863 0
-207.011 201.211 1306 46.8048 3.73367 0
278 182.103 1073.98 68.8873 55.5356 44.7564
278 218.583 1141.07 68.8873 55.5356 44.7564
247.63 278 1135.61 62.4958 5.19824 0
-139.211 253.483 1306 68.8873 55.5356 44.7564
-135.982 278 1296.31 50.251 39.6733 30.6219
278 153.69 1174.75 27.8242 21.5127 15.903
246.562 278 1219.71 12.8755 1.02709 0
23.2167 217.66 1306 68.8873 55.5356 44.7564
81.494 63.6404 1306 68.8873 55.5356 44.7564
278 -216.406 943.778 100.162 79.078 61.0365
264.734 -278 889.99 32.0769 2.61287 0
278 -270.081 894.648 31.4808 2.51126 0
-278 -258.567 1136.72 68.8873 55.5356 44.7564
-145.237 254.311 1306 68.8873 55.5356 44.7564
-278 214.817 981.61 68.8873 55.5356 44.7564
278 163.491 766.682 68.8873 55.5356 44.7564
53.7546 -278 1019.02 68.8873 55.5356 44.7564
278 -241.874 1237.81 68.8873 55.5356 44.7564
205.412 195.35 1306 68.8873 55.5356 44.7564
278 153.433 1250.89 75.6911 59.7582 46.1245
126.177 278 1160.14 106.238 8.65378 0
181.886 275.217 1306 3.78668 0.302068 0
22.9159 -278 856.964 68.8873 55.5356 44.7564
111.757 1.53073 1306 68.8873 55.5356 44.7564
-278 -172.893 1119.63 68.8873 55.5356 44.7564
-273.417 257.566 1306 68.8873 55.5356 44.7564
-278 235.442 1271.55 115.206 90.9554 70.204
13.3355 200.348 1306 68.8873 55.5356 44.7564
-220.648 -278 792.725 68.8873 55.5356 44.7564
-278 -263.768 807.622 32.1744 25.4018 19.6064
-224.248 278 930.968 1.92771 4.89191 0.763556
-278 136.899 1058.91 68.8873 55.5356 44.7564
278 230.959 1077.72 68.8873 55.5356 44.7564
-278 46.7628 784.193 68.8873 55.5356 44.7564
-278 70.3438 942.423 68.8873 55.5356 44.7564
-278 129.153 1008.62 68.8873 55.5356 44.7564
-228.022 -278 847.552 4.86094 12.5961 2.05281
-278 -174.669 1085.45 3.80313 9.65114 1.5064
58.6889 271.108 1306 68.8873 55.5356 44.7564
62.5595 278 1305.88 2.04472 1.61431 1.246
-121.17 145.66 1306 68.8873 55.5356 44.7564
278 52.1545 777.441 108.865 85.949 66.3398
41.7634 278 1047.78 121.269 9.87815 0
-278 269.24 1103.47 6.54279 0.521926 0
-120.388 -78 1148.28 68.8873 55.5356 44.7564
-180.925 208.776 1306 118.708 93.7204 72.3382
278 105.146 979.447 135.374 104.667 77.3737
-13.024 -278 1241.12 143.865 11.4763 0
158.833 -278 1285.21 68.8873 55.5356 44.7564
230.089 -111.777 1306 125.801 99.3203 76.6605
278 -91.1665 1252.22 180.62 139.649 103.234
245.209 278 1123.06 30.1807 2.40755 0
-127.986 273.375 1306 68.8873 55.5356 44.7564
-120.158 278 1304.72 19.1355 15.1075 11.6607
-119.517 277.93 1306 1.86214 1.43974 1.06431
157.54 -49.8652 911.978 68.8873 55.5356 44.7564
135.509 -146.695 928.116 68.8873 55.5356 44.7564
-72.6149 30.7095 1306 68.8873 55.5356 44.7564
215.53 198.516 1306 68.8873 55.5356 44.7564
55.6807 278 1181.26 78.9126 62.3016 48.0876
278 7.42316 910.147 96.4235 74.5514 55.1112
-173.994 -278 878.976 68.8873 55.5356 44.7564
-278 136.746 1160.8 68.8873 55.5356 44.7564
39.0889 183.974 1306 68.8873 55.5356 44.7564
121.119 -222.739 916.973 68.8873 55.5356 44.7564
-278 140.564 850.745 68.8873 55.5356 44.7564
278 94.7008 853.883 68.8873 55.5356 44.7564
-20.7901 -278 833.096 86.0962 7.16126 0
-278 4.33145 860.907 68.8873 55.5356 44.7564
278 -83.1162 979.846 68.8873 55.5356 44.7564
257.415 -99.8991 1306 8.66666 0.72087 0
-104.76 -128.637 1306 68.8873 55.5356 44.7564
41.2287 -278 1126.34 89.8466 70.934 54.7505
-66.6292 -89.9993 1083.37 152.889 118.208 87.3841
278 186.493 1145.84 68.8873 55.5356 44.7564
268.013 119.237 1306 7.908 0.657766 0
278 198.47 1236.32 68.8873 55.5356 44.7564
198.333 278 985.014 39.8603 3.31548 0
278 246.313 1059.95 22.1839 1.80703 0
-127.907 0.373566 1306 68.8873 55.5356 44.7564
-278 152.966 1199.5 68.8873 55.5356 44.7564
-144.741 -78 1144.61 68.8873 55.5356 44.7564
-61.6553 -278 867.439 68.8873 55.5356 44.7564
-269.363 278 1008.99 125.542 99.1154 76.5023
-57.9589 -78 1104.39 68.8873 55.5356 44.7564
278 222.491 819.175 68.8873 55.5356 44.7564
-89.0791 -123.384 1060.92 68.8873 55.5356 44.7564
-278 -26.5902 935.994 68.8873 55.5356 44.7564
-71.3181 278 827.823 23.091 59.8355 9.75148
278 121.998 1057.51 68.8873 55.5356 44.7564
90.3937 189.904 1306 68.8873 55.5356 44.7564
170.707 24.897 1306 68.8873 55.5356 44.7564
-168.472 -278 842.57 68.8873 55.5356 44.7564
278 199.198 1180.28 68.8873 55.5356 44.7564
208.278 213.587 1306 66.4879 5.53029 0
221.522 278 1286.43 37.9365 3.09018 0
220.398 275.577 1306 9.30267 0.742085 0
15.1892 -57.7187 1306 68.8873 55.5356 44.7564
278 -234.306 1160.7 57.4644 45.3682 35.0175
-194.074 153.141 1306 68.8873 55.5356 44.7564
278 -17.041 1071.44 68.8873 55.5356 44.7564
-278 -2.07924 1090.91 137.64 11.4486 0
278 273.482 1022.87 68.8873 55.5356 44.7564
-186.028 -51.109 1306 68.8873 55.5356 44.7564
234.856 -278 1118.85 50.2168 39.6462 30.601
162.18 -164.144 1306 49.5438 38.3056 28.3169
-278 223.624 1146.2 68.8873 55.5356 44.7564
-278 138.989 1019.36 68.8873 55.5356 44.7564
-278 250.94 903.792 68.8873 55.5356 44.7564
-209.755 102.12 1306 68.8873 55.5356 44.7564
-244.794 278 1263.19 31.99 25.2562 19.494
278 -121.56 849.441 68.8873 55.5356 44.7564
278 239.607 1270.46 68.8873 55.5356 44.7564
270.792 278 1248.66 22.1978 1.84635 0
278 266.287 1239.28 31.2408 2.54477 0
265.384 278 1225.05 35.2857 0.296549 0
-79.6053 -14.2853 1306 68.8873 55.5356 44.7564
272.093 -278 1114.35 68.8873 55.5356 44.7564
278 -257.915 1128.96 108.411 85.5908 66.0634
266.673 -278 1132.37 105.358 8.58207 0
278 -272.312 1142.13 74.9225 5.97666 0
-278 166.38 1121.34 68.8873 55.5356 44.7564
-254.953 -278 855.083 1.90502 4.93647 0.804505
-278 -266.219 831.785 1.2889 3.27083 0.510529
-162.522 -278 1037.61 68.8873 55.5356 44.7564
-278 -168.637 861.103 63.4162 50.0671 38.6444
-145.051 -224.207 778.646 31.5988 80.1877 12.5161
243.461 -278 924.638 68.8873 55.5356 44.7564
-278 271.319 1215.68 68.8873 55.5356 44.7564
-269.227 278 1219.82 31.9225 82.7206 13.4811
-278 263.887 1221.24 54.0258 137.1 21.3994
-278 -139.148 851.956 68.8873 55.5356 44.7564
-278 251.669 1061.26 68.8873 55.5356 44.7564
17.2972 -278 956.055 68.8873 55.5356 44.7564
278 233.779 1087.83 68.8873 55.5356 44.7564
47.6364 136.979 1306 68.8873 55.5356 44.7564
-154.709 278 1293.53 6.95645 5.49212 4.2391
154.392 -278 1184.08 11.984 9.26564 6.84951
179.512 -276.62 949.77 0.140349 0.106268 0.0752381
-131.384 116.729 1306 68.8873 55.5356 44.7564
-196.785 115.46 1306 68.8873 55.5356 44.7564
-278 192.603 872.25 68.8873 55.5356 44.7564
278 -55.0544 1117.92 68.8873 55.5356 44.7564
-35.8598 183.237 1306 68.8873 55.5356 44.7564
91.5277 278 1077.09 113.21 89.3795 68.9876
-85.2937 -278 1239.96 207.825 160.684 118.783
-172.806 -43.5573 1306 68.8873 55.5356 44.7564
278 95.3586 987.928 68.8873 55.5356 44.7564
157.589 278 848.089 63.8949 5.31461 0
-278 -27.5178 835.166 68.8873 55.5356 44.7564
117.528 -278 983.291 68.8873 55.5356 44.7564
-58.0997 -171.098 1091.9 63.3401 50.0071 38.598
278 214.499 1149.12 48.5344 37.5251 27.74
87.8346 265.43 1306 68.8873 55.5356 44.7564
-278 52.7131 1128.61 68.8873 55.5356 44.7564
-278 218.823 1055.58 68.8873 55.5356 44.7564
-245.746 278 1199.3 8.70944 22.5687 3.67806
-278 245.637 1115.32 5.89671 14.964 2.33566
-278 111.499 1012.77 68.8873 55.5356 44.7564
-31.117 147.952 1306 68.8873 55.5356 44.7564
278 78.186 1244.28 26.3386 20.7943 16.0501
-278 203.31 1142.58 68.8873 55.5356 44.7564
-161.778 -278 1043.06 9.86376 25.5599 4.16554
-133.338 -277.774 1083.34 0.0901713 0.228826 0.0357165
-133.601 -278 1082.86 0.159936 0.397468 0.0594177
195.149 -124.043 1306 68.8873 55.5356 44.7564
278 4.28314 1253.41 44.8535 35.4119 27.3327
-278 95.7924 1157.34 68.8873 55.5356 44.7564
-230.231 278 1192.2 10.6884 27.6969 4.51381
-256.051 -278 1176.17 21.345 54.1669 8.45467
223.155 -278 1157.93 68.8873 55.5356 44.7564
278 -218.351 1035.83 56.081 44.276 34.1745
259.056 -278 1011.09 31.573 2.57182 0
-278 -72.2546 989.678 68.8873 55.5356 44.7564
278 72.5855 830.424 39.9718 103.579 16.8804
-97.0378 -179.365 811.217 68.8873 55.5356 44.7564
-278 171.83 993.608 68.8873 55.5356 44.7564
-278 201.544 983.975 68.8873 55.5356 44.7564
-247.793 278 1045.61 12.6017 32.6548 5.3218
-278 259.343 947.787 4.51841 11.4663 1.78972
278 191.431 1118.04 68.8873 55.5356 44.7564
278 179.01 1127 68.8873 55.5356 44.7564
-182.057 166.422 1306 128.356 10.6764 0
-96.1608 -185.638 826.28 68.8873 55.5356 44.7564
-276.017 60.122 1306 68.8873 55.5356 44.7564
-278 61.7502 1304.77 59.726 47.1537 36.3957
-276.159 64.2347 1306 20.5476 52.1433 8.13881
-76.91 278 919.783 32.7715 81.4429 12.1749
195.139 -278 1128.2 68.8873 55.5356 44.7564
278 -242.843 941.518 23.3706 18.4511 14.2415
-278 215.228 994.311 68.8873 55.5356 44.7564
64.6995 68.4415 1306 68.8873 55.5356 44.7564
137.764 -278 1248.81 21.9688 17.3444 13.3873
229.483 -208.955 1306 23.6527 18.2875 13.5188
241.634 278 1163.92 13.2464 10.0298 7.10113
278 89.9913 1178.15 68.8873 55.5356 44.7564
264.62 194.915 1306 68.8873 55.5356 44.7564
278 181.788 1294.04 74.1064 58.5071 45.1588
-278 24.267 1018.15 68.8873 55.5356 44.7564
-278 -133.316 984.443 68.8873 55.5356 44.7564
-278 140.43 1097.71 68.8873 55.5356 44.7564
278 58.2109 836.212 38.4447 99.6215 16.2355
166.222 88.2507 1306 68.8873 55.5356 44.7564
278 -86.7157 1289.53 10.8966 8.6029 6.64016
277.157 -93.2959 1306 1.03435 0.0842548 0
-278 -174.329 1104.91 68.8873 55.5356 44.7564
-10.6698 278 1201.53 21.4488 55.5803 9.05801
13.4896 174.653 1306 29.7689 75.544 11.7913
-63.5068 -78 1173.06 68.8873 55.5356 44.7564
-90.2609 -194.818 836.113 68.8873 55.5356 44.7564
-176.887 -218.455 1126.89 80.3378 63.4268 48.9561
-278 -263.365 970.514 152.718 118.077 87.2868
-208.698 -278 945.442 87.6453 217.814 32.5611
278 273.229 810.326 68.8873 55.5356 44.7564
268.674 278 801.803 95.1429 7.91374 0
163.848 -278 1042.92 68.8873 55.5356 44.7564
163.255 278 1156.37 134.993 106.577 82.2618
-147.937 242.151 1306 27.88 21.5559 15.9349
-87.7091 278 1245.67 36.3773 27.5438 19.5011
-278 80.1049 847.894 68.8873 55.5356 44.7564
-278 217.198 971.536 68.8873 55.5356 44.7564
-262.784 278 876.677 5.73627 14.8644 2.42247
254.996 81.1452 1306 3.22249 8.17764 1.27641
179.358 -32.8516 1306 68.8873 55.5356 44.7564
-278 183.419 985.584 73.7171 58.1998 44.9216
-162.627 278 902.826 31.0192 78.7169 12.2866
-235.398 -278 1084.23 58.5273 145.451 21.7435
-96.3218 46.3957 1306 68.8873 55.5356 44.7564
5.08298 -278 1207.43 68.8873 55.5356 44.7564
278 -140.025 1124.19 59.9784 47.353 36.5495
-0.895752 -106.402 1149.1 118.629 9.66309 0
148.491 -278 973.042 189.79 15.1398 0
4.64695 81.9573 1306 68.8873 55.5356 44.7564
-278 49.6107 1272.3 16.209 12.797 9.87737
278 185.715 1160.06 68.8873 55.5356 44.7564
-251.798 234.658 1306 68.8873 55.5356 44.7564
-159.633 278 1300.6 7.29308 5.75789 4.44424
-160.282 276.482 1306 3.92053 3.03123 2.2408
-160.745 278 1302.48 7.14711 5.41158 3.83141
67.797 154.722 1306 68.8873 55.5356 44.7564
278 -251.913 1210.68 68.8873 55.5356 44.7564
-278 62.3204 750.664 68.8873 55.5356 44.7564
-119.472 278 766.979 25.3385 65.6594 10.7006
278 211.798 1188.59 68.8873 55.5356 44.7564
212.824 -278 951.076 16.379 1.36236 0
178.674 52.0185 1306 68.8873 55.5356 44.7564
278 -180.965 1202.81 51.9817 41.0396 31.6765
-278 108.412 1011.15 68.8873 55.5356 44.7564
-77.4177 -205.44 838.485 20.9416 54.2659 8.84381
-97.7347 -78 1243.45 68.8873 55.5356 44.7564
106.223 -42.4958 1306 22.618 17.8569 13.7829
110.116 235.64 1306 68.8873 55.5356 44.7564
-117.834 210.711 1306 68.8873 55.5356 44.7564
-278 -98.4784 1299.46 68.8873 55.5356 44.7564
-262.141 -64.2712 1306 17.7632 46.0297 7.50153
180.934 61.1736 1306 68.8873 55.5356 44.7564
278 259 1300.06 3.71371 2.93198 2.26305
179.985 -278 1074.75 68.8873 55.5356 44.7564
49.0527 266.123 1306 68.8873 55.5356 44.7564
40.7903 278 1219.92 135.869 107.269 82.7954
278 150.441 1186.3 127.707 98.7389 72.9915
37.7837 86.6652 1306 68.8873 55.5356 44.7564
-278 -197.124 1054.8 68.8873 55.5356 44.7564
51.3629 278 945.691 23.9962 62.1811 10.1338
-59.1612 269.483 1306 1.08424 2.75145 0.429461
105.939 161.209 1306 68.8873 55.5356 44.7564
-278 166.863 1283.23 8.15689 6.43987 4.97062
278 213.054 960.951 68.8873 55.5356 44.7564
218.962 278 848.8 57.1151 4.75069 0
278 119.679 1247.39 68.8873 55.5356 44.7564
248.309 118.02 1306 62.2402 5.17697 0
278 230.914 1067.93 68.8873 55.5356 44.7564
69.6999 -60.997 1306 66.6724 5.54563 0
-278 -145.595 1202.65 36.9998 3.01387 0
-245.627 -137.679 1306 6.86319 1.79695 0
-278 251.945 970.804 68.8873 55.5356 44.7564
-13.9221 131.451 1306 68.8873 55.5356 44.7564
-278 135.51 781.193 123.069 97.1631 74.9954
135.084 -278 1205.16 68.8873 55.5356 44.7564
-66.6633 225.243 1306 125.725 99.2599 76.6139
-126.288 -278 844.213 169.363 130.946 96.8
-117.879 -257.021 836.581 297.881 225.546 159.687
-81.52 -78 1119.09 68.8873 55.5356 44.7564
270.791 278 999.066 95.2309 75.1849 58.0316
278 254.38 1002.39 180.537 139.585 103.187
-278 268.208 1047.91 68.8873 55.5356 44.7564
-130.747 109.408 1306 68.8873 55.5356 44.7564
-278 228.673 1087.86 68.8873 55.5356 44.7564
278 -99.9246 753.074 68.8873 55.5356 44.7564
54.6363 -278 838.309 103.231 8.5865 0
278 131.722 995.995 68.8873 55.5356 44.7564
38.8976 278 1035.14 116.396 9.68151 0
-127.958 266.475 1306 8.42724 0.686453 0
278 232.299 903.838 68.8873 55.5356 44.7564
226.986 278 1082.62 36.7104 3.05348 0
158.877 267.404 1306 3.32783 0.271073 0
185.128 278 1279.11 4.58367 0.365645 0
-278 267.161 874.694 68.8873 55.5356 44.7564
-141.313 180.045 1306 68.8873 55.5356 44.7564
-111.898 -278 874.967 68.8873 55.5356 44.7564
263.468 -278 961.482 68.8873 55.5356 44.7564
110.435 -278 1142.71 68.8873 55.5356 44.7564
278 267.917 1100.77 68.8873 55.5356 44.7564
278 -155.131 1050.86 68.8873 55.5356 44.7564
129.608 -55.7134 1306 65.6428 5.46 0
54.4989 -278 1231.16 39.8944 3.24965 0
278 270.882 899.836 68.8873 55.5356 44.7564
-278 -143.306 967.598 68.8873 55.5356 44.7564
278 270.363 905.309 68.8873 55.5356 44.7564
276.374 278 899.625 23.1914 1.929 0
278 276.952 906.542 6.76505 0.551057 0
93.2648 200.077 1306 68.8873 55.5356 44.7564
-278 -182.917 1097.03 68.8873 55.5356 44.7564
-38.511 -278 818.169 68.8873 55.5356 44.7564
-77.7831 -190.094 823.865 68.8873 55.5356 44.7564
-278 7.19214 1012.24 68.8873 55.5356 44.7564
-33.5915 -278 995.283 68.8873 55.5356 44.7564
-278 137.516 1013.26 68.8873 55.5356 44.7564
-213.372 278 1059.84 17.1525 44.4472 7.24363
108.087 -272.983 949.164 68.8873 55.5356 44.7564
-1.06776 -269.674 1148.93 119.575 94.4045 72.8663
113.041 153.068 1306 68.8873 55.5356 44.7564
-52.0144 -106.799 1202.01 44.0895 34.8087 26.8671
43.9561 42.916 1306 60.5205 46.7924 34.5907
-278 -88.1624 1174.87 42.7208 32.3469 22.9017
-91.8105 -78 1175.53 68.8873 55.5356 44.7564
196.559 -278 1023.92 68.8873 55.5356 44.7564
278 17.0222 916.277 68.8873 55.5356 44.7564
-159.077 -278 921.122 68.8873 55.5356 44.7564
-278 88.9669 934.405 68.8873 55.5356 44.7564
-278 99.3637 1124.27 68.8873 55.5356 44.7564
-214.917 278 1095.4 14.1098 36.5625 5.95866
278 202.178 928.835 4.06936 10.3267 1.61186
253.189 278 885.154 2.22008 0.581271 0
-278 32.2061 896.839 68.8873 55.5356 44.7564
-73.9271 -78 1200.88 22.8742 59.2737 9.65993
-278 -226.743 989.924 68.8873 55.5356 44.7564
-243.952 -278 954.521 20.5568 53.2687 8.68128
-278 -247.346 964.936 26.8244 68.0719 10.625
278 24.6978 1240.5 68.8873 55.5356 44.7564
278 -8.92755 793.401 68.8873 55.5356 44.7564
29.9588 278 870.514 88.2956 7.3442 0
37.2685 226.603 1306 20.695 1.68574 0
-278 258.431 789.807 35.274 2.81385 0
-278 19.9409 948.653 68.8873 55.5356 44.7564
-278 252.904 848.079 68.8873 55.5356 44.7564
129.29 27.0204 1306 68.8873 55.5356 44.7564
-278 -92.609 1079.88 68.8873 55.5356 44.7564
99.3876 203.981 1306 68.8873 55.5356 44.7564
8.54562 278 1289.38 19.3517 15.2782 11.7925
-138.066 51.5025 1306 68.8873 55.5356 44.7564
152.046 -21.0568 907.176 68.8873 55.5356 44.7564
13.6406 142.971 1306 127.876 100.958 77.9246
248.3 -278 1002.56 68.8873 55.5356 44.7564
-278 71.2835 1232.99 68.8873 55.5356 44.7564
-10.6521 -278 829.621 68.8873 55.5356 44.7564
-278 63.2634 869.578 68.8873 55.5356 44.7564
-225.813 168.63 1306 4.94902 12.8244 2.09001
-278 114.247 1279.78 3.2518 8.25204 1.28802
-278 213.877 764.19 68.8873 55.5356 44.7564
108.96 167.924 1306 68.8873 55.5356 44.7564
-152.117 -278 1017.71 68.8873 55.5356 44.7564
-146.905 -260.457 1096.91 29.7351 23.4759 18.1199
-140.137 -278 1081.28 15.2383 11.7817 8.70949
-76.0985 184.462 1306 68.8873 55.5356 44.7564
-278 198.383 1226.21 50.5338 39.8965 30.7942
121.855 183.115 1306 68.8873 55.5356 44.7564
-278 2.92508 933.749 68.8873 55.5356 44.7564
-159.943 278 869.308 16.5262 42.8243 6.97915
-278 87.0275 1112.65 68.8873 55.5356 44.7564
-83.8717 278 1068.29 30.1585 78.1497 12.7362
278 54.7649 776.92 26.123 66.2919 10.3472
203.379 236.923 1306 68.8873 55.5356 44.7564
197.69 278 1293.28 40.406 31.9006 24.6225
191.207 274.603 1306 18.702 14.4598 10.6892
278 103.787 1283.77 4.30994 3.26336 2.31047
255.262 -278 1075.35 68.8873 55.5356 44.7564
-38.9806 -172.946 1111.02 46.0265 36.3379 28.0475
121.663 -159.107 930.184 91.7415 70.9315 52.4352
278 -161.443 1056.35 113.305 85.7911 60.7403
278 -155.488 895.724 68.8873 55.5356 44.7564
22.5584 -6.28778 1306 68.8873 55.5356 44.7564
104.318 278 1025.1 94.8714 74.901 57.8125
202.11 -278 1277.19 170.634 131.929 97.5268
-278 131.514 1106.87 68.8873 55.5356 44.7564
-278 37.043 926.856 68.8873 55.5356 44.7564
-236.234 278 1274.16 4.21461 10.9213 1.77986
-188.637 221.818 1306 5.90313 14.9803 2.3382
99.9055 -278 903.573 6.75285 16.782 2.50875
73.7534 179.551 1306 68.8873 55.5356 44.7564
-278 106.2 1030.32 83.8642 66.2109 51.1049
-194.453 246.816 1306 13.6006 34.514 5.38714
278 113.404 1195.94 68.8873 55.5356 44.7564
-226.263 -278 998.432 103.973 8.64822 0
-59.9297 278 1206.6 187.523 15.275 0
-278 84.4865 1172.01 247.198 19.7192 0
168.003 -278 1112.27 68.8873 55.5356 44.7564
211.684 -230.611 1306 31.9786 25.2472 19.487
178.222 273.052 1306 68.8873 55.5356 44.7564
152.958 278 1299.33 34.5606 27.2856 21.0604
151.243 270.895 1306 49.6247 38.3682 28.3632
36.3018 -278 1098.56 68.8873 55.5356 44.7564
-152.494 181.402 1306 68.8873 55.5356 44.7564
278 275.994 1053.35 68.5149 54.0926 41.7514
277.736 278 1054.05 16.8727 1.37439 0
278 277.902 1054.05 11.7246 0.935288 0
45.4204 -40.6879 1306 68.8873 55.5356 44.7564
-248.664 124.1 1306 68.8873 55.5356 44.7564
-278 177.451 1276.67 59.7981 47.2107 36.4396
278 271.331 1089.58 68.8873 55.5356 44.7564
25.2938 205.653 1306 68.8873 55.5356 44.7564
-77.6888 278 1295.8 11.1337 8.79004 6.7846
-64.9457 277.296 1306 0.95843 0.741026 0.547794
278 50.0324 1018.03 68.8873 55.5356 44.7564
-125.114 -193.774 826.416 68.8873 55.5356 44.7564
10.0372 -278 1103.53 8.99505 7.1016 5.48138
18.3355 -204.278 1306 6.15053 4.75538 3.51536
-20.9562 -278 1253.34 6.55942 4.9666 3.51636
-74.2242 -138.925 1075.78 68.8873 55.5356 44.7564
217.931 257.544 1306 68.8873 55.5356 44.7564
-278 -247.921 993.847 68.8873 55.5356 44.7564
278 88.3088 1067.77 68.8873 55.5356 44.7564
278 221.693 1154.53 68.8873 55.5356 44.7564
234.734 75.1009 1306 27.701 2.3041 0
161.001 278 1081 39.9771 3.25639 0
-4.67719 71.8512 1306 47.4675 3.78654 0
278 -109.752 890.252 68.8873 55.5356 44.7564
229.9 -278 1234.73 68.8873 55.5356 44.7564
278 -241.476 1168.39 56.0883 44.2818 34.179
13.366 168.416 1306 68.8873 55.5356 44.7564
-278 164.161 1154.18 63.6589 50.2588 38.7923
-226.773 231.856 1306 11.6654 29.6031 4.62061
-232.545 278 1220.85 20.476 50.8864 7.60703
138.199 -41.5057 1306 68.8873 55.5356 44.7564
278 16.7587 1244.69 51.6955 40.8137 31.5021
-48.716 278 1012.81 70.6257 5.75292 0
245.984 -278 1244.4 117.124 9.34309 0
-81.5093 -82.4942 1306 68.8873 55.5356 44.7564
278 -46.3219 961.78 95.0316 75.0276 57.9101
-217.936 242.819 1306 68.8873 55.5356 44.7564
-124.819 -78 1212.57 68.8873 55.5356 44.7564
-278 -56.4487 1199.29 19.1239 15.0983 11.6537
209.14 278 1107.04 9.69244 24.5963 3.83913
-278 11.1872 1295.22 68.8873 55.5356 44.7564
278 157.928 1095.17 68.8873 55.5356 44.7564
-11.7379 74.1321 1306 108.475 9.02269 0
-178.183 278 898.457 182.251 14.8455 0
-278 265.259 877.928 45.2193 3.6072 0
278 133.623 777.7 68.8873 55.5356 44.7564
-247.999 -278 987.313 103.523 8.61075 0
177.421 -180.986 1306 68.8873 55.5356 44.7564
261.533 278 976.757 79.4294 62.7096 48.4025
-173.181 201.135 1306 22.1724 17.143 12.6727
-262.221 278 1219.15 26.3394 19.9434 14.12
-156.251 95.52 1306 68.8873 55.5356 44.7564
-96.8809 278 1198.36 67.4023 53.2142 41.0735
278 151.089 920.685 68.8873 55.5356 44.7564
224.762 278 943.327 52.5888 4.3742 0
278 274.574 879.368 4.32644 0.352417 0
273.825 278 881.408 6.25733 0.0525881 0
-196.131 256.092 1306 68.8873 55.5356 44.7564
-196.896 278 1293.95 66.3837 52.41 40.4527
-207.879 102.996 1306 132.195 102.208 75.5564
-278 185.855 1092.57 235.661 178.436 126.333
-81.5158 171.08 1306 68.8873 55.5356 44.7564
278 240.779 1185 68.8873 55.5356 44.7564
278 -243.308 1223.84 68.8873 55.5356 44.7564
274.713 -278 1177.92 7.85429 0.653299 0
278 -261.332 1183.26 14.703 1.19766 0
-278 -61.7609 928.175 25.4094 0.213546 0
-16.3104 -81.9036 1133.69 68.8873 55.5356 44.7564
51.3571 -278 1277.9 68.8873 55.5356 44.7564
30.6094 -265.348 1306 46.9154 37.0397 28.5892
37.4142 -278 1283.2 79.3843 61.3773 45.3724
-48.5781 -264.758 1198.58 17.3214 13.1152 9.28561
-278 -13.1287 1190.89 68.8873 55.5356 44.7564
278 -70.6346 1054.15 68.8873 55.5356 44.7564
44.7361 278 999.177 75.965 6.31857 0
-278 260.759 1167.69 68.8873 55.5356 44.7564
-270.892 278 1159.33 14.9065 38.6271 6.29513
-278 275.943 1152.44 6.06285 15.3856 2.40147
-272.039 278 1149.16 3.16325 25.8021 0.814418
-278 110.214 1164.49 68.8873 55.5356 44.7564
-125.407 116.493 1306 31.4146 81.4045 13.2666
278 233.115 1149.58 68.8873 55.5356 44.7564
188.605 278 1259.23 82.9799 6.90205 0
185.6 195.466 1306 144.316 11.7555 0
278 -39.903 801.074 68.8873 55.5356 44.7564
278 -68.8507 999.299 68.8873 55.5356 44.7564
179.467 -160.077 1306 40.5463 3.37253 0
-6.19025 278 1226.69 13.3329 1.08605 0
-96.3847 162.025 1306 18.523 1.4776 0
-278 135.5 1167.23 68.8873 55.5356 44.7564
-95.1917 -179.007 808.75 15.3423 39.7563 6.47915
278 226.29 862.815 68.8873 55.5356 44.7564
277.408 278 761.308 0.715044 0.0594755 0
278 167.629 1296.56 68.8873 55.5356 44.7564
119.06 -278 1122.18 68.8873 55.5356 44.7564
90.0301 208.569 1306 68.8873 55.5356 44.7564
-278 198.425 844.615 68.8873 55.5356 44.7564
-66.0303 74.3195 1306 68.8873 55.5356 44.7564
253.759 156.35 1306 68.8873 55.5356 44.7564
226.59 278 1186.44 95.3701 75.2948 58.1164
-278 111.469 881.41 68.8873 55.5356 44.7564
-7.14789 -278 1013.93 23.5702 61.0773 9.95387
278 149.348 1133.73 38.188 96.909 15.1261
-278 14.5382 1029.73 68.8873 55.5356 44.7564
-268.332 -278 1223.62 1.18029 3.05847 0.498443
-149.846 -274.52 1200.15 0.0679798 0.172511 0.0269265
-236.367 -31.2743 1306 0.066278 0.164713 0.024623
-155.977 -278 1007.82 68.8873 55.5356 44.7564
-195.981 244.201 1306 68.8873 55.5356 44.7564
-166.668 278 1274.48 79.3562 62.6518 48.3579
-158.629 225.354 1306 135.013 104.388 77.1673
-278 214.925 1064.91 68.8873 55.5356 44.7564
-200.08 115.725 1306 12.2747 31.8073 5.18369
-278 223.846 1073.04 68.8873 55.5356 44.7564
-278 130.85 772.929 68.8873 55.5356 44.7564
95.0588 -278 811.945 28.8197 74.6804 12.1708
61.3092 259.119 1306 68.8873 55.5356 44.7564
2.5007 -6.26761 1306 68.8873 55.5356 44.7564
214.178 -278 1139.31 60.0166 47.3831 36.5727
-278 -104.032 1019.55 68.8873 55.5356 44.7564
110.071 -278 879.661 68.8873 55.5356 44.7564
278 -121.304 861.696 68.8873 55.5356 44.7564
278 -267.99 1147.56 68.8873 55.5356 44.7564
177.464 -278 1132.1 135.52 11.2722 0
278 -175.923 1093.9 186.589 15.1989 0
-205.734 278 1201.11 268.643 2.25774 0
-115.468 -278 896.633 68.8873 55.5356 44.7564
-278 -116.801 957.987 93.7117 73.9855 57.1058
-278 94.694 886.547 68.8873 55.5356 44.7564
-109.732 231.768 1306 68.8873 55.5356 44.7564
-278 227.024 1044.02 68.8873 55.5356 44.7564
-278 272.162 855.195 68.8873 55.5356 44.7564
-278 57.4989 1059.18 68.8873 55.5356 44.7564
278 132.115 801.124 68.8873 55.5356 44.7564
-180.785 -30.2826 1306 68.8873 55.5356 44.7564
-278 -73.4931 1285.01 26.669 21.0552 16.2515
-67.6832 -278 1232.56 68.8873 55.5356 44.7564
-67.4289 -276.55 1217.43 13.1396 10.3737 8.00698
84.5882 253.585 1306 68.8873 55.5356 44.7564
-82.8863 -78 1152.62 68.8873 55.5356 44.7564
-252.496 -278 964.295 68.8873 55.5356 44.7564
-206.608 -269.143 1306 3.53809 2.79333 2.15603
107.014 -278 950.44 68.8873 55.5356 44.7564
278 -78.7849 1036.74 99.3181 78.4118 60.5222
-68.0344 -278 1046.98 68.8873 55.5356 44.7564
-26.6994 -164.049 1123.3 68.8873 55.5356 44.7564
278 -216.816 901.645 68.8873 55.5356 44.7564
-278 -146.995 1016.15 68.8873 55.5356 44.7564
-278 125.674 951.028 68.8873 55.5356 44.7564
17.5205 -278 951.368 68.8873 55.5356 44.7564
41.2473 245.075 1306 68.8873 55.5356 44.7564
-24.2373 -77.2736 1306 68.8873 55.5356 44.7564
98.4987 -278 1110.97 87.9251 69.417 53.5796
-278 11.9007 1051.38 68.8873 55.5356 44.7564
-278 -100.902 935.279 68.8873 55.5356 44.7564
-278 264.43 778.418 68.8873 55.5356 44.7564
278 -71.7237 810.154 68.8873 55.5356 44.7564
278 98.7686 905.81 68.8873 55.5356 44.7564
100.702 278 1115.64 74.4727 6.19444 0
-278 -50.5753 879.894 68.8873 55.5356 44.7564
-278 201.935 764.921 68.8873 55.5356 44.7564
-278 -82.5455 1077.6 68.8873 55.5356 44.7564
278 75.0502 1095.56 68.8873 55.5356 44.7564
198.721 -81.2814 1306 39.8803 3.31714 0
-233.206 47.7433 1306 68.8873 55.5356 44.7564
-278 43.27 1272.21 82.7043 65.2951 50.3981
278 192.823 1035.7 68.8873 55.5356 44.7564
-275.981 40.5462 1306 68.8873 55.5356 44.7564
-144.211 -278 1236.67 27.1665 21.448 16.5546
-31.2872 -260.936 1306 6.93928 5.36522 3.96617
-20.8112 -251.802 1170.81 13.8058 10.4533 7.40098
-278 252.425 950.317 68.8873 55.5356 44.7564
-278 41.258 1075.56 68.8873 55.5356 44.7564
278 221.359 1247.46 68.8873 55.5356 44.7564
131.426 23.4992 1306 68.8873 55.5356 44.7564
-146.79 207.189 1306 68.8873 55.5356 44.7564
-220.593 278 1202.79 97.8616 77.2618 59.6346
-278 253.536 1124.43 47.8005 36.9577 27.3205
278 32.7015 979.855 26.8685 66.773 9.98193
110.04 154.998 1306 68.8873 55.5356 44.7564
278 -40.5337 1171.4 63.7702 50.3467 38.8601
278 270.22 1033.61 68.8873 55.5356 44.7564
-169.926 130.604 1306 113.753 9.46164 0
-278 195.794 1211.33 136.511 11.1197 0
-278 19.7526 1149.88 68.8873 55.5356 44.7564
-123.201 278 810.904 14.6348 37.9231 6.18038
-147.636 -78 1154.6 21.0318 53.3722 8.33062
-278 27.5632 1122.62 26.0027 64.6213 9.66026
-41.868 178.807 1306 68.8873 55.5356 44.7564
-278 -136.578 1261.31 68.8873 55.5356 44.7564
-278 260.665 1099.38 68.8873 55.5356 44.7564
240.905 -278 972.547 68.8873 55.5356 44.7564
278 -251.967 971.903 79.1363 62.4782 48.2239
193.676 -271.789 948.965 148.939 12.1321 0
185.837 -278 963.709 226.092 18.0356 0
278 105.204 1139.27 68.8873 55.5356 44.7564
-97.3451 -86.3516 1247.35 118.87 9.88733 0
-93.1152 -79.9528 1306 178.707 14.5568 0
278 256.583 1234.33 50.6149 4.03761 0
278 132.258 952.194 68.8873 55.5356 44.7564
278 212.058 967.919 68.8873 55.5356 44.7564
252.417 -278 923.171 7.15267 0.59494 0
278 -270.517 936.579 3.5875 0.292225 0
126.548 -278 1097.44 68.8873 55.5356 44.7564
152.302 278 831.262 124.16 98.0241 75.66
278 24.7741 827.871 222.408 171.958 127.118
17.2443 -278 757.624 68.8873 55.5356 44.7564
-122.921 -187.993 819.342 68.8873 55.5356 44.7564
-278 -208.039 811.057 45.6164 36.0142 27.7976
278 160.129 1197.62 68.8873 55.5356 44.7564
192.777 176.005 1306 84.603 7.03705 0
-278 -195.496 1098.79 68.8873 55.5356 44.7564
-268.915 -278 1150.4 3.98378 10.3232 1.68238
-278 -258.177 1152.41 7.21271 18.3036 2.85692
278 223.477 1172.09 68.8873 55.5356 44.7564
209.729 144.576 1306 55.4078 4.60867 0
-278 226.623 1025.85 68.8873 55.5356 44.7564
-278 160.222 1064.69 68.8873 55.5356 44.7564
-144.203 -28.1284 1306 17.1663 44.4831 7.24947
-100.993 -139.079 1249.01 14.8229 37.6159 5.8713
278 14.1712 890.903 68.8873 55.5356 44.7564
278 49.7507 1205 68.8873 55.5356 44.7564
193.703 76.2994 1306 86.5342 7.19769 0
203.81 278 1266.64 33.1109 2.6971 0
160.265 174.943 1306 68.8873 55.5356 44.7564
-115.696 -278 989.401 70.6163 55.7516 43.032
-241.68 -42.4636 1306 68.8873 55.5356 44.7564
136.494 -69.1081 1306 68.8873 55.5356 44.7564
216.569 -4.5148 1306 68.8873 55.5356 44.7564
-180.057 -112.333 1306 68.8873 55.5356 44.7564
-239.408 -278 1202.82 69.6873 55.0182 42.4659
-183.479 -263.644 1306 16.9209 13.0827 9.67123
-204.421 -278 1297.91 10.2683 7.77486 5.50462
278 180.827 1291.1 68.8873 55.5356 44.7564
41.6165 125.757 1306 68.8873 55.5356 44.7564
278 46.4411 975.206 110.021 86.862 67.0446
109.056 -278 818.818 68.8873 55.5356 44.7564
-278 -184.316 1226.95 68.8873 55.5356 44.7564
90.9045 278 1145.41 26.484 68.6279 11.1844
-278 173.713 788.055 68.8873 55.5356 44.7564
-278 131.033 967.694 68.8873 55.5356 44.7564
130.896 -278 848.04 29.6754 76.8977 12.5321
-9.9081 151.25 1306 68.8873 55.5356 44.7564
-191.415 278 1251.45 32.9622 26.0237 20.0864
-278 242.756 1192.74 21.0474 16.2731 12.0297
-278 60.589 1105.54 68.8873 55.5356 44.7564
-245.167 55.4627 1306 6.92584 17.9469 2.92483
-278 -29.0642 1289.7 2.45055 6.21871 0.970651
-278 -54.9378 774.69 68.8873 55.5356 44.7564
-240.412 -153.852 1306 68.8873 55.5356 44.7564
-170.156 -124.908 1179.84 118.02 93.1771 71.9189
278 -70.8542 1077.11 68.8873 55.5356 44.7564
162.441 -6.51935 1306 60.2252 5.00938 0
187.469 -278 1243.38 26.9626 2.19628 0
174.769 -277.958 1306 0.0353239 0.00281783 0
-91.5271 51.8478 1306 68.8873 55.5356 44.7564
-278 188.645 1263.95 68.8873 55.5356 44.7564
-226.378 -172.273 1306 68.8873 55.5356 44.7564
-278 -151.019 1296.96 22.022 17.3864 13.4197
-19.4767 193.841 1306 68.8873 55.5356 44.7564
-224.978 278 1194.32 61.9013 48.8712 37.7213
-205.038 -278 902.005 109.526 84.6817 62.5999
-278 233.495 853.331 68.8873 55.5356 44.7564
-108.115 11.799 1306 68.8873 55.5356 44.7564
87.2485 278 908.203 106.012 83.6963 64.6011
-278 -173.894 923.646 68.8873 55.5356 44.7564
278 252.532 1039.4 68.8873 55.5356 44.7564
268.144 278 1064.42 36.665 3.04969 0
-278 -50.7403 1111.27 37.7153 3.07215 0
-183.972 252.919 1306 68.8873 55.5356 44.7564
-278 -46.7933 1192.96 46.6511 36.8311 28.4282
-272.763 278 1073.36 0.43909 1.11427 0.173922
-278 275.506 1075.27 0.358779 0.89163 0.13329
-278 77.7228 838.797 68.8873 55.5356 44.7564
-278 101.829 862.684 68.8873 55.5356 44.7564
-239.921 -278 950.842 68.8873 55.5356 44.7564
-158.34 -78 1148.15 68.8873 55.5356 44.7564
-278 264.653 849.718 68.8873 55.5356 44.7564
-278 116.478 833.889 68.8873 55.5356 44.7564
278 43.0379 1017.88 68.8873 55.5356 44.7564
217.135 278 1172.28 29.1504 2.42465 0
278 232.152 1225.2 28.8117 2.3469 0
267.791 -278 1115.59 68.8873 55.5356 44.7564
278 -276.934 1112.01 13.506 10.663 8.23023
278 30.0652 946.066 68.8873 55.5356 44.7564
239.081 11.4944 1306 14.7915 1.23032 0
218.235 -278 1129.1 15.396 1.2541 0
163.781 -146.977 1306 17.7908 1.4192 0
278 138.185 760.78 68.8873 55.5356 44.7564
-68.7349 -98.699 1081.27 90.4327 7.52195 0
-91.2203 201.358 1306 68.8873 55.5356 44.7564
-38.0834 278 1294.55 16.7864 13.2529 10.2293
117.523 -278 1241.49 68.8873 55.5356 44.7564
184.867 -255.744 1306 31.9813 25.2493 19.4887
278 155.738 1248.83 68.8873 55.5356 44.7564
265.432 259.655 1306 14.5171 1.2075 0
273.439 278 1293.88 15.0407 1.22516 0
278 272.431 1295.96 22.35 1.78289 0
278 244.703 979.652 68.8873 55.5356 44.7564
256.719 278 948.762 58.4556 4.86218 0
278 262.693 941.662 65.8911 5.36725 0
197.843 -278 1262.04 68.8873 55.5356 44.7564
198.495 -264.574 1306 40.24 31.7696 24.5214
278 -192.323 1275.8 21.7768 16.8371 12.4466
127.639 -200.36 1306 42.6425 3.40164 0
-59.6308 -198.508 800.744 68.8873 55.5356 44.7564
74.0108 278 814.899 108.298 85.5012 65.9942
-278 127.465 963.336 79.4055 61.3937 45.3845
-278 -13.9194 866.55 68.8873 55.5356 44.7564
134.256 224.245 1306 68.8873 55.5356 44.7564
278 -155.04 957.913 89.7251 70.8381 54.6765
229.475 -278 916.186 62.8186 5.11698 0
278 -266.863 944.016 24.5315 1.95691 0
-278 247.7 855.774 68.8873 55.5356 44.7564
-145.121 228.575 1306 68.8873 55.5356 44.7564
278 74.1916 1239.72 20.0577 15.8356 12.2227
264.951 278 976.686 1.57183 0.128036 0
-278 233.927 1204.52 68.8873 55.5356 44.7564
-278 -147.959 1019.3 68.8873 55.5356 44.7564
-34.2814 -78 1153.07 68.8873 55.5356 44.7564
278 171.925 1191.35 68.8873 55.5356 44.7564
-278 -233.45 920.993 68.8873 55.5356 44.7564
-139.313 -78 1162.98 68.8873 55.5356 44.7564
108.198 -278 1102.25 68.8873 55.5356 44.7564
278 215.128 1061.47 68.8873 55.5356 44.7564
-278 195.484 1032.18 68.8873 55.5356 44.7564
67.8061 164.29 1306 33.5202 86.8607 14.1558
-53.6547 278 1121.62 49.7718 126.305 19.7144
50.5431 -122.538 1306 87.9993 218.694 32.6926
-278 93.3224 938.784 68.8873 55.5356 44.7564
134.695 -99.0061 920.168 68.8873 55.5356 44.7564
-37.0975 195.044 1306 68.8873 55.5356 44.7564
102.012 -278 1045.99 68.8873 55.5356 44.7564
-278 45.7016 975.714 88.4679 69.8455 53.9104
278 241.198 949.84 68.8873 55.5356 44.7564
199.321 278 842.93 78.6944 6.54559 0
278 235.031 963.799 44.9396 3.66062 0
-278 132.424 815.737 68.8873 55.5356 44.7564
278 178.364 793.904 68.8873 55.5356 44.7564
259.021 278 763.903 24.7214 2.05626 0
-278 -9.37454 1288.7 68.8873 55.5356 44.7564
-112.241 -78 1175.87 68.8873 55.5356 44.7564
-6.35244 -67.5071 1306 8.59994 6.78966 5.24061
-10.3051 -19.7213 1306 68.8873 55.5356 44.7564
-232.961 278 1232.94 26.5659 20.9738 16.1887
-163.414 211.882 1306 68.8873 55.5356 44.7564
-92.4875 278 1183.68 107.965 85.2386 65.7915
74.4069 183.94 1306 89.3571 69.0879 51.0724
99.0635 278 1181.48 140.855 106.651 75.5093
131.809 -104.032 921.005 68.8873 55.5356 44.7564
-227.769 278 1148.16 69.1335 54.581 42.1284
-278 240.483 1178.46 74.4978 57.5992 42.5795
-203.367 -278 1071.08 68.8873 55.5356 44.7564
-278 -127.663 1061.93 123.221 97.2833 75.0882
-103.336 278 923.145 28.9262 73.4055 11.4575
-62.4152 57.9208 1306 28.7085 71.3458 10.6655
278 215.63 951.334 68.8873 55.5356 44.7564
-278 -79.7943 1124.5 117.31 9.75756 0
-247.966 205.199 1306 6.46267 1.72783 0
-159.77 -278 813.984 9.14734 2.395 0
-278 152.059 987.123 68.8873 55.5356 44.7564
-161.498 278 855.103 23.0676 59.7749 9.74161
-278 143.174 1185.07 68.8873 55.5356 44.7564
-278 198.256 873.461 68.8873 55.5356 44.7564
-69.1 278 831.609 39.3612 101.996 16.6225
-278 9.48618 807.876 61.9827 157.292 24.5511
-278 235.577 1147.89 68.8873 55.5356 44.7564
-258.059 278 1210.57 10.9197 28.296 4.61145
278 263.578 995.153 0.545007 1.38305 0.215875
276.23 278 1020.44 0.0661485 0.0173193 0
278 -24.1289 866.118 68.8873 55.5356 44.7564
-278 65.7646 1094.38 68.8873 55.5356 44.7564
-278 88.4958 977.404 68.8873 55.5356 44.7564
-278 212.888 1043.29 68.8873 55.5356 44.7564
7.05761 117.117 1306 68.8873 55.5356 44.7564
230.499 278 1201.53 48.8766 38.5881 29.7843
278 259.481 1201.98 35.5049 27.4512 20.293
254.424 278 1279.41 20.1629 1.60842 0
-278 215.454 1025.7 68.8873 55.5356 44.7564
149.449 98.7067 1306 68.8873 55.5356 44.7564
-278 272.591 763.43 68.8873 55.5356 44.7564
-11.0838 63.8429 1306 17.885 46.3454 7.55298
10.0552 -278 1274.41 3.28555 8.33769 1.30139
-76.5618 114.511 1306 68.8873 55.5356 44.7564
-278 37.6525 1296.68 5.95138 4.69862 3.62664
-163.351 -278 1191.86 1.20678 3.06243 0.478
-167.819 -273.807 1182.18 0.883114 2.19469 0.328086
278 130.866 1191.66 68.8873 55.5356 44.7564
-278 -166.622 998.578 116.156 9.66155 0
-193.396 -278 1240.53 21.8798 5.84968 0
-217.218 -244.602 1306 18.9152 4.95247 0
34.1221 13.146 1306 68.8873 55.5356 44.7564
278 -35.1182 1077.65 93.1985 73.5803 56.7931
278 -209.617 1112.65 68.8873 55.5356 44.7564
278 152.019 829.909 68.8873 55.5356 44.7564
-1.62625 -278 1041.57 69.428 5.77484 0
-278 184.541 927.593 68.8873 55.5356 44.7564
-278 194.06 1291.09 68.8873 55.5356 44.7564
-274.631 165.281 1306 4.43107 11.4822 1.87127
-278 168.403 1304.95 1.98158 5.02861 0.784893
-278 187.355 985.716 68.8873 55.5356 44.7564
95.1525 138.734 1306 32.3674 83.8736 13.669
-278 209.1 881.782 48.2337 122.402 19.1052
278 -192.899 854.673 68.8873 55.5356 44.7564
-35.96 -278 1288.25 68.8873 55.5356 44.7564
-10.1932 -263.063 1306 59.3502 46.8571 36.1667
-4.93156 -278 1291.83 79.1398 61.1882 45.2327
-278 203.519 1135.29 68.8873 55.5356 44.7564
-103.092 92.4714 1306 68.8873 55.5356 44.7564
-110.166 -78 1220.64 61.6415 48.666 37.5629
-108.804 100.687 1306 111.24 86.0071 63.5797
60.9684 278 1144.16 122.456 92.7198 65.6459
278 177.729 1124.23 68.8873 55.5356 44.7564
-32.7415 -119.46 1182.74 98.6591 8.2062 0
56.9137 -278 1278.81 125.839 10.2504 0
278 6.40244 794.977 118.663 9.46585 0
-278 272.771 1289.95 68.8873 55.5356 44.7564
-278 39.29 898 68.8873 55.5356 44.7564
-278 263.95 1137.95 68.8873 55.5356 44.7564
1.6795 8.11591 1306 68.8873 55.5356 44.7564
-278 55.3354 1095.99 81.983 64.7257 49.9586
-170.708 -78 1145.4 30.7251 77.9706 12.1701
-278 -70.5385 1174.95 4.11059 10.2155 1.52712
248.688 24.0374 1306 68.8873 55.5356 44.7564
-17.3317 -278 786.896 68.8873 55.5356 44.7564
-278 -142.52 1225.81 68.8873 55.5356 44.7564
97.636 179.766 1306 68.8873 55.5356 44.7564
172.006 278 1222.73 77.1457 60.9066 47.0108
-226.131 43.8371 1306 76.9791 59.5177 43.9977
-278 -33.829 1235.01 93.1695 70.5452 49.9462
168.55 123.915 1306 68.8873 55.5356 44.7564
99.9876 278 1241.8 49.0163 38.6984 29.8694
7.88895 139.024 1306 76.2586 58.9606 43.5859
-278 88.2103 1090.88 90.791 68.7442 48.6711
-278 -29.6919 1244.33 68.8873 55.5356 44.7564
-156.344 -278 1249.99 18.8546 48.8579 7.96245
-278 -207.862 1230.96 18.6637 47.3625 7.39259
-278 273.969 848.444 68.8873 55.5356 44.7564
-277.349 278 841.031 3.29665 8.54258 1.3922
-92.3622 126.83 1306 1.90665 4.83848 0.755216
-278 165.407 1212.58 1.68538 4.18848 0.626136
-118.263 -78 1141.95 68.8873 55.5356 44.7564
118.599 17.5543 1306 68.8873 55.5356 44.7564
-56.8968 278 897.646 109.212 86.2227 66.5511
106.378 -278 1232.39 181.471 140.307 103.72
-10.9245 -171.608 1160.92 222.246 168.278 119.141
11.1759 4.21448 1306 68.8873 55.5356 44.7564
-278 -122.066 925.693 106.03 83.7107 64.6122
-119.219 129.965 1306 68.8873 55.5356 44.7564
-229.498 105.358 1306 68.8873 55.5356 44.7564
-278 106.485 1278.16 68.5662 54.1331 41.7827
-244.143 101.552 1306 32.7479 83.1038 12.9713
-278 171.413 1280.18 20.6724 51.3746 7.68001
-117.062 -78 1108.42 68.8873 55.5356 44.7564
-278 165.471 961.497 102.66 81.05 62.5586
-278 -70.1256 1114.57 68.8873 55.5356 44.7564
-93.6767 -16.1768 1306 29.1356 75.4989 12.3042
-22.8161 278 981.515 42.6166 108.147 16.8802
193.891 68.0187 1306 68.8873 55.5356 44.7564
278 -3.95907 1133.29 115.992 91.5757 70.6828
-278 254.739 1209.43 68.8873 55.5356 44.7564
-79.8045 110.808 1306 32.2657 83.6098 13.626
-254.957 278 1241.87 16.5222 41.9282 6.54438
-278 269.222 1225.6 9.81934 24.4028 3.64798
278 -194.474 861.603 68.8873 55.5356 44.7564
-31.867 278 1121.96 68.6231 5.70789 0
-35.7764 -278 1053.47 136.213 11.0955 0
278 -210.191 1060.47 57.5305 4.58927 0
-206.938 -278 982.816 68.8873 55.5356 44.7564
-278 -255.671 953.588 38.4465 30.3536 23.4284
-278 194.356 1108.22 68.8873 55.5356 44.7564
278 95.2892 1266.85 68.8873 55.5356 44.7564
-86.8647 202.859 1306 68.8873 55.5356 44.7564
-278 103.522 771.376 68.8873 55.5356 44.7564
-278 265.242 1074.61 68.8873 55.5356 44.7564
245.15 -278 1181.53 68.8873 55.5356 44.7564
185.71 278 1188.98 136.982 108.147 83.4736
-65.0061 -59.6111 1306 211.896 163.831 121.11
27.9829 -278 1248.99 98.9673 74.935 53.0542
278 199.448 899.706 68.8873 55.5356 44.7564
132.093 278 864.711 118.693 9.87259 0
-278 -258.154 822.73 188.19 15.3293 0
278 204.065 780.145 68.8873 55.5356 44.7564
211.047 215.639 1306 68.8873 55.5356 44.7564
278 264.635 1079.04 129.4 102.161 78.8532
254.603 -26.4152 1306 16.3727 1.33367 0
131.088 63.1168 1306 68.8873 55.5356 44.7564
272.818 -278 1246.53 68.8873 55.5356 44.7564
278 -276.416 1249.77 34.5733 27.2957 21.0682
277.949 -278 1248.21 1.56293 0.12731 0
278 -277.97 1248.25 1.33354 0.106378 0
117.76 84.7181 1306 68.8873 55.5356 44.7564
278 -65.3897 1093.22 95.8801 75.6975 58.4272
-3.25936 140.31 1306 68.8873 55.5356 44.7564
13.0098 -278 1266.35 12.9925 10.2576 7.91734
43.5161 -272.352 1306 2.91461 2.25348 1.66586
-278 18.1761 1191.59 68.8873 55.5356 44.7564
278 95.4676 1085.38 68.8873 55.5356 44.7564
278 272.675 971.994 68.8873 55.5356 44.7564
271.28 278 976.431 95.8987 7.9766 0
278 270.611 959.769 72.9479 5.94208 0
277.495 132.385 1306 68.8873 55.5356 44.7564
278 85.0023 1046.51 68.8873 55.5356 44.7564
274.998 -278 1187.62 68.8873 55.5356 44.7564
278 257.894 1086.81 68.8873 55.5356 44.7564
204.505 278 1198.3 74.9845 6.23701 0
278 154.332 1171.7 126.772 10.3264 0
-278 93.7643 888.689 68.8873 55.5356 44.7564
-278 -163.058 1186.17 68.8873 55.5356 44.7564
51.6846 -278 901.01 68.8873 55.5356 44.7564
-278 67.9057 1093.16 68.8873 55.5356 44.7564
-181.018 80.6427 1306 17.7468 45.9873 7.49462
-59.662 153.037 1306 68.8873 55.5356 44.7564
-278 242.437 1194.31 58.9495 46.5407 35.9225
138.476 -29.8896 1306 68.8873 55.5356 44.7564
278 148.724 1196.18 68.8873 55.5356 44.7564
199.533 278 948.02 37.2002 3.09422 0
-43.7147 -78 1134.33 68.8873 55.5356 44.7564
278 237.688 836.041 68.8873 55.5356 44.7564
-278 152.656 1212.42 68.8873 55.5356 44.7564
-278 242.384 1027.07 68.8873 55.5356 44.7564
278 207.729 842.34 68.8873 55.5356 44.7564
114.983 278 1026.94 87.6961 7.29433 0
278 79.3831 1035.24 68.8873 55.5356 44.7564
-20.0115 -278 898.047 68.8873 55.5356 44.7564
-167.401 -78 1138.52 68.8873 55.5356 44.7564
-65.4202 -103.246 1084.58 68.8873 55.5356 44.7564
278 80.9093 1111.73 78.8767 62.2732 48.0657
258.534 278 1264.11 12.2885 1.00098 0
-12.3329 -96.8258 1162.33 19.4545 1.55191 0
66.3485 263.158 1306 68.8873 55.5356 44.7564
41.2558 278 1297.18 39.8946 31.4969 24.3109
278 252.624 1066.56 68.8873 55.5356 44.7564
-73.1765 255.688 1306 68.8873 55.5356 44.7564
278 -79.3694 1179.35 34.7844 27.4623 21.1968
171.061 24.4195 1306 38.0405 3.09865 0
278 -197.577 1204.64 28.9435 2.30886 0
-278 -259.105 993.683 68.8873 55.5356 44.7564
-278 240.46 929.623 68.8873 55.5356 44.7564
-278 148.674 1226.54 68.8873 55.5356 44.7564
278 151.196 999.206 68.8873 55.5356 44.7564
235.024 278 999.103 44.2234 3.67839 0
278 270.418 948.007 9.979 0.812854 0
86.1736 -278 752.32 68.8873 55.5356 44.7564
-278 131.539 936.929 68.8873 55.5356 44.7564
278 -18.6357 1299.75 68.8873 55.5356 44.7564
-278 227.421 980.63 68.8873 55.5356 44.7564
278 -126.744 1106.06 68.8873 55.5356 44.7564
-39.7243 -103.508 1110.28 68.8873 55.5356 44.7564
278 -42.6828 924.294 131.507 103.825 80.1374
95.714 139.785 1306 68.8873 55.5356 44.7564
193.853 278 1277.2 23.0748 18.2176 14.0613
278 -161.18 980.698 37.7753 29.2066 21.5906
-172.869 110.297 1306 68.8873 55.5356 44.7564
-123.746 44.7146 1306 68.8873 55.5356 44.7564
278 3.23761 1038.87 68.8873 55.5356 44.7564
157.955 278 916.454 51.0675 4.24766 0
278 242.288 907.281 29.0441 2.36583 0
262.008 278 909.531 23.7013 0.199191 0
87.9428 -111.718 1306 68.8873 55.5356 44.7564
-102.949 -193.539 763.893 68.8873 55.5356 44.7564
278 191.332 968.35 68.8873 55.5356 44.7564
278 100.353 1080.28 68.8873 55.5356 44.7564
114.108 -213.827 1306 53.7439 4.47028 0
278 -163.099 1268.1 23.1834 1.88843 0
190.629 -278 1011.05 13.7412 0.115484 0
278 74.5514 1004.79 68.8873 55.5356 44.7564
-278 46.0062 899.948 135.216 11.2469 0
-278 201.201 1133.37 68.8873 55.5356 44.7564
-278 89.5696 955.462 68.8873 55.5356 44.7564
278 -249.348 1002.9 36.5028 94.5896 15.4154
-278 215.583 969.614 68.8873 55.5356 44.7564
-221.114 278 963.45 28.7961 74.6192 12.1608
-278 198.127 1090.58 68.8873 55.5356 44.7564
113.029 278 1246.3 39.1234 101.38 16.5221
-278 86.2957 864.993 68.8873 55.5356 44.7564
-195.741 -278 1003.35 8.85293 22.9406 3.73866
-278 -212.369 1041.34 10.3863 26.3572 4.11398
-248.181 -278 1091.9 2.18868 17.8527 0.563501
-114.402 47.3646 1306 68.8873 55.5356 44.7564
278 238.995 937.218 68.8873 55.5356 44.7564
278 195.66 1151.88 68.8873 55.5356 44.7564
-278 214.14 1197.02 68.8873 55.5356 44.7564
-278 144.048 1148.5 68.8873 55.5356 44.7564
278 265.511 1101.98 41.7364 108.151 17.6256
57.5142 -278 1115.41 68.8873 55.5356 44.7564
-166.956 269.408 1306 68.8873 55.5356 44.7564
-89.9048 132.616 1306 68.8873 55.5356 44.7564
54.6167 -278 1228.66 24.1018 19.0284 14.6871
85.8511 -278 1258.8 68.8873 55.5356 44.7564
278 -95.729 872.796 53.6444 42.3523 32.6897
278 244.037 1268.6 68.8873 55.5356 44.7564
43.7626 -98.9306 1306 68.8873 55.5356 44.7564
-216.126 -278 869.035 68.8873 55.5356 44.7564
-278 -175.579 958.153 94.5783 74.6697 57.6339
251.214 228.663 1306 41.452 105.192 16.4189
-275.477 -278 881.237 41.6591 103.53 15.4768
-278 134.754 803.879 68.8873 55.5356 44.7564
-278 214.382 1164.59 68.8873 55.5356 44.7564
-278 271.268 909.999 68.8873 55.5356 44.7564
156.746 152.328 1306 68.8873 55.5356 44.7564
-278 -225.858 1215.9 21.2845 16.8041 12.9703
-141.427 -278 1244.78 12.1381 30.8025 4.80783
-112.388 -241.014 1237.61 18.8762 46.9106 7.01269
155.399 123.433 1306 68.8873 55.5356 44.7564
-49.5363 278 1217.18 45.0535 35.5698 27.4546
-30.4944 261.664 1306 15.9473 12.3299 9.11472
-32.222 278 1291.42 21.1685 16.0281 11.348
-44.9607 -278 905.214 68.8873 55.5356 44.7564
-278 -100.429 889.904 68.8873 55.5356 44.7564
9.63006 104.359 1306 68.8873 55.5356 44.7564
-278 93.3024 882.454 113.951 89.9641 69.4389
-278 -246.342 1014.83 68.8873 55.5356 44.7564
-278 192.786 808.689 68.8873 55.5356 44.7564
278 129.611 894.963 42.0918 109.072 17.7757
182.126 189.098 1306 18.9353 5.06246 0
199.687 278 1299.7 2.62497 0.687282 0
-149.503 117.946 1306 68.8873 55.5356 44.7564
-278 -31.5444 1149.42 85.6936 67.6552 52.2198
-278 241.152 1252.17 68.8873 55.5356 44.7564
-278 39.2508 1248.02 68.8873 55.5356 44.7564
278 265.495 1046.51 37.6378 97.5308 15.8947
278 262.105 1038.8 68.8873 55.5356 44.7564
278 48.3459 982.519 68.8873 55.5356 44.7564
196.799 167.65 1306 31.5838 2.62706 0
278 111.747 877.2 68.8873 55.5356 44.7564
273.842 27.6235 1306 1.31082 0.10903 0
-278 -91.406 1281.38 68.8873 55.5356 44.7564
-255.229 -213.976 1306 7.6808 19.9032 3.24366
-278 -250.978 1279 8.10811 20.5758 3.21158
-278 224.503 1084.69 68.8873 55.5356 44.7564
278 177.677 843.957 68.8873 55.5356 44.7564
278 143.415 926.33 68.8873 55.5356 44.7564
-175.26 -278 901.231 100.819 8.38582 0
-278 206.413 818.726 68.8873 55.5356 44.7564
278 236.04 1275.66 68.8873 55.5356 44.7564
-49.0716 -113.941 1306 68.8873 55.5356 44.7564
-87.9338 -108.428 1237.93 119.352 94.2283 72.7302
278 -68.397 1120.94 108.781 84.1057 62.1741
144.718 -105.947 1306 125.457 10.0079 0
-278 162.589 863.476 68.8873 55.5356 44.7564
-80.2042 -188.142 822.791 20.9487 54.2842 8.84678
278 203.484 870.958 37.4196 94.9591 14.8217
226.29 278 864.237 42.5503 11.1407 0
28.3321 -278 989.391 68.8873 55.5356 44.7564
278 -265.073 1081.5 6.68455 5.27746 4.07341
-79.4927 -254.7 1070.51 13.3572 1.08803 0
-278 -205.823 1208.61 68.8873 55.5356 44.7564
278 213.823 1244.68 68.8873 55.5356 44.7564
170.442 271.401 1306 108.526 9.02694 0
172.484 278 1287.35 203.537 16.5794 0
278 -4.7883 1294.45 68.8873 55.5356 44.7564
275.594 -10.8429 1306 24.9953 2.07904 0
278 -84.7029 1253.37 68.8873 55.5356 44.7564
269.544 -98.1661 1306 21.1877 1.76234 0
278 -95.9557 1303.3 12.5214 1.01995 0
-51.0902 -101.526 1201.09 23.9129 0.200969 0
204.906 -278 951.897 68.8873 55.5356 44.7564
-278 -103.348 1046.35 46.085 36.3841 28.0831
278 94.906 1153.91 68.8873 55.5356 44.7564
277.65 -278 1180.04 0.128723 0.0107069 0
278 -277.127 1178.92 0.153364 0.0124925 0
-71.8577 87.3091 1306 68.8873 55.5356 44.7564
67.0111 -278 909.707 68.8873 55.5356 44.7564
-278 260.124 827.422 68.8873 55.5356 44.7564
-278 224.562 1174.86 68.8873 55.5356 44.7564
278 213.571 763.233 68.8873 55.5356 44.7564
-51.3851 70.6476 1306 68.8873 55.5356 44.7564
278 73.3843 810.935 68.8873 55.5356 44.7564
40.8688 85.8583 1306 59.5018 4.94921 0
-26.8046 -278 803.947 68.8873 55.5356 44.7564
-59.7869 -239.703 827.312 94.7593 74.8126 57.7442
-278 78.6838 810.763 68.8873 55.5356 44.7564
-278 116.927 1083.74 68.8873 55.5356 44.7564
-278 212.062 1073.38 68.8873 55.5356 44.7564
-105.452 269.641 1306 68.8873 55.5356 44.7564
278 259.013 827.327 68.8873 55.5356 44.7564
-93.3432 151.192 1306 68.8873 55.5356 44.7564
-78.0877 -186.854 781.921 68.8873 55.5356 44.7564
-278 -179.593 1291.85 68.8873 55.5356 44.7564
-278 217.865 1222.54 68.8873 55.5356 44.7564
-278 -45.5415 865.334 68.8873 55.5356 44.7564
-173.114 -147.662 1123.11 15.1654 39.2979 6.40445
-278 -200.119 925.171 28.2288 71.6358 11.1813
54.2691 -278 1206.44 68.8873 55.5356 44.7564
-278 259.937 1111.04 68.8873 55.5356 44.7564
278 212.244 1050.86 68.8873 55.5356 44.7564
-278 267.117 1280 68.8873 55.5356 44.7564
-220.988 278 991.286 8.29807 21.5028 3.50434
278 -59.008 968.5 9.28206 23.5549 3.67658
-182.567 -65.0667 1306 68.8873 55.5356 44.7564
-46.7971 278 1133.15 58.4492 46.1457 35.6176
130.882 -254.438 892.162 101.893 78.7803 58.2374
269.957 208.713 1306 68.8873 55.5356 44.7564
278 193.994 1304.14 15.2141 12.0115 9.27112
-278 139.359 1142.35 68.8873 55.5356 44.7564
58.9799 218.636 1306 68.8873 55.5356 44.7564
-278 -3.90991 1035.27 76.7195 60.5701 46.7511
25.2785 -278 1098.2 68.8873 55.5356 44.7564
278 -275.964 976.799 1.00019 0.789651 0.609493
275.482 -278 975.925 1.50156 0.122312 0
246.576 -278 773.664 68.8873 55.5356 44.7564
-55.6331 -228.939 823.037 21.7958 17.2078 13.2818
236.344 245.897 1306 68.8873 55.5356 44.7564
205.101 278 1288.19 50.9052 40.1897 31.0205
231.337 254.357 1306 60.8535 47.0499 34.7811
-92.2905 -194.4 836.216 68.8873 55.5356 44.7564
278 234.506 896.085 68.8873 55.5356 44.7564
30.009 -198.273 1306 68.8873 55.5356 44.7564
-31.4411 -278 1291.42 19.7522 15.5944 12.0366
-222.494 278 1204.07 36.9547 28.5722 21.1216
-242.956 149.305 1306 57.4938 43.5326 30.8212
100.251 167.162 1306 68.8873 55.5356 44.7564
222.362 278 1205.95 71.4638 56.4208 43.5484
253.403 -278 1124.87 141.216 109.184 80.7128
-52.7249 184.566 1306 68.8873 55.5356 44.7564
278 144.02 981.924 68.8873 55.5356 44.7564
129.348 278 1119 84.4337 7.02298 0
-58.5677 -278 1086.79 68.8873 55.5356 44.7564
-60.0658 202.598 1306 68.8873 55.5356 44.7564
278 149.898 1142.59 68.8873 55.5356 44.7564
278 265.045 1058.35 68.8873 55.5356 44.7564
-247.135 269.302 1306 68.8873 55.5356 44.7564
-254.659 278 1305.12 10.5635 8.33989 6.43716
-254.859 276.244 1306 18.7695 14.512 10.7278
-278 182.288 1200.52 27.662 20.9448 14.829
141.032 -43.8623 906.958 68.8873 55.5356 44.7564
-129.984 -278 881.391 90.4528 71.4126 55.1199
-278 -218.512 923.554 65.222 50.4275 37.2779
-212.918 -278 983.903 24.7189 61.4309 9.18333
-102.613 103.817 1306 68.8873 55.5356 44.7564
-278 33.6989 1048.24 68.8873 55.5356 44.7564
278 161.474 821.029 68.8873 55.5356 44.7564
-62.0289 -278 859.794 68.8873 55.5356 44.7564
278 -251.063 1219.44 7.48706 5.91104 4.56244
-42.4017 -217.546 1107.6 14.0691 1.14602 0
278 -33.2853 1206.06 68.8873 55.5356 44.7564
238.74 -278 997.591 16.7017 1.38921 0
278 -274.454 976.674 2.65425 0.216206 0
-44.9941 278 1193.4 2.53772 0.0213276 0
-278 126.283 937.387 68.8873 55.5356 44.7564
-264.659 -118.781 1306 1.29126 3.34604 0.545309
-3.35791 278 1223.92 0.439642 1.11567 0.17414
278 186.948 1114.74 0.253968 0.631156 0.0943517
-69.2517 -278 941.538 68.8873 55.5356 44.7564
-50.2956 -102.237 1099.7 102.085 80.5964 62.2084
-16.2477 -116.761 1133.75 68.8873 55.5356 44.7564
278 -215.313 1119.38 96.7855 76.4123 58.9789
-278 180.424 990.581 154.968 12.6231 0
-71.9662 113.227 1306 51.9127 13.592 0
-278 87.6546 1031.19 68.8873 55.5356 44.7564
-179.614 18.7501 1306 14.0612 36.4368 5.93816
-278 38.6107 1244.82 14.6371 37.1443 5.79768
-278 201.193 1225.65 68.8873 55.5356 44.7564
-276.47 278 1277.6 0.706972 1.83197 0.29856
275.807 197.782 1306 68.8873 55.5356 44.7564
-54.5895 278 776.47 115.934 91.5304 70.6479
37.5039 -278 945.356 68.8873 55.5356 44.7564
-183.94 150.365 1306 68.8873 55.5356 44.7564
-98.0632 278 1279.54 23.3513 18.4359 14.2298
-168.212 174.114 1306 37.8706 29.2803 21.6451
-164.115 278 1082.91 68.652 51.9812 36.8028
-14.8399 231.419 1306 68.8873 55.5356 44.7564
-278 260.832 966.208 68.8873 55.5356 44.7564
-278 263.215 1001.12 68.8873 55.5356 44.7564
168.073 -278 1044.91 68.8873 55.5356 44.7564
-278 -169.362 1028.14 32.5793 25.7214 19.8531
165.273 -79.744 1306 68.8873 55.5356 44.7564
-278 -251.267 1303.3 0.782875 0.618081 0.477067
278 -37.8743 1105.35 68.8873 55.5356 44.7564
-278 176.15 865.039 68.8873 55.5356 44.7564
278 211.528 869.69 68.8873 55.5356 44.7564
-168.344 183.388 1306 98.4224 8.18652 0
-90.4931 278 1269.52 56.1676 4.57521 0
-278 103.857 1219.64 75.0333 5.98549 0
-26.6341 -112.507 1306 68.8873 55.5356 44.7564
-4.76621 -91.9433 1154.77 135.138 106.692 82.3503
99.8328 -110.35 1306 264.57 204.557 151.216
26.4405 278 841.764 402.906 305.068 215.989
49.7121 -257.288 1306 68.8873 55.5356 44.7564
-278 141.328 1208.69 68.8873 55.5356 44.7564
-278 272.49 799.528 68.8873 55.5356 44.7564
-83.6869 273 1306 68.8873 55.5356 44.7564
-83.5661 278 1298.42 115.01 90.8009 70.0848
-278 152.041 1162.62 107.894 83.4199 61.6671
85.8517 -278 774.73 68.8873 55.5356 44.7564
278 192.311 1066.2 68.8873 55.5356 44.7564
-278 96.1268 981.198 68.8873 55.5356 44.7564
-109.838 278 856.872 26.0072 67.3923 10.983
57.0701 -278 1284.91 68.8873 55.5356 44.7564
278 -258.65 1297.95 12.0001 9.47412 7.31261
278 -146.096 980.419 68.8873 55.5356 44.7564
27.975 172.016 1306 68.8873 55.5356 44.7564
-85.9886 278 1233.91 57.9061 45.7169 35.2867
-49.4658 172.893 1306 91.8126 70.9865 52.4759
-72.538 278 1250.52 84.1422 63.7099 45.1068
269.411 245.022 1306 68.8873 55.5356 44.7564
-278 49.3352 968.539 69.1679 54.6081 42.1493
227.576 -278 924.169 68.8873 55.5356 44.7564
-278 98.219 853.005 68.8873 55.5356 44.7564
278 -3.17642 913.587 68.8873 55.5356 44.7564
67.6863 278 1040.59 77.6019 6.45473 0
-278 196.827 899.194 68.8873 55.5356 44.7564
-12.6476 180.903 1306 68.8873 55.5356 44.7564
278 149.662 992.59 68.8873 55.5356 44.7564
278 74.7605 1047.04 68.8873 55.5356 44.7564
144.167 -20.1864 907.031 85.481 7.11009 0
-85.7383 -141.606 1064.26 76.0328 6.19337 0
-23.0252 -278 848.21 68.8873 55.5356 44.7564
-49.8692 -248.201 1100.13 16.0939 12.7061 9.80724
278 148.92 881.26 68.8873 55.5356 44.7564
6.70804 246.997 1306 72.7971 6.05507 0
-13.29 278 1270.64 100.744 8.20626 0
-278 165.137 1034.31 61.0698 4.87161 0
278 156.891 1030.18 68.8873 55.5356 44.7564
-73.5237 168.696 1306 108.353 9.01256 0
130.526 -278 1101.3 83.3742 6.79136 0
278 -124.581 1107.12 120.17 9.5861 0
-86.6457 123.526 1306 68.8873 55.5356 44.7564
26.0327 278 1266.47 27.8917 22.0205 16.9965
-4.74584 -278 1109.97 68.8873 55.5356 44.7564
-73.8089 -264.069 1076.19 24.5634 19.3928 14.9684
-31.3805 -278 1066.77 39.4634 30.5118 22.5555
-60.8388 126.622 1306 68.8873 55.5356 44.7564
-278 190.094 1261.25 26.7305 21.1038 16.289
91.297 -191.213 1306 68.8873 55.5356 44.7564
129.148 -278 1113.14 123.674 97.641 75.3643
278 176.201 1126.94 234.95 181.656 134.287
246.593 278 1178.83 124.54 9.93471 0
278 -108.114 930.061 68.8873 55.5356 44.7564
273.959 -278 863.305 3.04936 0.253637 0
278 226.067 1001.34 68.8873 55.5356 44.7564
278 189.838 1038.6 68.8873 55.5356 44.7564
275.138 278 983.07 3.78302 0.314661 0
278 273.672 946.758 0.892647 0.0727118 0
-278 178.128 1010.15 68.8873 55.5356 44.7564
278 -153.857 902.613 68.8873 55.5356 44.7564
-278 26.0633 1076.99 125.609 10.4479 0
-154.395 278 1106.15 34.2409 9.15449 0
-34.8167 243.45 1306 68.8873 55.5356 44.7564
-278 59.4669 1126.02 70.0289 55.2879 42.674
85.9654 -278 780.961 68.8873 55.5356 44.7564
-278 246.022 1090.99 68.8873 55.5356 44.7564
-276.87 278 1077.4 1.39319 3.61016 0.588353
-225.932 -278 992.708 2.74337 6.96181 1.08664
-278 -221.876 1054.02 3.13949 7.80218 1.16635
278 147.315 1182.98 68.8873 55.5356 44.7564
-78.7932 -61.8071 1306 113.929 9.4763 0
-278 -85.347 995.838 68.8873 55.5356 44.7564
-55.7919 -78 1193.86 68.8873 55.5356 44.7564
34.8441 278 1244.41 132.269 104.427 80.6018
278 -121.401 829.29 168.977 130.647 96.5792
-167.741 155.567 1306 68.8873 55.5356 44.7564
-196.202 74.7854 1306 68.8873 55.5356 44.7564
278 204.325 809.489 68.8873 55.5356 44.7564
206.609 278 1001.97 45.0946 3.75085 0
278 276.881 973.077 1.3102 0.106724 0
10.5439 -278 1061.67 1.12618 0.00946472 0
-278 58.5371 779.938 68.8873 55.5356 44.7564
216.93 -47.6917 1306 29.0584 75.299 12.2716
278 -50.171 835.263 68.8873 55.5356 44.7564
278 -131.188 1155.36 68.8873 55.5356 44.7564
208.765 -278 800.362 24.4365 2.03256 0
278 85.3291 1177.12 68.8873 55.5356 44.7564
254.7 278 1061.11 14.1971 1.18087 0
278 272.198 1053.44 6.53554 0.532362 0
23.3875 151.416 1306 8.79465 0.0739124 0
-76.7664 59.6642 1306 68.8873 55.5356 44.7564
-67.8733 278 1202.48 58.9861 46.5696 35.9448
-91.1922 275.46 1306 2.82244 2.18222 1.61318
-278 -223.843 954.666 68.8873 55.5356 44.7564
278 169.758 897.185 68.8873 55.5356 44.7564
124.853 -278 1203.83 37.4182 3.11235 0
278 -211.351 1177.24 29.4915 2.40227 0
230.732 -140.038 1306 18.034 0.151562 0
117.664 -278 1027.75 68.8873 55.5356 44.7564
-205.428 126.315 1306 68.8873 55.5356 44.7564
-278 140.197 1096.74 129.914 102.567 79.1665
-58.4949 -152.266 1091.51 68.8873 55.5356 44.7564
-15.3955 -278 1077.59 41.5629 32.814 25.3275
169.689 -182.573 934.095 31.3674 24.2523 17.9282
-278 207.103 1174.52 68.8873 55.5356 44.7564
-67.7356 -78 1183.99 68.8873 55.5356 44.7564
-128.977 -69.6308 1306 8.42989 6.65541 5.13698
278 141 1172.67 4.71003 3.64164 2.69204
146.23 -42.6636 1306 4.72985 0.377305 0
278 236.328 923.711 68.8873 55.5356 44.7564
278 235.81 882.722 68.8873 55.5356 44.7564
213.751 278 847.445 104.667 8.7059 0
278 197.63 808.386 68.8873 55.5356 44.7564
26.0406 278 872.648 127.547 10.6091 0
278 175.81 1294.3 68.8873 55.5356 44.7564
36.57 -278 1172.35 62.9617 5.23699 0
120.914 32.0998 1306 112.193 9.13887 0
-278 119.869 919.502 68.8873 55.5356 44.7564
278 134.043 1037.68 41.9136 108.611 17.7004
-278 -26.8861 1305.27 73.0893 19.5408 0
-185.394 278 1127.24 11.5383 9.91552 0
168.9 -182.57 1306 68.8873 55.5356 44.7564
265.601 -278 1092.01 116.313 91.8289 70.8783
156.152 -278 1211.82 68.8873 55.5356 44.7564
278 23.9214 1050.83 114.526 90.4186 69.7897
-278 136.701 1233.39 68.8873 55.5356 44.7564
278 -59.8936 843.633 68.8873 55.5356 44.7564
278 -80.451 1076.42 68.8873 55.5356 44.7564
203.786 278 947.219 26.3398 2.19088 0
-278 -115.071 823.862 68.8873 55.5356 44.7564
278 24.8368 1262.27 68.8873 55.5356 44.7564
278 -236.088 1087.34 68.8873 55.5356 44.7564
277.104 -278 1114.73 2.46355 0.204912 0
17.6639 208.981 1306 68.8873 55.5356 44.7564
-278 -37.6251 1214.5 31.8546 25.1492 19.4115
-278 194.345 839.501 68.8873 55.5356 44.7564
-278 -129.572 1045.59 68.8873 55.5356 44.7564
168.11 -144.854 927.809 68.8873 55.5356 44.7564
-38.6161 -159.054 1111.38 88.9564 70.2312 54.208
278 -39.7481 1200.95 81.608 63.0966 46.6434
215.652 278 1047.89 28.4119 2.26645 0
-278 205.145 970.522 68.8873 55.5356 44.7564
-278 76.423 1104.67 68.8873 55.5356 44.7564
-252.393 278 1242.4 4.47135 11.5866 1.88828
-93.0951 256.949 1306 68.8873 55.5356 44.7564
-81.4795 278 1278.73 103.347 81.5928 62.9775
-96.7853 248.659 1306 141.422 109.343 80.8302
-278 83.5467 1048.47 204.862 155.115 109.822
278 221.585 973.935 68.8873 55.5356 44.7564
-278 -83.2002 1017.17 120.533 10.0256 0
-278 180.536 1210.02 68.8873 55.5356 44.7564
-57.8502 -119.24 1306 24.5665 63.659 10.3746
-278 141.791 970.022 34.4593 87.4468 13.6492
21.9468 -278 1211.91 68.8873 55.5356 44.7564
-64.9161 -260.261 1214.92 27.5509 21.7514 16.7889
2.01421 -278 1195.74 25.8962 20.0221 14.8011
278 161.359 1017.28 68.8873 55.5356 44.7564
204.946 278 1075.5 67.3514 5.60211 0
-16.6544 -114.036 1133.35 68.8873 55.5356 44.7564
-104.954 -278 1041.09 1.85608 1.46538 1.13105
-278 84.113 1031.42 68.8873 55.5356 44.7564
-26.3766 -153.929 1306 68.8873 55.5356 44.7564
-198.613 -278 1241.56 40.0213 31.5969 24.3881
278 -80.3922 1124.82 68.8873 55.5356 44.7564
154.213 137.044 1306 68.8873 55.5356 44.7564
278 -173.412 1098.75 72.6062 57.3227 44.2446
218.827 -278 1022.38 60.3493 4.91584 0
51.2589 -11.9242 1306 68.8873 55.5356 44.7564
198.142 278 857.81 111.535 88.0573 67.9671
-278 193.087 955.678 38.3853 29.6782 21.9392
278 106.307 855.552 23.2335 57.7395 8.6315
89.4053 108.073 1306 68.8873 55.5356 44.7564
47.4939 278 1149.51 91.8329 72.5022 55.9609
-278 97.848 823.834 68.8873 55.5356 44.7564
-278 -33.8944 1141.01 68.8873 55.5356 44.7564
-234.444 -278 998.008 6.52223 16.901 2.75439
-165.077 -252.05 1115.08 2.44351 6.20084 0.967861
278 135.134 1006.22 68.8873 55.5356 44.7564
-85.8207 278 1080.48 125.988 10.4793 0
278 180.415 814.239 68.8873 55.5356 44.7564
-80.7843 -64.2093 1306 68.8873 55.5356 44.7564
-168.727 -121.739 1181.27 105.362 83.1836 64.2054
278 91.3891 1129.75 68.8873 55.5356 44.7564
-16.12 278 1179.2 115.18 9.58034 0
-104.375 129 1306 68.8873 55.5356 44.7564
278 35.0844 1165.1 46.4198 36.6484 28.2872
144.057 278 1004.29 38.7827 3.1591 0
223.785 -60.5369 1306 57.0312 4.54945 0
-278 264.729 1080.24 68.8873 55.5356 44.7564
-231.901 -77.6882 1306 4.78753 12.4059 2.02181
-262.055 -278 1139.01 6.09063 15.4561 2.41247
-278 219.021 1020.9 68.8873 55.5356 44.7564
-278 172.481 1016.48 68.8873 55.5356 44.7564
266.549 -278 1192.25 68.8873 55.5356 44.7564
-208.541 -278 1002.58 68.8873 55.5356 44.7564
-278 100.167 826.967 68.8873 55.5356 44.7564
-56.9072 278 961.926 30.1617 78.1578 12.7375
-278 109.459 1077.66 68.8873 55.5356 44.7564
-278 258.529 973.973 68.8873 55.5356 44.7564
172.949 144.842 1306 68.8873 55.5356 44.7564
106.238 -278 1202.52 32.3724 25.5581 19.727
278 -0.566956 1004.44 68.8873 55.5356 44.7564
219.277 -278 943.585 27.8946 2.3202 0
194.785 -264.476 941.823 26.9132 2.19226 0
278 -200.637 844.046 46.0131 3.67052 0
-278 -28.9337 1007.54 68.8873 55.5356 44.7564
-278 29.3784 884.87 68.8873 55.5356 44.7564
-120.053 278 950.843 22.4288 58.1196 9.47184
278 -145.07 863.164 32.3044 81.9782 12.7956
152.106 174.154 1306 68.8873 55.5356 44.7564
126.873 278 1252.53 61.6508 48.6734 37.5686
167.558 119.827 1306 113.487 87.7441 64.8638
138.835 278 1174.98 143.391 108.571 76.8687
-278 216.702 815.219 68.8873 55.5356 44.7564
10.8498 278 986.5 36.2693 93.9846 15.3168
91.2041 -278 897.805 70.9144 179.958 28.0889
278 -177.045 1246.76 68.8873 55.5356 44.7564
155.49 -62.8102 914.135 45.3214 3.76971 0
278 -195.75 1216.83 71.1429 5.79505 0
66.161 -278 1297.82 124.941 1.05004 0
278 260.03 908.362 68.8873 55.5356 44.7564
-278 -98.8831 1140.87 109.208 9.08364 0
132.187 112.522 1306 56.87 15.2045 0
108.191 278 1216.75 53.5572 14.0226 0
144.714 -129.647 885.298 68.8873 55.5356 44.7564
-54.661 -278 877.183 94.4322 74.5543 57.5448
95.2432 -278 1031.53 68.8873 55.5356 44.7564
278 -264.38 961.514 9.56485 7.55146 5.82861
240.866 -70.6076 1306 68.8873 55.5356 44.7564
67.9753 -133.362 1306 68.8873 55.5356 44.7564
105.735 -278 1218.66 69.5015 54.8715 42.3526
-278 -220.744 1303.71 20.037 15.492 11.4522
278 -275.447 1239.23 68.8873 55.5356 44.7564
270.101 -278 1234.02 111.009 9.23348 0
5.32345 -278 841.159 68.8873 55.5356 44.7564
-183.994 -67.5468 1306 68.8873 55.5356 44.7564
-204.891 -278 1182.09 69.647 54.9864 42.4413
-180.189 -260.562 1169.81 74.4256 57.5434 42.5383
-278 -225.171 1224.73 68.8873 55.5356 44.7564
-278 -61.2192 1127.87 68.8873 55.5356 44.7564
-251.478 -138.781 1306 5.7975 15.023 2.44833
-248.394 -278 1009.32 10.4963 26.6362 4.15753
-278 -276.665 999.847 0.900643 2.23826 0.334598
278 60.6101 1294.9 68.8873 55.5356 44.7564
198.376 107.03 1306 68.8873 55.5356 44.7564
90.693 278 1236.35 44.8968 35.4461 27.3591
-278 80.7022 1295.77 41.945 32.4305 23.9738
84.4438 155.961 1306 68.8873 55.5356 44.7564
26.2605 -278 879.763 96.1039 75.8742 58.5636
262.1 200.57 1306 68.8873 55.5356 44.7564
75.37 278 1241.18 42.0661 33.2112 25.6341
-184.417 -46.7542 1306 68.8873 55.5356 44.7564
-130.559 -164.109 1219.44 76.7154 60.5669 46.7486
-154.961 -278 1300.81 80.7644 62.4443 46.1612
-163.28 -272.673 1306 77.1059 58.3822 41.3348
278 120.165 984.239 68.8873 55.5356 44.7564
155.236 278 1068.96 77.8846 6.47824 0
-135.678 -213.687 831.973 68.8873 55.5356 44.7564
-278 234.638 1137.5 68.8873 55.5356 44.7564
-145.412 177.257 1306 68.8873 55.5356 44.7564
108.896 23.7176 1306 68.8873 55.5356 44.7564
278 208.76 1188.11 58.633 46.2908 35.7296
136.727 -278 1189.35 68.8873 55.5356 44.7564
-50.5096 -146.385 1200.51 79.1362 62.4781 48.2238
-278 -92.8838 1134.29 68.8873 55.5356 44.7564
-278 161.173 782.434 68.8873 55.5356 44.7564
-278 194.164 1011.49 68.8873 55.5356 44.7564
278 110.695 947.366 68.8873 55.5356 44.7564
11.3185 278 1154.63 97.4796 8.1081 0
-278 116.317 880.695 73.3084 5.97144 0
-153.626 -78 1125.02 68.8873 55.5356 44.7564
-213.213 278 1198.89 133.125 105.102 81.1234
-278 162.498 1125.21 202.923 156.893 115.981
6.02551 -278 984.911 68.8873 55.5356 44.7564
-33.0457 -206.615 1116.95 63.4082 50.0608 38.6395
278 -31.1789 811.664 68.8873 55.5356 44.7564
278 28.7993 1303.72 68.8873 55.5356 44.7564
278 227.301 1018.63 68.8873 55.5356 44.7564
-123.406 218.477 1306 68.8873 55.5356 44.7564
-127.634 278 1296.37 21.9476 17.3276 13.3744
54.748 -131.262 1306 68.8873 55.5356 44.7564
278 162.669 1117.31 68.8873 55.5356 44.7564
252.675 278 773.55 9.59908 0.798426 0
-193.413 -278 825.713 68.8873 55.5356 44.7564
251.416 -278 1280.36 68.8873 55.5356 44.7564
-28.4873 -217.668 1178.49 27.3503 21.5931 16.6666
278 101.228 927.518 4.22257 3.26475 2.41343
255.112 258.194 1306 0.470993 0.0375716 0
278 226.951 1245.22 68.8873 55.5356 44.7564
242.132 278 1222.65 74.4832 6.19532 0
-64.4728 242.244 1306 68.8873 55.5356 44.7564
-174.815 278 1288.48 20.5741 16.2433 12.5374
-158.393 269.785 1306 13.3188 10.2977 7.61244
-278 14.2986 932.731 68.8873 55.5356 44.7564
-153.607 -78 1134.01 20.9935 54.4002 8.86569
-249.956 -154.669 1306 68.8873 55.5356 44.7564
-278 -171.64 1250.02 118.893 93.8665 72.451
-205.297 229.759 1306 68.8873 55.5356 44.7564
278 205.317 1248.41 68.8873 55.5356 44.7564
271.324 278 1297.11 10.4812 0.871801 0
273.915 274.887 1306 6.67988 0.544119 0
272.484 278 1304.09 6.51158 0.519436 0
-122.093 -78 1081.03 68.8873 55.5356 44.7564
-145.038 -48.8643 1306 17.6051 13.8992 10.7281
-278 36.6926 1217.97 68.8873 55.5356 44.7564
150.716 -141.667 927.278 68.8873 55.5356 44.7564
278 -116.668 933.279 10.6407 8.40084 6.4842
134.803 -278 1100.37 11.1685 0.90975 0
278 -67.0063 1036.94 68.8873 55.5356 44.7564
-47.2069 -278 841.533 103.209 8.58464 0
278 250.639 974.12 68.8873 55.5356 44.7564
274.191 278 941.305 12.2329 1.0175 0
278 233.619 814.385 68.8873 55.5356 44.7564
-278 -16.9705 1227.97 68.8873 55.5356 44.7564
278 181.43 789.98 68.8873 55.5356 44.7564
-278 188.791 835.366 68.8873 55.5356 44.7564
278 148.237 1282.29 68.8873 55.5356 44.7564
177.629 -167.085 931.514 68.8873 55.5356 44.7564
278 -26.6189 953.9 35.7505 28.225 21.7855
-278 33.6654 924.063 70.9834 5.78206 0
278 153.875 1060.77 68.8873 55.5356 44.7564
129.853 278 1045.62 105.283 8.7572 0
-278 54.808 983.936 68.8873 55.5356 44.7564
32.6319 143.041 1306 68.8873 55.5356 44.7564
278 31.0907 1004.3 68.8873 55.5356 44.7564
7.14084 278 1153.75 94.2818 7.84211 0
-274.876 259.72 1306 10.7376 0.874647 0
-278 142.836 1222.77 68.8873 55.5356 44.7564
-278 125.952 1087.07 68.8873 55.5356 44.7564
-52.9171 -78 1157.86 30.9341 80.1594 13.0637
132.158 278 873.76 44.7999 113.688 17.745
-278 -238.991 781.123 68.8873 55.5356 44.7564
278 265.479 1258.48 68.8873 55.5356 44.7564
-278 -115.946 1192.99 68.8873 55.5356 44.7564
278 -219.032 995.467 68.8873 55.5356 44.7564
-12.228 223.4 1306 65.1745 5.42104 0
278 -5.90976 834.292 68.8873 55.5356 44.7564
-10.4347 -278 761.095 98.5543 8.19749 0
224.425 -220.024 1306 19.1675 1.56132 0
-278 101.763 765.956 25.7255 2.05215 0
-83.3767 -278 1006.96 68.8873 55.5356 44.7564
-86.8979 -197.802 837.635 58.9638 46.552 35.9312
-278 134.143 1004.52 68.8873 55.5356 44.7564
15.9903 72.7438 1306 29.612 76.7334 12.5054
-278 120.084 973.566 44.114 111.947 17.4733
-278 269.025 949.361 68.8873 55.5356 44.7564
-278 161.783 1207.1 68.8873 55.5356 44.7564
278 207.665 911.537 68.8873 55.5356 44.7564
278 78.835 1121.83 68.8873 55.5356 44.7564
-157.814 -87.7166 1306 68.8873 55.5356 44.7564
-278 87.1366 1301.23 3.09411 2.4428 1.88548
-220.904 98.8568 1306 1.87963 4.76989 0.744511
-172.806 278 1152.74 2.39449 5.95074 0.889578
19.1358 111.386 1306 68.8873 55.5356 44.7564
278 4.37079 822.391 119.22 94.1243 72.65
278 205.942 1064.35 68.8873 55.5356 44.7564
265.006 278 1048.05 23.8652 1.98504 0
159.17 89.5088 1306 26.7319 2.17748 0
-278 275.05 996.183 29.2115 2.33023 0
-278 207.297 1027.33 68.8873 55.5356 44.7564
-211.466 278 935.609 21.352 55.3292 9.01709
-278 243.123 954.495 19.2281 48.7949 7.61618
-277.548 278 913.554 0.100409 0.819024 0.0258516
278 165.113 832.922 68.8873 55.5356 44.7564
174.399 -189.477 913.552 37.7495 3.13991 0
230.046 -278 929.127 25.7878 2.10059 0
10.0618 278 1160.17 44.735 3.56856 0
278 -38.4089 1220.04 68.8873 55.5356 44.7564
220.929 -278 1124.6 29.7679 2.47601 0
278 -274.537 1193.72 2.29785 0.187175 0
-51.7947 58.6761 1306 68.8873 55.5356 44.7564
33.9439 278 1149.02 76.4185 60.3325 46.5677
15.3048 213.419 1306 57.801 44.6898 33.0364
240.322 -278 1018.35 54.3111 41.1228 29.115
278 154.03 1018.84 68.8873 55.5356 44.7564
-6.82539 -278 1094.78 68.8873 55.5356 44.7564
278 -191.442 911.515 34.114 26.9331 20.7883
184.427 -236.875 925.709 60.8123 4.95356 0
278 -264.408 924.84 101.999 8.13656 0
278 170.951 1063.26 68.8873 55.5356 44.7564
115.643 278 1131.89 108.466 9.02195 0
-278 99.4818 756.396 68.8873 55.5356 44.7564
-278 -263.203 1250.66 68.8873 55.5356 44.7564
278 -72.4335 812.525 68.8873 55.5356 44.7564
278 244.731 873.464 68.8873 55.5356 44.7564
278 -64.2249 1305.02 68.8873 55.5356 44.7564
278 -115.451 1008.93 68.8873 55.5356 44.7564
278 161.2 756.485 68.8873 55.5356 44.7564
-97.6131 -78 1240.36 68.8873 55.5356 44.7564
104.684 -278 973.465 68.8873 55.5356 44.7564
-85.8196 -258.191 1306 7.11152 5.61456 4.3336
-93.9366 -278 1297.31 5.35037 4.13673 3.05803
-92.0288 -271.804 1306 6.1142 4.62949 3.27769
-278 -101.225 987.671 68.8873 55.5356 44.7564
-66.1289 278 1030.83 20.8035 53.908 8.78547
-278 -107.17 1018.18 68.8873 55.5356 44.7564
278 234.244 816.746 68.8873 55.5356 44.7564
216.669 278 878.281 86.8645 7.22516 0
278 204.525 1032.33 70.3835 5.73319 0
278 -21.5203 1016.98 68.8873 55.5356 44.7564
-70.191 -213.409 1079.81 119.185 9.91347 0
-278 254.702 1158.98 68.8873 55.5356 44.7564
-233.729 278 1183.19 34.1437 88.4764 14.4191
278 -2.18045 1112.5 68.8873 55.5356 44.7564
-278 161.664 830.874 68.8873 55.5356 44.7564
-278 -137.389 1217.75 68.8873 55.5356 44.7564
-278 -266.189 963.041 68.8873 55.5356 44.7564
159.656 -260.947 1306 68.8873 55.5356 44.7564
152.532 -278 1280.82 111.069 87.6887 67.6827
148.552 -221.503 1306 202.478 156.549 115.727
-278 221.861 1091.85 68.8873 55.5356 44.7564
278 98.6976 1074.79 68.8873 55.5356 44.7564
9.07654 -278 1224.96 76.1432 6.3334 0
11.825 -84.7101 1306 140.43 11.4389 0
139.064 160.669 1306 68.8873 55.5356 44.7564
172.562 278 1259.91 48.6812 38.4339 29.6652
-77.0723 -234.406 1227.07 87.3829 67.5615 49.944
278 198.517 1277.08 68.8873 55.5356 44.7564
242.155 -278 900.999 8.121 0.675484 0
-278 60.9321 1203.3 68.8873 55.5356 44.7564
-191.027 47.5292 1306 68.8873 55.5356 44.7564
-278 31.4372 1255.17 68.6457 54.1959 41.8312
-69.1171 -78 1143.28 34.182 86.7429 13.5393
-220.581 278 899.44 53.2186 132.258 19.7712
-98.0884 -25.5117 1306 68.8873 55.5356 44.7564
269.239 -278 1206.54 30.0057 23.6895 18.2848
278 -270.896 1198.48 30.7611 23.7834 17.5816
263.15 -278 1203.76 52.8513 4.21601 0
43.4833 -278 1024.02 68.8873 55.5356 44.7564
-234.235 278 861.685 119.253 94.1506 72.6703
278 -205.364 1280.19 140.72 108.8 80.4293
124.389 -278 990.273 68.8873 55.5356 44.7564
239.789 278 1088.82 132.913 104.935 80.994
278 224.847 1086.85 215.741 166.804 123.308
274.852 278 1114.09 22.7076 1.81141 0
278 -243.802 1012.33 68.8873 55.5356 44.7564
-8.87234 142.548 1306 68.8873 55.5356 44.7564
278 -214.203 1148.76 44.7564 35.3353 27.2736
67.4918 -155.88 1306 70.0108 5.70283 0
278 -100.933 1035.3 109.14 8.70626 0
-38.3119 -278 941.221 68.8873 55.5356 44.7564
-278 128.177 985.448 68.8873 55.5356 44.7564
-89.0892 278 794.875 26.3472 68.2734 11.1266
-75.0306 40.6919 1306 68.8873 55.5356 44.7564
6.48089 161.387 1306 68.8873 55.5356 44.7564
278 -207.048 1018.02 73.3746 57.9293 44.7128
278 219.058 1281.62 68.8873 55.5356 44.7564
-278 218.055 929.393 68.8873 55.5356 44.7564
-15.0877 251.711 1306 68.8873 55.5356 44.7564
32.7943 -278 1122.62 44.9073 35.4544 27.3655
278 1.47943 1244.25 64.1671 49.6118 36.675
212.303 49.8449 1306 82.4026 6.57335 0
278 222.131 999.403 68.8873 55.5356 44.7564
-278 274.063 909.612 135.438 11.2654 0
-271.284 278 889.451 26.1873 7.00133 0
-278 277.318 885.919 4.68551 1.22678 0
278 250.853 1051.81 68.8873 55.5356 44.7564
-152.47 -78 1135.19 108.208 9.00049 0
-1.25317 278 1031.6 192.41 15.6731 0
-278 246.099 1102.28 42.7129 3.40725 0
-134.484 -278 868.434 68.8873 55.5356 44.7564
278 132.179 1180.23 85.6239 67.6001 52.1773
48.2533 278 1068.54 133.755 10.8952 0
-278 152.013 1253.87 68.8873 55.5356 44.7564
-102.13 -78 1170.4 25.0163 64.8246 10.5646
-278 -8.94989 807.199 68.8873 55.5356 44.7564
-6.08295 120.54 1306 68.8873 55.5356 44.7564
278 71.9212 1145.74 66.9555 52.8615 40.8012
227.221 278 1147.49 32.0365 2.60958 0
-278 166.668 1028.39 68.8873 55.5356 44.7564
125.949 96.1021 1306 68.8873 55.5356 44.7564
-144.807 -278 951.666 83.8689 66.2146 51.1078
-216.272 227.355 1306 68.8873 55.5356 44.7564
-222.782 -278 1213.51 24.8018 19.5811 15.1137
-78.7228 -0.483002 1306 42.2171 32.6408 24.1294
-216.174 -278 1239.96 17.6101 13.3338 9.44038
139.958 74.4871 1306 68.8873 55.5356 44.7564
-278 -253.589 1230.52 19.3778 15.2988 11.8084
-278 -63.2534 825.475 68.8873 55.5356 44.7564
234.368 177.51 1306 68.8873 55.5356 44.7564
278 148.468 965.213 68.8873 55.5356 44.7564
-192.029 251.032 1306 68.8873 55.5356 44.7564
-229.635 -278 989.382 70.6215 55.7557 43.0351
-136.632 -121.581 1086.63 107.074 82.786 61.1986
-278 -116.391 1036.3 193.323 146.379 103.636
-278 -143.831 1071.58 68.8873 55.5356 44.7564
-100.832 -215.994 1050.83 39.4652 102.266 16.6665
-278 -47.0892 1121 23.4511 59.5116 9.28889
-262.539 -278 1121.09 0.974784 7.95115 0.25097
278 62.5086 1072.14 68.8873 55.5356 44.7564
64.1011 -278 877.101 68.8873 55.5356 44.7564
-278 187.912 921.142 68.8873 55.5356 44.7564
-278 -275.733 1244.22 68.8873 55.5356 44.7564
278 191.798 798.983 68.8873 55.5356 44.7564
-240.902 -278 928.721 100.424 8.35297 0
-8.80208 278 1249.37 163.618 13.3277 0
-136.86 236.387 1306 93.2202 7.43628 0
-278 -14.5262 795.997 68.8873 55.5356 44.7564
-163.872 -278 1009.33 68.8873 55.5356 44.7564
170.341 148.858 1306 68.8873 55.5356 44.7564
-278 160.6 1085.29 60.834 48.0285 37.0709
135.024 -108.553 908.194 29.8455 75.7385 11.8217
52.8985 -278 1037.52 0.778678 1.93515 0.289287
278 136.082 891.012 68.8873 55.5356 44.7564
247.457 -278 983.002 68.8873 55.5356 44.7564
278 -230.3 1261.24 23.1447 18.2728 14.1039
207.689 -112.209 1306 22.5169 1.83414 0
278 70.6989 1038.23 68.8873 55.5356 44.7564
-200.906 18.3714 1306 68.8873 55.5356 44.7564
278 -52.9149 1305.69 68.8873 55.5356 44.7564
-46.1914 -278 1279.09 112.915 9.39202 0
-18.5805 -264.411 1306 75.0644 6.11448 0
-77.9193 -205.253 1227.92 102.349 8.1645 0
-278 117.318 934.652 68.8873 55.5356 44.7564
-276.152 134.156 1306 0.212977 0.551887 0.0899418
278 -232.909 1067.41 68.8873 55.5356 44.7564
278 -1.5155 1044.05 68.8873 55.5356 44.7564
-117.359 102.18 1306 68.8873 55.5356 44.7564
45.9098 -17.6374 1306 68.8873 55.5356 44.7564
56.8994 -278 1033.85 99.5108 78.5639 60.6396
-278 -19.7529 1150.43 68.8873 55.5356 44.7564
190.034 117.204 1306 68.8873 55.5356 44.7564
278 27.3117 1279.65 28.2546 22.3071 17.2177
278 173.179 1103.55 68.8873 55.5356 44.7564
231.924 278 980.058 37.694 3.13529 0
278 -217.663 1168.78 68.8873 55.5356 44.7564
195.758 -278 1076.27 82.284 6.84417 0
-278 132.801 1101.6 68.8873 55.5356 44.7564
278 76.4088 1146.97 68.8873 55.5356 44.7564
145.897 93.9252 1306 68.8873 55.5356 44.7564
278 169.251 1222.36 66.3983 52.4215 40.4616
-13.0223 143.423 1306 68.8873 55.5356 44.7564
-278 -10.5971 1022.08 68.8873 55.5356 44.7564
278 -77.6944 1060.07 42.4569 110.018 17.9299
-88.8742 278 777.708 53.3603 14.2662 0
221.146 -278 969.844 68.8873 55.5356 44.7564
260.969 -271.68 1306 2.57166 2.03032 1.56711
261.253 -278 1304.62 1.09736 0.848445 0.627202
259.295 -277.276 1306 0.634503 0.480427 0.340143
72.4266 111.719 1306 68.8873 55.5356 44.7564
-278 103.056 903.973 103.844 81.9853 63.2805
-250.516 278 890.849 10.0003 25.3776 3.96107
-215.898 -278 993.356 19.6323 48.7899 7.29361
88.7952 -74.2385 1306 68.8873 55.5356 44.7564
278 194.708 933.52 68.8873 55.5356 44.7564
29.042 78.3661 1306 68.8873 55.5356 44.7564
-278 62.536 1289.41 7.42436 5.86154 4.52424
11.9971 -278 1247.54 2.98208 7.56758 1.18119
278 112.333 1229.22 4.92484 12.2391 1.82963
-46.8741 -278 816.386 68.8873 55.5356 44.7564
116.287 -278 821.939 68.8873 55.5356 44.7564
-83.4829 -278 928.784 68.8873 55.5356 44.7564
-132.66 -252.39 828.955 30.8976 24.3937 18.8283
-136.202 -278 836.788 44.2453 34.209 25.2886
7.06255 278 1042.96 80.6499 61.0657 43.2347
92.7662 87.0139 1306 68.8873 55.5356 44.7564
-278 -37.4741 884.472 68.8873 55.5356 44.7564
137.599 -278 1106.73 68.8873 55.5356 44.7564
-144.168 47.4727 1306 94.5277 74.6297 57.6031
-260.534 -278 1250.45 29.9999 23.1949 17.1466
-193.351 278 1077.69 56.92 43.0981 30.5136
-278 159.786 1057.03 68.8873 55.5356 44.7564
-278 251.876 790.887 68.8873 55.5356 44.7564
278 -125.879 1103.4 68.8873 55.5356 44.7564
-9.48257 -83.4282 1140.52 135.198 11.2455 0
197.833 -278 1040.1 195.13 15.8946 0
278 -157.656 1127.77 277.728 22.1547 0
-167.537 -278 913.224 68.8873 55.5356 44.7564
278 19.2292 931.861 76.4137 60.3287 46.5648
-169.116 278 1074.2 127.52 10.3873 0
-278 164.673 862.923 68.8873 55.5356 44.7564
-225.263 278 916.367 16.628 43.0879 7.02211
-19.8284 -278 946.198 68.8873 55.5356 44.7564
235.59 -278 1087.68 68.8873 55.5356 44.7564
-278 217.845 824.626 68.8873 55.5356 44.7564
278 -148.058 770.786 68.8873 55.5356 44.7564
278 261.034 1300.5 68.8873 55.5356 44.7564
-227.155 -278 752.548 75.6676 6.29383 0
113.534 278 770.816 128.987 10.5068 0
55.4307 103.061 1306 68.8873 55.5356 44.7564
278 18.5997 953.736 114.152 90.1234 69.5619
33.5801 -278 1244.73 68.8873 55.5356 44.7564
278 21.1263 831.096 68.8873 55.5356 44.7564
248.302 -278 1094.25 10.2415 0.851862 0
-87.5869 -78 1141.95 68.8873 55.5356 44.7564
241.19 226.73 1306 68.8873 55.5356 44.7564
-179.303 -278 1090.69 68.8873 55.5356 44.7564
-229.465 278 1105.96 137.166 108.293 83.5859
278 215.848 1011.33 68.8873 55.5356 44.7564
-76.499 178.906 1306 68.8873 55.5356 44.7564
278 271.699 956.162 68.8873 55.5356 44.7564
275.911 278 954.849 42.5128 3.53611 0
-278 228.063 949.297 68.8873 55.5356 44.7564
248.26 -278 1049.3 30.6102 79.3199 12.9269
278 -265.117 1035.26 22.3301 56.6666 8.84484
95.8519 -227.695 1306 24.7674 6.4847 0
278 110.134 1150.7 68.8873 55.5356 44.7564
-278 190.886 1187.99 68.8873 55.5356 44.7564
278 163.218 1149.4 68.8873 55.5356 44.7564
52.3798 278 854.051 79.9118 6.64685 0
277.023 -278 958.32 145.995 11.8922 0
-46.1862 240.496 1306 68.8873 55.5356 44.7564
-147.327 278 1224.6 82.9904 65.521 50.5725
-157.649 52.3335 1306 155.989 120.606 89.1562
-35.4339 -278 994.762 68.8873 55.5356 44.7564
278 254.091 1066.01 68.8873 55.5356 44.7564
271.292 278 1063.9 37.0792 3.08415 0
278 75.4794 1043.5 73.7449 6.007 0
-278 153.047 883.475 140.479 1.18062 0
-278 -129.066 1099.2 68.8873 55.5356 44.7564
278 252.436 1043.75 68.8873 55.5356 44.7564
31.4011 -278 895.118 68.8873 55.5356 44.7564
-278 221.11 846.475 68.8873 55.5356 44.7564
-278 241.942 936.077 68.8873 55.5356 44.7564
278 -44.6931 1188.43 35.3316 91.5546 14.9208
140.86 -70.5312 1306 53.1074 14.1986 0
67.2934 278 1125.49 48.0109 12.5704 0
278 183.441 1264.7 68.8873 55.5356 44.7564
-278 25.9047 1171.02 68.8873 55.5356 44.7564
-278 -240.256 1095.94 68.8873 55.5356 44.7564
278 -11.899 923.96 68.8873 55.5356 44.7564
230.3 278 838.451 21.4773 1.78642 0
278 -22.5918 823.626 42.3735 3.4516 0
-278 122.601 1121.19 68.8873 55.5356 44.7564
-278 81.2963 950.368 68.8873 55.5356 44.7564
278 217.877 938.134 68.8873 55.5356 44.7564
-258.341 -278 1285.72 68.8873 55.5356 44.7564
-243.369 -274.559 1306 18.6323 14.7102 11.3541
-278 -235.585 1262.03 24.0243 18.5748 13.7312
-266.643 -267.846 1306 3.04745 7.57345 1.13216
25.6744 176.029 1306 68.8873 55.5356 44.7564
-278 190.319 1302.37 1.64564 1.29923 1.00281
49.7065 278 1191.89 0.940534 2.38678 0.372541
-188.6 -278 782.022 1.43134 3.55714 0.531758
-51.9728 147.179 1306 68.8873 55.5356 44.7564
32.6642 278 1228.21 61.5413 48.5869 37.5019
-8.55487 -78 1148.09 119.32 92.2545 68.1981
278 -5.3132 750.8 35.0272 26.5215 18.7773
-278 208.112 760.858 68.8873 55.5356 44.7564
278 274.285 918.88 68.8873 55.5356 44.7564
-278 -258.925 1019.96 98.5928 8.20069 0
133.866 -244.922 887.781 68.8873 55.5356 44.7564
86.0047 -278 839.538 112.558 88.8646 68.5903
146.296 -276.56 857.647 5.14766 3.98 2.94217
144.465 -278 859.234 2.98871 2.26296 1.60218
255.256 184.99 1306 68.8873 55.5356 44.7564
278 182.194 1292.87 68.4924 54.0748 41.7377
276.283 -31.4426 1306 1.09835 0.0894674 0
70.1572 169.075 1306 68.8873 55.5356 44.7564
-278 -17.8375 1088.63 66.4045 52.4264 40.4654
-102.151 176.457 1306 21.3401 54.1544 8.45271
278 72.1024 1033.98 68.8873 55.5356 44.7564
125.664 -82.9427 1306 60.277 5.01368 0
-68.6218 -78 1138.49 68.8873 55.5356 44.7564
-232.236 251.267 1306 68.8873 55.5356 44.7564
278 175.265 790.789 97.3595 76.8654 59.3287
97.9982 118.679 1306 68.8873 55.5356 44.7564
153.71 278 1094.09 107.768 85.0831 65.6715
-199.891 187.071 1306 68.8873 55.5356 44.7564
278 -112.11 880.587 68.8873 55.5356 44.7564
26.3781 278 1256.18 58.0554 4.8289 0
-278 269.711 879.128 1.98562 0.161741 0
-262.36 278 886.224 1.01326 0.265297 0
-278 252.946 940.245 68.8873 55.5356 44.7564
278 180.513 755.356 68.8873 55.5356 44.7564
228.548 278 832.75 50.8689 4.23114 0
278 273.381 876.123 7.12528 0.5804 0
252.182 278 904.726 9.48066 0.0796777 0
169.685 -278 1219.09 68.8873 55.5356 44.7564
27.1065 52.2188 1306 122.95 97.0692 74.923
150.949 -128.098 925.016 213.249 164.877 121.883
-278 147.357 1053.07 68.8873 55.5356 44.7564
278 255.732 1070.1 42.0524 108.97 17.7591
233.471 278 1026.64 56.6696 15.1509 0
-278 -53.8504 928.48 60.905 15.9464 0
-167.211 142.458 1306 68.8873 55.5356 44.7564
-48.8828 -278 779.355 68.8873 55.5356 44.7564
-86.6471 255.335 1306 68.8873 55.5356 44.7564
278 -77.2197 923.134 84.4504 66.6737 51.4621
278 165.4 1065.15 68.8873 55.5356 44.7564
-278 114.028 1155.22 68.8873 55.5356 44.7564
278 130.391 1068.03 68.8873 55.5356 44.7564
31.723 268.066 1306 68.8873 55.5356 44.7564
278 261.062 1167.56 67.4916 53.2847 41.1279
266.185 247.515 1306 11.4231 0.930483 0
227.152 -278 1068.11 9.39999 0.749848 0
-29.9214 88.3023 1306 68.8873 55.5356 44.7564
278 -172.641 1246.92 19.9542 15.7539 12.1597
192.573 -118.196 1306 29.0716 2.36807 0
-107.413 -278 850.693 68.8873 55.5356 44.7564
-278 -206.907 764.626 48.0452 37.9317 29.2777
-278 169.995 909.894 68.8873 55.5356 44.7564
-278 107.811 913.512 68.8873 55.5356 44.7564
278 164.737 1078.2 68.8873 55.5356 44.7564
237.578 -278 1053.77 12.5078 1.04037 0
278 -272.564 1044.75 3.25521 0.265157 0
-278 -200.293 842.676 6.07368 0.0510447 0
-278 153.776 935.043 68.8873 55.5356 44.7564
-278 110.608 951.823 68.8873 55.5356 44.7564
-278 207.854 1072.92 68.8873 55.5356 44.7564
-36.267 -129.284 1306 68.8873 55.5356 44.7564
278 217.907 796.986 68.8873 55.5356 44.7564
-278 237.076 1002.44 68.8873 55.5356 44.7564
-250.916 278 952.853 16.6395 43.1178 7.02697
278 -32.1836 934.414 68.8873 55.5356 44.7564
164.287 207.532 1306 68.8873 55.5356 44.7564
213.751 278 1203.34 105.563 83.3418 64.3274
184.488 147.539 1306 163.4 126.335 93.3917
278 153.797 981.945 68.8873 55.5356 44.7564
195.702 -278 1220.2 22.6777 1.88627 0
169.268 -266.925 1306 5.55257 0.452293 0
278 -257.693 1297.68 0.84389 0.0673181 0
-278 266.038 1001.2 68.8873 55.5356 44.7564
-278 101.124 1083.94 68.8873 55.5356 44.7564
278 -50.3075 905.223 68.8873 55.5356 44.7564
73.3406 -278 1191.83 67.2362 5.59253 0
28.7662 -278 986.926 68.8873 55.5356 44.7564
278 -11.4931 762.3 68.8873 55.5356 44.7564
-66.3353 97.1928 1306 68.8873 55.5356 44.7564
-278 51.0471 1046.39 68.8873 55.5356 44.7564
193.617 278 1269.28 35.5355 92.0831 15.0069
278 254.418 964.429 68.8873 55.5356 44.7564
270.902 278 924.555 20.8662 1.73559 0
39.9043 -233.393 1306 31.4534 2.56208 0
-278 242.168 1254.8 68.8873 55.5356 44.7564
0.587807 -278 1103.36 68.8873 55.5356 44.7564
15.2824 123.94 1306 68.8873 55.5356 44.7564
-92.969 -78 1236.04 40.2329 31.7639 24.517
-118.206 -53.1558 1306 25.4946 19.7116 14.5716
-278 158.087 795.36 45.2624 34.2714 24.2642
-151.03 164.357 1306 68.8873 55.5356 44.7564
-209.56 278 1232.06 68.9852 54.4639 42.038
-241.639 -278 1146.14 136.131 105.252 77.8062
-199.617 -245.342 1150.38 166.54 126.099 89.2786
-77.325 -278 886.478 68.8873 55.5356 44.7564
-278 -216.999 776.172 35.4646 27.9993 21.6113
-229.403 -278 867.868 8.90837 22.6066 3.52856
-278 -267.179 1000.4 1.36179 3.38429 0.505918
278 -64.0564 1043.65 68.8873 55.5356 44.7564
-278 152.15 1237.84 68.8873 55.5356 44.7564
-278 251.001 1022.98 68.8873 55.5356 44.7564
-256.186 278 1036.13 25.192 65.28 10.6388
-144.959 -65.6293 1306 38.4 97.4469 15.21
-278 -144.523 1046.53 65.9681 163.942 24.5078
-87.1668 174.482 1306 68.8873 55.5356 44.7564
-278 204.156 1032.77 112.507 88.8245 68.5593
78.7028 -278 1288.73 68.8873 55.5356 44.7564
278 -65.5504 1232.62 98.6682 77.8987 60.1262
-158.738 49.5971 1306 188.346 15.342 0
-88.5415 278 1223.11 123.454 9.84809 0
-70.9916 80.305 1306 68.8873 55.5356 44.7564
-278 -129.032 1142.98 66.7402 52.6915 40.67
-181.276 -278 1129.18 22.5465 57.2159 8.93057
-186.029 -277.737 1136.03 1.41986 3.52861 0.527494
278 -17.9398 1021.92 68.8873 55.5356 44.7564
278 -10.0722 1014.48 68.8873 55.5356 44.7564
278 238.688 926.639 68.8873 55.5356 44.7564
81.6225 278 918.076 134.971 11.2265 0
-278 16.2271 842.825 68.8873 55.5356 44.7564
-86.1876 -188.213 826.948 68.8873 55.5356 44.7564
-278 238.175 869.989 68.8873 55.5356 44.7564
-240.419 278 767.401 13.8521 35.8949 5.84985
-278 276.505 758.19 1.06913 2.71311 0.423478
-37.431 191.642 1306 68.8873 55.5356 44.7564
-21.5711 -278 927.663 68.8873 55.5356 44.7564
-0.24649 163.329 1306 68.8873 55.5356 44.7564
-124.156 152.991 1306 68.8873 55.5356 44.7564
-278 -34.453 1277.19 16.2522 12.8312 9.90375
-132.848 -22.4575 1306 9.88663 25.0891 3.91605
-278 -181.804 1112.84 13.1961 32.7946 4.90248
116.21 -196.471 931.167 68.8873 55.5356 44.7564
-278 -143.271 1103.21 68.8873 55.5356 44.7564
-30.5337 -278 862.505 68.8873 55.5356 44.7564
278 -242.816 963.591 68.8873 55.5356 44.7564
178.56 -220.422 916.716 122.115 10.1572 0
-113.956 -78 1127.65 68.8873 55.5356 44.7564
-255.181 -278 790.772 68.8873 55.5356 44.7564
278 261.773 938.516 96.2109 75.9586 58.6287
-278 249.308 837.912 68.8873 55.5356 44.7564
-240.452 278 940.465 14.2528 36.9332 6.01907
-278 -77.6202 1172.14 68.8873 55.5356 44.7564
-146.665 83.0387 1306 22.7969 59.0734 9.62729
278 229.822 913.947 68.8873 55.5356 44.7564
-278 77.801 1079.31 127.743 10.6254 0
-214.78 124.98 1306 68.8873 55.5356 44.7564
29.0417 -278 1076.26 68.8873 55.5356 44.7564
278 -204.002 1039.66 38.8691 30.6872 23.686
53.7676 194.266 1306 68.8873 55.5356 44.7564
278 42.896 1193.31 52.9769 41.8253 32.2829
-278 255.242 1149.49 98.7135 8.04085 0
-55.5094 192.921 1306 68.8873 55.5356 44.7564
69.0423 -6.62363 1306 68.8873 55.5356 44.7564
-193.238 197.859 1306 68.8873 55.5356 44.7564
-278 220.733 1297.37 13.4726 10.6366 8.20989
235.378 -278 976.936 68.8873 55.5356 44.7564
-278 -31.6548 811.062 68.8873 55.5356 44.7564
278 166.491 773.312 68.8873 55.5356 44.7564
5.51091 71.769 1306 68.8873 55.5356 44.7564
278 -79.2234 977.971 68.8873 55.5356 44.7564
-278 73.1225 925.763 68.8873 55.5356 44.7564
-226.473 278 980.886 10.1157 26.2129 4.27195
70.1526 170.892 1306 4.78412 12.1406 1.89497
278 245.71 1265.31 1.73308 4.30702 0.643858
278 -200.663 979.452 68.8873 55.5356 44.7564
41.8103 -158.69 1306 80.3097 6.67995 0
-52.4862 -136.338 1202.49 117.254 9.55107 0
278 117.148 1016.97 68.8873 55.5356 44.7564
-278 97.6342 934.169 68.8873 55.5356 44.7564
16.8684 241.614 1306 25.486 66.0417 10.7629
138.484 -236.92 879.878 68.8873 55.5356 44.7564
-210.533 -278 919.579 68.8873 55.5356 44.7564
-177.92 265.033 1306 68.8873 55.5356 44.7564
-278 219.518 1217.66 86.2986 68.1328 52.5884
-237.005 278 1216.92 30.82 78.2113 12.2076
-278 255.544 1220.45 29.5289 73.3845 10.9703
-186.718 259.31 1306 68.8873 55.5356 44.7564
278 -230.107 821.466 80.3498 63.4363 48.9634
-214.616 203.166 1306 68.8873 55.5356 44.7564
-246.003 278 1294.31 19.6361 15.5027 11.9658
-278 251.79 1203.64 10.3274 7.98478 5.90265
-278 99.9453 997.215 68.8873 55.5356 44.7564
-75.2377 278 1059.22 31.3895 81.3396 13.256
51.518 100.869 1306 33.7839 85.7328 13.3816
-278 204.003 982.514 46.196 114.805 17.1623
-184.523 270.976 1306 68.8873 55.5356 44.7564
-278 -214.094 792.133 99.3229 78.4156 60.5252
233.453 -252.499 1306 68.8873 55.5356 44.7564
278 -271.166 1255.75 99.3317 78.4225 60.5305
185.981 -218.722 1306 155.937 12.7021 0
278 -52.6039 1173.63 178.339 14.2263 0
278 168.941 879.013 68.8873 55.5356 44.7564
278 168.676 1141.54 68.8873 55.5356 44.7564
221.123 278 1144.75 63.5657 5.28723 0
278 192.512 1134.02 105.272 8.5751 0
40.0619 70.0512 1306 157.486 1.32355 0
84.0524 -108.934 1306 68.8873 55.5356 44.7564
278 -112.691 845.934 68.8873 55.5356 44.7564
215.636 -258.792 1306 68.8873 55.5356 44.7564
-110.033 21.6429 1306 68.8873 55.5356 44.7564
-278 149.654 1007.38 68.8873 55.5356 44.7564
-126.724 -1.44209 1306 17.6548 45.7487 7.45574
8.34883 -278 1258.28 68.8873 55.5356 44.7564
278 242.067 1269.61 68.8873 55.5356 44.7564
-278 199.871 804.501 68.8873 55.5356 44.7564
-260.086 278 931.029 5.12629 13.2837 2.16487
-278 237.593 927.672 9.34586 23.7168 3.70185
-43.4875 -78 1112.24 3.13972 25.6102 0.808359
-154.59 231.256 1306 68.8873 55.5356 44.7564
-112.009 278 1252.11 89.3674 70.5556 54.4585
278 -200.677 822.003 68.8873 55.5356 44.7564
191.243 278 1041.84 22.3902 1.86236 0
278 259.685 1092.87 8.01678 0.653018 0
248.501 278 1112.64 11.8369 0.0994804 0
-108.121 -278 1044.07 68.8873 55.5356 44.7564
278 169.28 1020.53 68.8873 55.5356 44.7564
31.1499 170.293 1306 90.1162 7.49563 0
-278 10.0322 973.958 68.8873 55.5356 44.7564
278 36.9228 1068.33 68.8873 55.5356 44.7564
278 153.702 964.723 68.8873 55.5356 44.7564
278 270.862 1018.56 68.8873 55.5356 44.7564
258.559 278 1002.1 101.252 8.42188 0
278 248.448 1002.1 169.177 13.7806 0
176.007 278 907.18 242.292 2.03628 0
-278 246.855 1156.42 68.8873 55.5356 44.7564
50.287 -27.7071 1306 68.8873 55.5356 44.7564
118.613 278 1096.25 76.6561 60.5201 46.7125
-278 -38.571 1256.45 68.8873 55.5356 44.7564
278 156.274 882.925 68.8873 55.5356 44.7564
159.167 278 1262.94 39.3227 3.27076 0
200.15 -278 775.032 68.8873 55.5356 44.7564
94.9806 -66.1154 1306 68.8873 55.5356 44.7564
-278 18.7812 1045.99 68.8873 55.5356 44.7564
278 62.5665 1224.22 68.8873 55.5356 44.7564
222.773 -278 1095.81 68.8873 55.5356 44.7564
278 -252.859 1101.54 56.8286 44.8663 34.6301
185.256 278 956.978 18.8923 1.5389 0
187.225 -278 1014.62 37.5829 2.99804 0
-278 179.802 1149.22 68.8873 55.5356 44.7564
-48.998 278 990.069 33.1996 86.0301 14.0205
-141.91 237.37 1306 68.8873 55.5356 44.7564
-278 219.681 1274.57 30.7578 24.2833 18.7431
278 -177.773 1133.51 15.2479 38.6943 6.03961
83.8166 278 1273.42 11.5032 3.01181 0
77.7704 129.819 1306 68.8873 55.5356 44.7564
54.9901 278 1203.7 77.6567 61.3101 47.3223
278 -102.606 876.632 68.8873 55.5356 44.7564
-145.97 47.6446 1306 68.8873 55.5356 44.7564
278 -178.681 1247.63 16.6115 13.1148 10.1227
190.737 -250.157 945.36 8.98596 0.731964 0
87.8547 -278 981.39 4.94591 0.394541 0
-74.0867 195.5 1306 68.8873 55.5356 44.7564
140.286 278 1225.12 45.7564 36.1247 27.8829
148.648 234.848 1306 42.9002 33.169 24.5198
116.472 278 1287.3 28.1601 21.322 15.096
71.0254 89.1362 1306 68.8873 55.5356 44.7564
-83.8493 -168.804 1306 68.8873 55.5356 44.7564
278 21.2979 1190.32 37.5185 29.6209 22.8629
115.687 -278 1080.76 68.8873 55.5356 44.7564
-171.421 -278 1111.54 68.8873 55.5356 44.7564
-151.682 -248.237 1101.68 110.675 87.3779 67.4428
-278 130.719 1232.41 68.8873 55.5356 44.7564
-31.2851 204.159 1306 68.8873 55.5356 44.7564
-278 79.6745 1073.31 88.7416 70.0616 54.0771
8.52023 278 855.596 38.5042 97.7115 15.2514
-278 -20.8704 1129.79 68.8873 55.5356 44.7564
278 176.81 826.854 68.8873 55.5356 44.7564
-278 -23.4584 1282.71 102.635 8.53695 0
115.902 -278 857.847 68.8873 55.5356 44.7564
-278 102.13 995.868 68.8873 55.5356 44.7564
-189.618 -140.944 1139.62 12.8024 33.1748 5.40655
-234.757 130.068 1306 68.8873 55.5356 44.7564
-278 117.198 1241.4 112.956 89.1788 68.8328
278 257.961 791.592 68.8873 55.5356 44.7564
160.627 -253.133 1306 22.0139 1.83106 0
278 222.672 1170.98 68.8873 55.5356 44.7564
59.6166 -278 1210.4 68.8873 55.5356 44.7564
-122.581 -147.607 1306 73.749 58.2249 44.941
-140.218 -105.956 1209.78 133.485 103.206 76.2936
201.395 -278 1024.85 68.8873 55.5356 44.7564
-7.01466 -261.328 1142.99 9.5646 7.55127 5.82846
149.387 -277.124 949.854 18.986 14.6793 10.8515
-219.565 278 1126.33 14.612 11.0638 7.83317
278 116.946 936.555 68.8873 55.5356 44.7564
278 -6.43219 953.3 68.8873 55.5356 44.7564
174.06 52.9853 1306 38.4471 3.19793 0
-278 205.219 971.713 44.1298 3.59466 0
-223.764 278 977.64 16.3724 4.28669 0
-278 -141.547 1019.05 68.8873 55.5356 44.7564
-278 -8.31152 975.184 68.8873 55.5356 44.7564
269.426 112.523 1306 68.8873 55.5356 44.7564
-278 -49.3371 764.178 94.8471 74.8819 57.7977
-278 -168.979 786.749 68.8873 55.5356 44.7564
278 260.681 811.35 68.8873 55.5356 44.7564
-278 150.298 1251.39 68.8873 55.5356 44.7564
278 -163.973 1052.42 35.626 92.3174 15.0451
278 245.464 1021.16 68.8873 55.5356 44.7564
278 -52.2973 932.38 68.8873 55.5356 44.7564
-278 129.582 1026.85 68.8873 55.5356 44.7564
-278 26.752 1079.96 68.8873 55.5356 44.7564
74.9425 278 993.254 34.2401 88.7262 14.4598
-123.643 47.2279 1306 36.2074 91.883 14.3416
-278 41.6561 1266.85 17.7913 44.2145 6.60964
-278 -5.1377 1086.16 68.8873 55.5356 44.7564
-109.83 278 1032.75 21.6065 55.9887 9.12458
278 151.769 773.93 11.2925 28.6567 4.47289
278 210.301 935.43 68.8873 55.5356 44.7564
218.718 162.419 1306 21.5888 1.7957 0
142.234 278 874.147 41.1122 3.34885 0
278 42.6989 1012.37 68.8873 55.5356 44.7564
105.774 -278 1162.17 60.2798 5.01392 0
-110.547 149.217 1306 68.8873 55.5356 44.7564
112.141 -278 911.82 87.2444 68.8795 53.1648
144.644 -183.892 876.398 155.388 120.14 88.8124
-58.7419 -232.6 1091.26 84.9562 64.3263 45.5432
40.2616 175.579 1306 68.8873 55.5356 44.7564
127.314 278 1254.67 49.1471 38.8017 29.9491
218.815 125.463 1306 68.8873 55.5356 44.7564
278 207.809 1056.54 68.8873 55.5356 44.7564
278 108.573 854.468 68.8873 55.5356 44.7564
45.7036 124.46 1306 68.8873 55.5356 44.7564
-127.159 -78 1122.56 68.8873 55.5356 44.7564
-163.584 -40.5112 1306 27.0789 21.3788 16.5013
278 129.942 1048.09 25.9124 20.0346 14.8103
275.606 278 1050.11 0.8375 0.0668084 0
278 74.4314 1125.1 68.8873 55.5356 44.7564
-278 193.614 1272.8 68.8873 55.5356 44.7564
-8.78819 -278 962.018 68.8873 55.5356 44.7564
158.305 -278 1237.66 68.8873 55.5356 44.7564
278 265.566 1189.45 68.8873 55.5356 44.7564
271.259 278 1156.69 26.0288 2.16501 0
278 248.98 1048.64 68.8873 55.5356 44.7564
138.835 -97.7977 919.966 48.5162 4.03545 0
-278 -167.234 1166.14 68.8873 55.5356 44.7564
-149.201 278 1048.5 11.5451 29.9168 4.8756
50.8227 276.835 1306 0.0824891 0.209331 0.0326736
264.044 109.08 1306 68.8873 55.5356 44.7564
278 106.806 1292.7 94.3785 74.512 57.5122
-157.937 238.034 1306 180.668 14.7166 0
278 -89.4075 1274.74 68.8873 55.5356 44.7564
-278 142.36 892.019 68.8873 55.5356 44.7564
225.326 -72.4637 1306 68.8873 55.5356 44.7564
64.3907 278 1183.27 41.7812 32.9863 25.4605
202.612 -94.9729 1306 68.8873 55.5356 44.7564
278 -47.6837 1294.55 17.5801 13.8795 10.7129
-278 170.654 856.03 68.8873 55.5356 44.7564
-96.954 -78 1106.07 68.8873 55.5356 44.7564
278 79.1096 1020.78 68.8873 55.5356 44.7564
-153.74 95.4064 1306 68.8873 55.5356 44.7564
-78.5165 -278 974.039 68.8873 55.5356 44.7564
-278 -271.294 1099.55 68.8873 55.5356 44.7564
278 128.17 1024.52 68.8873 55.5356 44.7564
-278 44.5997 1124.53 68.8873 55.5356 44.7564
74.9481 -278 968.679 68.8873 55.5356 44.7564
-108.067 13.7149 1306 68.8873 55.5356 44.7564
-224.142 278 1062.17 88.9054 70.191 54.177
-278 245.568 1036.18 84.7662 65.5384 48.4484
-269.34 278 1009.69 10.6805 26.5429 3.96791
151.951 -278 974.131 68.8873 55.5356 44.7564
167.309 -159.34 1306 46.3414 36.5866 28.2394
-278 -81.7831 1225.44 16.2629 12.5739 9.2951
-278 157.902 915.217 68.8873 55.5356 44.7564
227.169 120.866 1306 68.8873 55.5356 44.7564
278 84.5472 1205.67 116.954 92.3353 71.2691
-278 214.95 1173.73 68.8873 55.5356 44.7564
278 71.2331 764.082 68.8873 55.5356 44.7564
-175.111 -278 837.328 68.8873 55.5356 44.7564
-278 -148.599 889.667 102.811 81.1693 62.6506
-278 -79.9312 1050.51 68.8873 55.5356 44.7564
-278 -155.165 1084.66 68.8873 55.5356 44.7564
180.945 -278 1174.87 68.8873 55.5356 44.7564
-47.9705 -197.59 1102.03 68.8873 55.5356 44.7564
176.474 -58.489 1306 5.97765 4.71936 3.64264
-278 194.854 1106.4 4.28191 3.31063 2.44734
-127.371 -278 820.495 0.700712 1.74139 0.260322
-278 268.64 1081.67 68.8873 55.5356 44.7564
-275.516 278 1082.18 10.98 28.4523 4.63692
-241.308 213.719 1306 5.99743 15.2196 2.37555
278 266.267 1159.86 68.8873 55.5356 44.7564
149.368 157.679 1306 68.8873 55.5356 44.7564
-278 135.69 1131.22 68.8873 55.5356 44.7564
136.307 -278 1099.23 68.8873 55.5356 44.7564
-278 -98.3009 1081.11 68.8873 55.5356 44.7564
278 143.165 932.854 68.8873 55.5356 44.7564
253.882 278 1005.71 21.417 1.78141 0
278 183.94 1283.37 68.8873 55.5356 44.7564
85.075 29.2271 1306 107.035 8.90292 0
278 23.4678 1094.17 158.236 12.8894 0
-278 -260.434 1265.09 68.8873 55.5356 44.7564
-230.582 -237.646 1306 30.4975 79.028 12.8793
-278 -70.0943 1245.17 20.1148 51.045 7.96738
-278 260.38 1065.68 68.8873 55.5356 44.7564
278 170.952 1052.43 68.8873 55.5356 44.7564
-278 88.9215 953.277 68.8873 55.5356 44.7564
-87.4751 177.846 1306 68.8873 55.5356 44.7564
278 30.623 1036.76 77.7305 61.3683 47.3672
275.464 222.523 1306 1.19204 0.0970994 0
278 215.507 1273.6 2.32328 0.185331 0
-131.412 -209.831 834.396 68.8873 55.5356 44.7564
278 116.925 913.763 68.8873 55.5356 44.7564
244.446 -278 1176.88 68.8873 55.5356 44.7564
147.311 -95.8716 919.645 76.0818 60.0666 46.3625
278 -14.0987 1053.72 108.507 83.894 62.0176
-172.004 -78 1126.89 212.127 16.9216 0
-104.965 -78 1143.96 68.8873 55.5356 44.7564
102.838 167.484 1306 93.9121 74.1437 57.2279
-35.592 60.6194 1306 68.8873 55.5356 44.7564
278 137.852 1137.42 68.8873 55.5356 44.7564
278 -141.37 862.865 68.8873 55.5356 44.7564
-67.5843 132.71 1306 68.8873 55.5356 44.7564
278 -64.8803 1162.04 68.8873 55.5356 44.7564
268.072 -113.858 1306 8.97524 0.746537 0
-278 106.516 1140.35 68.8873 55.5356 44.7564
-183.268 -278 1062.62 10.0614 26.0722 4.24902
-278 58.8015 1058.71 68.8873 55.5356 44.7564
104.172 -5.56274 1306 35.6322 92.3337 15.0478
-278 116.097 1093.59 68.8873 55.5356 44.7564
278 -182.138 1140.26 68.8873 55.5356 44.7564
-84.8274 -231.744 1234.83 132.169 10.9935 0
-89.8845 243.956 1306 68.8873 55.5356 44.7564
-110.671 278 1191.63 130.089 102.706 79.2734
-251.087 266.435 1306 68.8873 55.5356 44.7564
-252.995 278 1302.63 38.0308 30.0254 23.1751
278 -1.91003 875.494 68.8873 55.5356 44.7564
-278 142.579 958.623 68.8873 55.5356 44.7564
-248.371 278 851.644 7.25271 18.7939 3.06287
-278 251.736 854.656 9.59413 24.3468 3.80019
-273.522 278 860.861 0.977031 7.96948 0.251548
-278 87.1026 1005.96 68.8873 55.5356 44.7564
177.632 -278 1191.26 68.8873 55.5356 44.7564
278 -14.9027 888.098 68.8873 55.5356 44.7564
114.501 278 845.819 66.6252 5.54171 0
-24.7704 -278 945.284 68.8873 55.5356 44.7564
43.626 188.873 1306 68.8873 55.5356 44.7564
278 252.741 1259.39 25.9625 20.4974 15.821
-278 178.147 976.164 68.8873 55.5356 44.7564
269.527 -278 991.019 68.8873 55.5356 44.7564
-278 -67.1792 1008.61 49.4836 39.0674 30.1542
126.494 -278 852.29 68.8873 55.5356 44.7564
278 -21.154 1240.32 68.8873 55.5356 44.7564
257.569 32.2778 1306 32.3161 2.68797 0
278 32.4361 1296.98 26.1019 2.12617 0
-278 -39.7215 858.047 68.8873 55.5356 44.7564
278 262.174 1054.82 68.8873 55.5356 44.7564
51.6535 133.267 1306 68.8873 55.5356 44.7564
-245.652 -278 798.67 97.4074 76.9032 59.3579
-145.942 -209.293 806.278 110.321 85.2963 63.0542
-278 -130.204 898.612 199.775 151.264 107.095
57.6777 -278 1249.61 68.8873 55.5356 44.7564
-30.8934 264.965 1306 68.8873 55.5356 44.7564
-234.689 -278 1135.41 38.8797 30.6955 23.6924
278 239.601 1063.25 68.8873 55.5356 44.7564
201.491 82.0928 1306 35.2165 2.92921 0
-167.672 278 1099.1 31.2493 2.54546 0
-278 5.77896 1188.87 55.3928 4.41875 0
-278 113.324 1180.04 68.8873 55.5356 44.7564
38.9263 256.697 1306 36.7198 95.1517 15.507
268.185 -278 1056.79 68.8873 55.5356 44.7564
278 -268.489 1089.64 36.8258 29.074 22.4408
19.6621 121.113 1306 36.9378 3.00882 0
278 126.989 1258.08 13.4706 1.07457 0
278 82.4482 1050.96 68.8873 55.5356 44.7564
278 186.451 1119.21 68.8873 55.5356 44.7564
143.791 278 1197.44 102.547 8.52961 0
-125.728 -78 1100.85 159.822 13.0185 0
278 53.4471 798.518 68.8873 55.5356 44.7564
120.954 -278 891.946 68.8873 55.5356 44.7564
122.762 -274.19 905.111 37.9687 29.9764 23.1373
88.2992 185.669 1306 68.8873 55.5356 44.7564
-65.4131 -278 1031.63 67.4709 53.2684 41.1153
-278 61.1132 1135.45 68.8873 55.5356 44.7564
-2.81833 278 1030.38 32.2454 83.5573 13.6175
100.4 -278 785.202 58.1749 147.629 23.0428
278 -271.573 782.587 4.20681 10.4547 1.56287
19.3257 -278 997.567 68.8873 55.5356 44.7564
278 -104.684 960.343 76.1465 60.1178 46.402
179.697 55.2659 1306 68.8873 55.5356 44.7564
278 16.5764 1232.08 78.9868 62.3602 48.1328
104.275 77.5788 1306 138.321 11.2671 0
-278 190.729 1071.28 68.8873 55.5356 44.7564
-204.128 278 1131.77 24.4782 63.4304 10.3373
278 264.772 1273.63 68.8873 55.5356 44.7564
225.633 278 1305.12 115.405 9.59906 0
-32.1086 23.4556 1306 68.8873 55.5356 44.7564
179.808 273.56 1306 68.8873 55.5356 44.7564
58.5518 100.638 1306 68.8873 55.5356 44.7564
-16.0121 -255.027 1166.01 49.5258 39.1007 30.1799
133.821 -118.801 1306 82.4557 63.752 47.1279
-278 106.461 1272.49 11.7433 8.89165 6.29531
278 -89.0195 816.77 68.8873 55.5356 44.7564
-19.7065 74.4315 1306 68.8873 55.5356 44.7564
278 -204.409 864.96 101.147 79.8561 61.637
-266.366 -66.5277 1306 68.8873 55.5356 44.7564
-278 -65.4764 1302.98 34.5212 27.2545 21.0364
-37.83 278 1022.14 10.2254 25.9489 4.05025
278 -33.7513 1123.63 68.8873 55.5356 44.7564
249.344 -77.8625 1306 20.8005 1.73013 0
278 -75.3758 1296.34 13.2486 1.07919 0
41.0986 278 1233.52 14.5966 0.122673 0
-1.37211 251.486 1306 68.8873 55.5356 44.7564
46.9067 278 1280.21 58.4194 46.1222 35.5995
278 255.129 887.059 5.85206 4.52461 3.34477
84.3385 -278 1157.06 3.60815 0.287826 0
5.53635 80.1629 1306 68.8873 55.5356 44.7564
-156.979 278 1078.45 91.5254 72.2594 55.7735
164.107 -278 1064 158.477 122.529 90.578
107.587 278 794.807 284.089 215.103 152.294
61.5993 -42.2484 1306 68.8873 55.5356 44.7564
-278 -47.1003 757.174 68.8873 55.5356 44.7564
278 127.594 1172.81 68.8873 55.5356 44.7564
162.312 278 944.341 53.6676 4.46393 0
-278 269.325 941.07 68.8873 55.5356 44.7564
-202.03 -87.2986 1306 6.31221 16.3568 2.6657
-119.353 278 1154.33 4.7386 12.0251 1.87694
-278 162.632 1018.98 68.8873 55.5356 44.7564
20.8177 278 881.67 36.7518 95.2349 15.5206
278 209.486 966.332 18.0313 45.7578 7.14213
228.581 278 977.712 20.9076 5.47411 0
-278 112.712 1056.29 68.8873 55.5356 44.7564
256.396 262.932 1306 68.8873 55.5356 44.7564
-278 41.2951 874.811 68.8873 55.5356 44.7564
-278 236.95 854.372 68.8873 55.5356 44.7564
-278 162.772 795.475 68.8873 55.5356 44.7564
278 216.766 1172.43 68.8873 55.5356 44.7564
-92.9114 102.522 1306 68.8873 55.5356 44.7564
-273.622 278 1158.24 69.7098 55.036 42.4796
278 194.162 1095.15 20.8163 16.0944 11.8976
-30.599 231.805 1306 68.8873 55.5356 44.7564
278 2.65123 1228.29 27.3017 21.5547 16.637
37.3008 -278 1067.5 68.8873 55.5356 44.7564
244.529 278 1175.9 126.997 100.264 77.3892
278 223.954 983.219 68.8873 55.5356 44.7564
236.279 278 978.989 84.0271 6.98915 0
278 240.3 1044.33 73.4945 5.9866 0
179.427 278 873.531 72.1662 0.606502 0
-197.112 164.646 1306 68.8873 55.5356 44.7564
-150.283 -278 1081.76 68.8873 55.5356 44.7564
17.6539 278 945.663 128.412 101.381 78.2512
-113.792 -8.39957 1306 68.8873 55.5356 44.7564
-166.637 -278 1269 18.3908 14.5196 11.2069
-194.597 -275.13 1306 2.27115 1.75598 1.29808
-195.139 -278 1302.31 3.56189 2.69696 1.90945
-19.6273 -278 1015.31 68.8873 55.5356 44.7564
-278 -177.792 1037.84 68.8873 55.5356 44.7564
7.10115 183.947 1306 68.8873 55.5356 44.7564
-95.5854 -78 1224.45 38.3532 30.2799 23.3716
145.309 85.1719 1306 68.8873 55.5356 44.7564
62.3794 235.946 1306 68.8873 55.5356 44.7564
-95.7283 79.0324 1306 68.8873 55.5356 44.7564
-278 160.42 1268.06 25.7225 20.308 15.6747
193.922 -278 1277.13 68.8873 55.5356 44.7564
171.186 -258.564 1306 64.41 50.8518 39.25
157.266 -278 1258.61 115.014 88.925 65.7368
278 70.5722 1168.37 211.133 159.864 113.184
278 50.2233 858.125 68.8873 55.5356 44.7564
240.137 123.499 1306 68.8873 55.5356 44.7564
-278 -132.75 1253.38 68.8873 55.5356 44.7564
18.0377 248.345 1306 68.8873 55.5356 44.7564
278 192.56 764.11 68.8873 55.5356 44.7564
57.3745 -278 1237.21 68.8873 55.5356 44.7564
-62.5902 -252.471 1306 25.0108 19.7461 15.241
278 264.924 1073.58 68.8873 55.5356 44.7564
275.47 278 1075.58 25.8796 2.1526 0
278 277.971 1078.46 0.382835 0.0311844 0
224.325 123.096 1306 0.146548 0.00123163 0
-278 212.555 1215.01 68.8873 55.5356 44.7564
-252.448 278 1087.88 7.54018 19.5388 3.18427
278 141.887 1056.86 68.8873 55.5356 44.7564
278 -66.0119 916.555 68.8873 55.5356 44.7564
-68.0115 -190.38 792.158 122.815 10.2154 0
5.19412 278 796.295 206.517 16.8221 0
29.7425 -278 861.311 68.8873 55.5356 44.7564
-278 -182.477 1065.52 34.4981 27.2363 21.0224
81.8562 63.5344 1306 68.8873 55.5356 44.7564
278 155.595 1147.02 68.8873 55.5356 44.7564
-278 74.6683 1008.41 68.8873 55.5356 44.7564
-169.757 278 1155.66 16.9708 43.9763 7.16689
-36.2204 190.702 1306 68.8873 55.5356 44.7564
-278 216.466 1174.69 65.4672 51.6865 39.8943
278 78.7876 871.228 68.8873 55.5356 44.7564
48.8216 262.825 1306 68.8873 55.5356 44.7564
24.451 278 1236.74 127.275 100.484 77.5584
29.9734 258.571 1306 68.5471 52.9983 39.1784
-0.326767 278 1261.98 106.126 80.3556 56.8919
-278 128.989 1190.77 68.8873 55.5356 44.7564
-45.6881 249.872 1306 68.8873 55.5356 44.7564
-278 213.98 986.845 68.8873 55.5356 44.7564
-278 180.787 910.443 68.8873 55.5356 44.7564
-278 40.8463 1008.29 68.8873 55.5356 44.7564
278 -20.8257 985.993 42.5681 110.307 17.9768
-134.794 222.357 1306 60.9982 16.3082 0
-278 139.606 1070.98 68.8873 55.5356 44.7564
-212.153 -178.693 1306 7.03649 18.2336 2.97156
-130.23 -278 1274.85 3.31001 8.39975 1.31108
-161.721 -198.449 1306 5.78375 14.3736 2.14872
278 150.529 938.84 68.8873 55.5356 44.7564
-85.4481 -138.479 1306 84.5888 7.03588 0
38.7225 -278 1266.96 34.6155 2.81966 0
-7.16914 -230.531 1157.17 25.6517 2.04627 0
3.64618 272.205 1306 68.8873 55.5356 44.7564
-58.2453 278 1237.07 102.317 80.7794 62.3497
-278 79.6488 1279.55 135.721 104.935 77.5716
-273.825 -278 1236.29 0.978465 2.43166 0.36351
-278 143.073 954.949 68.8873 55.5356 44.7564
-157.442 62.508 1306 13.6051 35.2549 5.74555
-278 -49.1447 1064.87 22.4858 57.0619 8.90653
86.6906 -42.5721 1306 68.8873 55.5356 44.7564
-29.6635 -278 1202.41 50.5556 39.9137 30.8074
-37.3095 -262.68 1187.31 67.851 52.4601 38.7805
-15.8002 -278 1215.7 123.489 93.5025 66.2
-150.657 -43.3825 1306 68.8873 55.5356 44.7564
-278 39.158 1124.95 105.588 83.362 64.3431
278 10.4565 1197.82 68.8873 55.5356 44.7564
-209.693 -278 797.374 68.8873 55.5356 44.7564
180.48 278 973.982 109.148 86.1721 66.512
4.75867 181.081 1306 68.8873 55.5356 44.7564
118.769 278 1123.96 106.431 84.0273 64.8566
216.909 85.7128 1306 144.944 112.066 82.8435
-276.656 52.5293 1306 68.8873 55.5356 44.7564
-278 53.5313 1301.53 129.001 101.847 78.6105
156.755 278 1004.17 60.9488 154.669 24.1415
278 229.079 975.693 44.5658 110.754 16.5566
278 117.471 1044.2 68.8873 55.5356 44.7564
-278 -105.924 983.217 127.184 10.5789 0
-278 104.523 1158.77 68.8873 55.5356 44.7564
-67.4942 -78 1144.11 68.8873 55.5356 44.7564
13.2726 278 1139.8 134.351 106.07 81.8703
278 115.409 1058.56 136.051 105.19 77.7607
129.152 189.562 1306 135.855 10.8373 0
278 220.206 1002.03 68.8873 55.5356 44.7564
263.024 278 1000.98 34.553 2.87403 0
278 261.302 999.096 51.265 4.17586 0
220.477 278 975.495 91.6106 0.769917 0
-103.637 -278 899.075 68.8873 55.5356 44.7564
-30.4628 265.138 1306 68.8873 55.5356 44.7564
-278 -52.839 1142.1 51.9076 40.9811 31.6313
278 243.296 1066.73 68.8873 55.5356 44.7564
278 272.816 810.596 68.8873 55.5356 44.7564
145.552 -80.1587 1306 68.8873 55.5356 44.7564
-278 84.0188 1055.51 68.8873 55.5356 44.7564
278 157.59 1179.93 68.8873 55.5356 44.7564
278 -10.7736 1260.95 68.8873 55.5356 44.7564
-202.132 113.761 1306 68.8873 55.5356 44.7564
-130.995 88.2693 1306 68.8873 55.5356 44.7564
-74.61 278 1156.39 83.0773 65.5897 50.6255
144.339 32.2724 1306 112.933 87.316 64.5473
-14.9162 197.898 1306 68.8873 55.5356 44.7564
-230.576 185.99 1306 68.8873 55.5356 44.7564
-99.0512 278 1232.3 57.4882 45.387 35.032
-10.0173 18.3818 1306 105.038 81.2116 60.0347
-15.703 278 976.165 165.058 124.977 88.4842
224.043 -278 829.511 68.8873 55.5356 44.7564
278 -70.5898 1061.55 90.4679 71.4245 55.1291
118.3 2.77109 1306 68.8873 55.5356 44.7564
278 -150.655 1176.22 69.6591 54.9959 42.4487
278 -56.8454 827.174 68.8873 55.5356 44.7564
157.504 -81.5469 897.75 117.066 9.73722 0
-117.358 -39.9062 1306 68.8873 55.5356 44.7564
4.1254 -278 1147.4 70.3046 55.5056 42.8421
-2.27267 -270.927 1147.73 104.208 80.5705 59.5607
155.365 -260.876 947.146 206.773 156.562 110.846
278 212.313 917.402 68.8873 55.5356 44.7564
214.408 278 814.601 63.684 5.29706 0
-278 167.963 829.102 27.7659 2.26171 0
278 -255.467 799.887 68.8873 55.5356 44.7564
238.363 -278 804.636 119.129 9.90884 0
219.579 123.262 1306 68.8873 55.5356 44.7564
226.435 -278 1195.43 36.5965 28.893 22.3011
-278 186.497 889.786 68.8873 55.5356 44.7564
-263.297 -278 1017.56 68.8873 55.5356 44.7564
278 202.591 1023.64 68.8873 55.5356 44.7564
136.96 -278 1205.32 36.4713 3.03359 0
278 160.592 956.231 68.8873 55.5356 44.7564
268.727 -25.3306 1306 68.8873 55.5356 44.7564
-63.5884 128.674 1306 68.8873 55.5356 44.7564
-232.411 -278 1156.16 68.8873 55.5356 44.7564
-278 -260.34 1192.96 39.7616 31.3919 24.2299
-278 107.402 1301.46 68.8873 55.5356 44.7564
278 -189.065 1018.33 68.8873 55.5356 44.7564
46.8752 -211.637 1306 86.1314 7.16419 0
45.139 -278 1281.21 60.2664 4.90909 0
-90.9259 -140.839 1240.93 83.7691 6.68236 0
278 56.546 969.237 68.8873 55.5356 44.7564
-278 -219.606 965.751 123.391 10.2633 0
-184.408 -278 855.304 68.8873 55.5356 44.7564
40.2581 129.079 1306 68.8873 55.5356 44.7564
-4.43114 278 1273.78 27.9576 22.0726 17.0367
-278 254.156 1087.38 4.01707 3.10586 2.29597
-258.802 278 1113.53 1.19185 2.96196 0.442784
116.133 57.23 1306 68.8873 55.5356 44.7564
21.3819 75.4572 1306 68.8873 55.5356 44.7564
-278 266.401 1162.66 68.8873 55.5356 44.7564
-59.196 -78 1192.85 68.8873 55.5356 44.7564
-278 114.995 1148.77 90.1141 71.1452 54.9135
-278 92.6902 1144.68 68.8873 55.5356 44.7564
-278 115.096 1239.43 68.8873 55.5356 44.7564
-278 -94.5325 1026.93 68.8873 55.5356 44.7564
278 70.4077 831.37 68.8873 55.5356 44.7564
131.137 173.899 1306 68.8873 55.5356 44.7564
278 170.803 1014.94 68.8873 55.5356 44.7564
112.716 278 1215.09 81.0857 6.7445 0
278 -69.9944 1257.61 68.8873 55.5356 44.7564
278 -55.651 1262.48 68.8873 55.5356 44.7564
-140.608 -210.144 823.068 68.8873 55.5356 44.7564
-140.609 -210.144 823.067 24.4947 19.3386 14.9265
-113.031 -109.96 1063.03 23.2467 17.9736 13.2868
278 269.645 878.084 68.8873 55.5356 44.7564
276.715 278 887.846 13.7042 1.13988 0
278 271.506 885.286 25.0773 2.0427 0
274.149 278 892.136 18.9439 0.159209 0
-71.3698 -187.081 802.435 68.8873 55.5356 44.7564
97.097 278 892.356 131.936 104.164 80.3989
-278 30.7569 1264.02 111.893 86.5122 63.9531
278 -45.0308 926.756 59.127 146.941 21.9663
278 263.223 1186.44 68.8873 55.5356 44.7564
135.826 278 1296.58 108.551 9.029 0
121.278 273.201 1306 57.9301 4.71878 0
-268.392 278 985.242 73.6296 5.87352 0
-278 209.527 958.796 68.8873 55.5356 44.7564
181.253 -47.463 1306 68.8873 55.5356 44.7564
278 68.332 1206.24 68.8873 55.5356 44.7564
116.732 259.157 1306 68.8873 55.5356 44.7564
-278 -120.612 790.65 94.4077 74.535 57.5299
-278 175.176 877.464 68.8873 55.5356 44.7564
-264.633 -278 919.249 1.25836 3.26078 0.531415
-278 -272.759 917.606 0.912722 2.3162 0.361525
79.5224 271.602 1306 68.8873 55.5356 44.7564
114.586 -278 1086.45 51.0201 40.2804 31.0905
189.528 -245.666 1306 14.0859 10.8908 8.05087
278 -30.3906 1065.81 68.8873 55.5356 44.7564
-278 265.823 988.343 68.8873 55.5356 44.7564
278 91.7898 1130.66 68.8873 55.5356 44.7564
240.292 37.802 1306 27.7371 2.3071 0
278 41.6409 1304.69 1.91959 0.156363 0
278 105.124 780.158 68.8873 55.5356 44.7564
149.354 278 753.464 81.6262 6.78945 0
83.4734 -20.6686 1306 77.2057 6.2889 0
278 -15.2199 1277.73 22.1999 1.77091 0
-50.3325 159.097 1306 68.8873 55.5356 44.7564
235.421 278 1099.31 76.5131 60.4071 46.6253
278 231.009 1051.73 90.7033 70.1288 51.8418
238.979 278 978.929 74.4862 5.94185 0
278 69.4126 915.618 68.8873 55.5356 44.7564
-278 222.342 979.269 68.8873 55.5356 44.7564
-242.285 278 1018.64 19.8902 51.5413 8.39977
229.499 -258.565 1306 68.8873 55.5356 44.7564
-278 224.162 1175.73 68.8873 55.5356 44.7564
-229.415 227.103 1306 14.9743 38.8027 6.32375
27.1489 278 1145.27 15.6796 39.7898 6.2106
-278 -38.2762 1229.76 22.1618 55.0761 8.23334
-278 233.205 1187.76 68.8873 55.5356 44.7564
278 -85.4024 1224.65 68.8873 55.5356 44.7564
271.999 -278 1114.86 3.72782 0.31007 0
-163.117 199.908 1306 5.28661 0.430629 0
-130.978 278 1304.69 0.163714 0.0130597 0
107.09 -242.942 941.664 68.8873 55.5356 44.7564
13.7846 278 1076.54 15.5887 12.3073 9.49942
66.3839 -278 939.065 30.1392 23.3027 17.2262
108.416 -1.49762 1306 68.8873 55.5356 44.7564
-278 237.176 1124.53 68.8873 55.5356 44.7564
-47.3201 -78 1166.03 68.8873 55.5356 44.7564
-175.272 126.218 1306 100.957 79.7058 61.521
-229.362 -29.5035 1306 68.8873 55.5356 44.7564
278 190.135 1108.91 46.2642 36.5256 28.1923
235.358 278 1184.81 31.8974 2.59825 0
104.711 198.933 1306 25.8731 2.06393 0
-278 156.672 1068.72 68.8873 55.5356 44.7564
147.737 -89.2447 885.984 34.7908 90.1533 14.6924
278 114.659 843.035 68.8873 55.5356 44.7564
-278 246.996 1067.37 68.8873 55.5356 44.7564
-246.253 278 1097.17 25.4568 65.966 10.7506
-278 221.714 1207.47 22.4179 56.8895 8.87963
166.97 -27.1266 1306 68.8873 55.5356 44.7564
201.688 -278 1224.42 68.8873 55.5356 44.7564
172.324 -254.852 1306 35.5364 28.056 21.6551
278 -222.736 1229.26 40.552 31.3534 23.1777
154.579 -266.586 1306 65.9404 5.26014 0
170.317 -5.88025 1306 68.8873 55.5356 44.7564
278 61.6406 1149.2 107.03 84.5001 65.2215
171.194 -19.6929 1306 110.757 9.02185 0
278 -6.78784 1242.69 112.347 8.96203 0
278 245.753 1116.74 68.8873 55.5356 44.7564
278 124.478 1163.66 68.8873 55.5356 44.7564
-169.633 151.109 1306 68.8873 55.5356 44.7564
-278 259.527 1174.07 89.8717 70.9538 54.7658
-225.654 278 1143.5 46.1886 117.212 18.2951
278 27.9787 786.137 34.6662 86.1517 12.8788
23.7212 126.053 1306 68.8873 55.5356 44.7564
-266.041 -278 1050.73 68.8873 55.5356 44.7564
-278 -259.33 1050.34 115.995 91.5781 70.6847
278 107.279 864.817 58.045 147.3 22.9914
-278 55.961 852.498 68.8873 55.5356 44.7564
-96.7896 278 795.054 26.573 68.8585 11.222
-278 250.895 756.998 7.69768 19.5343 3.04901
-262.262 278 760.232 2.39225 19.5132 0.615914
278 -115.963 923.745 68.8873 55.5356 44.7564
181.457 15.5839 1306 68.8873 55.5356 44.7564
-278 -173.931 1263.71 68.8873 55.5356 44.7564
224.855 -159 1306 68.8873 55.5356 44.7564
278 -125.592 1275.69 59.9048 47.2949 36.5046
278 119.74 1086.55 68.8873 55.5356 44.7564
-166.901 258.415 1306 68.8873 55.5356 44.7564
-152.656 278 1288.29 81.3292 64.2095 49.5602
-278 67.3409 1122.25 68.8873 55.5356 44.7564
-192.943 -61.0795 1306 15.2051 39.4008 6.42121
17.7256 -275.945 1306 68.8873 55.5356 44.7564
8.71632 -278 1303.94 29.9638 23.6565 18.2593
8.63014 -277.145 1306 22.9578 17.7502 13.1216
7.1811 -278 1305.83 4.55871 3.45172 2.44383
-198.948 -278 939.121 68.8873 55.5356 44.7564
-278 -47.3276 1132.51 68.8873 55.5356 44.7564
19.5094 262.077 1306 27.5443 71.3753 11.6321
-278 246.256 1238.36 12.1969 30.952 4.83115
-263.074 227.959 1306 1.58105 12.8963 0.40706
278 -260.148 1303.28 68.8873 55.5356 44.7564
-278 50.0859 1042.98 68.8873 55.5356 44.7564
-153.219 278 843.97 16.3417 42.3461 6.90122
-278 271.698 899.42 1.50679 3.82374 0.596831
278 14.2322 1265.37 0.730407 5.95781 0.188052
-278 41.0137 910.042 68.8873 55.5356 44.7564
-274.857 -278 1008.87 68.8873 55.5356 44.7564
-184.94 -272.411 1134.94 4.96937 3.92333 3.02822
-193.248 -278 1126.01 9.02896 6.98089 5.16054
-278 -215.916 1207.02 8.45065 6.39858 4.53021
-241.415 268.196 1306 68.8873 55.5356 44.7564
-189.92 -278 949.444 75.0787 59.2747 45.7513
-278 -277.837 991.411 0.250701 0.193833 0.143289
-277.662 -278 991.146 0.114697 0.285042 0.042611
-278 272.578 1112.25 68.8873 55.5356 44.7564
-219.243 225.752 1306 12.1193 31.4047 5.11808
278 -198.185 1139.92 68.8873 55.5356 44.7564
-46.0245 261.871 1306 68.8873 55.5356 44.7564
278 77.8702 1300.25 68.8873 55.5356 44.7564
253.65 278 1147.52 13.2637 1.10324 0
-183.795 -78 1141.97 68.8873 55.5356 44.7564
-278 180.956 963.133 68.8873 55.5356 44.7564
81.6354 155.889 1306 68.8873 55.5356 44.7564
114.376 -278 1013.45 76.8717 60.6903 46.8439
-115.71 278 902.449 139.703 108.014 79.8477
-278 147.472 1048.26 143.448 108.615 76.8993
-102.08 -78 1090.43 68.8873 55.5356 44.7564
-278 77.4398 1225.56 79.0628 62.4202 48.1791
-35.9399 188.476 1306 68.8873 55.5356 44.7564
-278 166.571 1204.2 53.2245 42.0208 32.4338
-49.0814 -167.472 1306 18.1562 46.0747 7.19159
136.95 -278 997.98 29.7131 73.8424 11.0387
-120.256 208.429 1306 68.8873 55.5356 44.7564
-278 152.2 1144.45 95.6534 75.5185 58.289
278 -33.4214 811.886 68.8873 55.5356 44.7564
278 122.579 982.353 68.8873 55.5356 44.7564
155.672 -232.695 942.449 44.6031 3.70997 0
-22.6389 278 1267.3 57.1715 4.65699 0
-0.171535 271.651 1306 16.0609 1.2812 0
-127.39 -78 1144.89 68.8873 55.5356 44.7564
-207.348 278 1062.13 131.095 103.5 79.8864
108.883 247.785 1306 19.781 15.294 11.3059
278 235.875 1150.75 26.7182 20.2302 14.323
-48.2365 -278 918.767 68.8873 55.5356 44.7564
278 112.162 915.389 68.8873 55.5356 44.7564
-278 205.833 825.82 134.178 11.1605 0
-278 110.932 951.313 68.8873 55.5356 44.7564
-248.499 -166.975 1306 68.8873 55.5356 44.7564
-278 -151.464 1290.65 57.6193 45.4905 35.1119
-278 92.6304 799.72 68.8873 55.5356 44.7564
278 17.891 1295.8 68.8873 55.5356 44.7564
267.746 278 1088.04 4.24149 0.352796 0
275.714 -278 1142.72 8.4414 0.687606 0
278 -275.889 1142.35 11.3705 0.907038 0
-278 8.38843 1102.45 68.8873 55.5356 44.7564
160.046 -278 1126.04 68.8873 55.5356 44.7564
278 -267.257 1280.91 7.59101 5.99311 4.62579
269.687 -278 1294.24 6.63095 0.540134 0
278 -276.135 1305.39 1.76188 0.140547 0
-278 -164.305 1145.37 68.8873 55.5356 44.7564
-278 -36.2238 836.426 68.8873 55.5356 44.7564
278 122.374 1032.83 68.8873 55.5356 44.7564
-278 -10.7292 1147.47 131.373 10.9273 0
44.8896 169.915 1306 65.5722 17.5311 0
278 167.08 1263.06 23.7574 6.22026 0
-278 217.289 1001.1 68.8873 55.5356 44.7564
-278 90.5495 1023.59 68.8873 55.5356 44.7564
-134.857 278 925.882 24.0332 62.2771 10.1494
-148.032 216.368 1306 7.68843 19.5108 3.04535
-278 76.2612 1228.1 68.8873 55.5356 44.7564
-246.731 91.8336 1306 15.6992 40.6811 6.62987
43.4322 103.702 1306 68.8873 55.5356 44.7564
-278 4.23495 1058.96 81.5373 64.3738 49.687
278 -131.913 796.4 68.8873 55.5356 44.7564
76.1142 278 1026.98 54.3455 4.52032 0
-36.948 51.0843 1306 68.8873 55.5356 44.7564
278 7.97113 1224.29 68.8873 55.5356 44.7564
177.01 -6.79387 1306 106.421 8.85185 0
278 37.827 1295.14 20.8358 1.69721 0
136.132 278 1107.33 17.5805 0.14775 0
81.4181 -278 1154.17 68.8873 55.5356 44.7564
-86.6137 -103.524 1063.39 92.9253 73.3646 56.6266
278 26.4338 795.969 176.542 136.497 100.904
278 98.4449 855.327 68.8873 55.5356 44.7564
-278 87.658 788.837 136.775 11.3765 0
-278 -2.44156 886.812 68.8873 55.5356 44.7564
-278 274.027 952.341 68.8873 55.5356 44.7564
278 -158.57 926.17 68.8873 55.5356 44.7564
66.3678 -28.5465 1306 68.8873 55.5356 44.7564
278 108.236 1104.56 68.8873 55.5356 44.7564
112.826 -278 783.551 43.044 3.58029 0
-278 231.485 1245.6 68.8873 55.5356 44.7564
-278 -5.94125 1246.75 68.8873 55.5356 44.7564
-80.8746 -78 1171.53 37.8975 98.2037 16.0044
-229.217 59.7723 1306 68.8873 55.5356 44.7564
-145.81 272.971 1306 68.8873 55.5356 44.7564
-278 192.415 1269.71 31.4472 24.8276 19.1632
-268.974 278 1231.22 1.87327 4.75376 0.741993
167.789 231.742 1306 68.8873 55.5356 44.7564
278 -140.147 1298.07 68.8873 55.5356 44.7564
275.046 -145.277 1306 41.1376 3.42172 0
271.599 -278 1266.38 23.5255 1.91631 0
211.234 -238.262 1306 22.6857 1.80967 0
-278 153.844 1108.49 68.8873 55.5356 44.7564
278 177.845 1249.94 68.8873 55.5356 44.7564
-97.2361 -213.095 1052.76 68.8873 55.5356 44.7564
-278 208.356 1016.93 68.8873 55.5356 44.7564
-65.0792 164.989 1306 68.8873 55.5356 44.7564
120.117 252.82 1306 68.8873 55.5356 44.7564
-278 -201.634 776.696 90.7885 71.6776 55.3245
-278 27.5889 862.139 68.8873 55.5356 44.7564
-221.436 -278 774.245 68.8873 55.5356 44.7564
112.161 209.642 1306 68.8873 55.5356 44.7564
95.1949 278 1253.45 82.3862 65.044 50.2043
86.5649 257.728 1306 58.621 45.3238 33.5051
278 -53.739 1231.99 23.2623 17.6136 12.4704
-1.66595 -278 1046.21 68.8873 55.5356 44.7564
278 -257.384 1085.15 10.0324 7.92062 6.11354
-278 -15.6676 779.395 16.43 1.33833 0
278 4.27365 1164.95 68.8873 55.5356 44.7564
212.61 -18.6017 1306 57.3291 4.76848 0
114.144 131.673 1306 68.8873 55.5356 44.7564
278 -127.145 1276.1 13.3822 10.5653 8.15481
-34.9558 278 819.737 12.2131 0.994839 0
-42.7921 -78.9421 1107.21 19.021 1.51733 0
278 209.337 1304.98 68.8873 55.5356 44.7564
159.64 -133.938 925.99 31.0689 2.58423 0
8.81429 -143.596 1306 56.712 4.61956 0
-35.38 -47.2278 1306 68.8873 55.5356 44.7564
278 190.295 978.083 68.8873 55.5356 44.7564
-30.7415 -78 1175.15 93.6881 7.79273 0
82.0507 278 1057.13 170.322 13.8738 0
-210.83 -77.2061 1306 68.8873 55.5356 44.7564
278 -259.124 1282.59 6.17809 4.87761 3.76479
48.2636 247.668 1306 68.8873 55.5356 44.7564
143.885 278 1230.91 82.5604 65.1815 50.3105
278 102.512 1093.73 111.449 86.1686 63.6991
265.382 -36.5404 1306 68.8873 55.5356 44.7564
278 -47.9355 1303.72 18.3086 14.4547 11.1569
-278 138.5 1201.74 68.8873 55.5356 44.7564
278 118.367 1157.59 68.8873 55.5356 44.7564
-278 95.5101 1075 68.8873 55.5356 44.7564
278 245.177 1022.62 68.8873 55.5356 44.7564
229.649 278 1015.66 113.189 9.41476 0
-278 137.808 822.509 68.8873 55.5356 44.7564
276.122 -278 880.653 68.8873 55.5356 44.7564
278 -275.951 879.725 96.327 76.0503 58.6995
120.882 190.2 1306 68.8873 55.5356 44.7564
39.3965 278 1067.22 123.148 97.2252 75.0434
265.381 219.374 1306 43.2373 33.4296 24.7124
60.1157 -278 1233.66 68.8873 55.5356 44.7564
81.3549 -257.217 1306 36.6139 28.9067 22.3117
-181.768 60.7754 1306 68.8873 55.5356 44.7564
182.468 -230.953 942.159 84.7132 66.8812 51.6223
203.246 -278 958.25 25.5839 19.7806 14.6226
6.5971 -258.842 1306 68.8873 55.5356 44.7564
-66.6923 -229.337 1216.69 103.191 81.4693 62.8822
-115.407 -78 1155.52 68.8873 55.5356 44.7564
-278 -42.2086 918.975 68.8873 55.5356 44.7564
-197.361 -278 940.99 13.8164 35.8023 5.83475
-278 -268.73 1122.13 1.29046 3.27477 0.511144
-112.725 -78 1191.93 68.8873 55.5356 44.7564
-131.005 18.5069 1306 88.3275 69.7346 53.8248
-278 52.1294 1289.78 18.8951 14.6091 10.7996
-272.343 70.6113 1306 2.63539 6.54942 0.979074
-194.782 111.314 1306 68.8873 55.5356 44.7564
185.097 -278 816.67 68.8873 55.5356 44.7564
-278 7.77924 793.13 68.8873 55.5356 44.7564
-278 139.942 995.581 68.8873 55.5356 44.7564
278 45.0487 969.538 42.2073 109.372 17.8245
278 217.257 840.434 68.8873 55.5356 44.7564
106.888 278 927.971 116.954 9.72793 0
278 158.353 863.494 128.071 10.4322 0
278 76.2879 1207.75 68.8873 55.5356 44.7564
-12.7076 258.739 1306 112.189 9.3316 0
278 125.272 849.807 68.8873 55.5356 44.7564
278 152.255 789.122 68.8873 55.5356 44.7564
-36.1747 -278 921.534 78.8495 6.55849 0
-66.6542 -260.86 1083.35 16.3272 1.32995 0
27.09 -278 1070.07 25.6827 2.04874 0
272.423 -110.96 1306 68.8873 55.5356 44.7564
-278 261.797 1089.05 68.8873 55.5356 44.7564
-59.5029 -69.4908 1306 20.7072 53.6584 8.74479
45.5916 -278 1205.66 16.3511 41.4938 6.47658
278 90.2399 1245.02 68.8873 55.5356 44.7564
-63.0738 -278 877.988 75.5717 6.28586 0
-278 -16.0047 974.034 112.426 9.15784 0
-278 256.111 1210.15 68.8873 55.5356 44.7564
-278 -6.28406 992.042 68.8873 55.5356 44.7564
-278 172.761 1174.32 68.8873 55.5356 44.7564
-265.033 170.963 1306 4.20013 10.8838 1.77374
-278 172.102 1290.42 6.44698 16.3604 2.55362
-268.193 155.247 1306 1.57588 12.8542 0.40573
-278 177.748 983.779 68.8873 55.5356 44.7564
217.013 -234.609 1306 68.8873 55.5356 44.7564
170.163 -278 1006.14 134.753 106.388 82.1154
278 -258.024 1086.31 39.6294 30.6402 22.6504
278 180.558 1240.48 68.8873 55.5356 44.7564
-278 68.6111 1028.5 126.516 10.5233 0
-159.907 206.159 1306 68.8873 55.5356 44.7564
278 167.838 1164.72 68.8873 55.5356 44.7564
278 -97.2079 947.919 68.8873 55.5356 44.7564
278 220.166 903.106 68.8873 55.5356 44.7564
248.052 278 859.544 52.6591 4.38004 0
278 -17.7552 1091.74 68.8873 55.5356 44.7564
-117.443 13.0997 1306 68.8873 55.5356 44.7564
253.365 -278 1267.48 68.8873 55.5356 44.7564
210.603 -227.074 1306 91.296 72.0783 55.6337
278 -186.241 1238.35 118.938 91.9589 67.9795
-278 -213.826 1234.11 68.8873 55.5356 44.7564
-260.251 -256.318 1306 8.91112 23.0914 3.76323
-278 -228.003 1285.23 9.40606 23.8696 3.7257
278 81.6934 1002.96 68.8873 55.5356 44.7564
-278 252.742 952.17 131.185 10.9116 0
-91.6718 -78 1123.75 68.8873 55.5356 44.7564
-278 -45.7373 904.413 15.3483 12.1175 9.35294
-278 -61.5307 810.49 68.8873 55.5356 44.7564
-278 -106.779 1252.74 68.8873 55.5356 44.7564
-74.829 -78 1162.45 68.8873 55.5356 44.7564
-278 78.6362 1126.42 83.3032 65.768 50.7631
278 -164.662 977.186 46.1122 117.018 18.2648
209.458 -278 946.662 46.5055 12.1763 0
278 32.4301 1048.3 68.8873 55.5356 44.7564
227.211 278 1156.63 25.6155 2.13063 0
248.363 91.7943 1306 68.8873 55.5356 44.7564
278 146.283 1298.13 17.3398 13.6898 10.5665
275.498 158.272 1306 5.95922 0.485417 0
52.9104 25.1409 1306 68.8873 55.5356 44.7564
-278 19.6987 1150.3 58.6519 46.3057 35.7411
-265.369 278 845.015 1.1521 2.92367 0.456343
-278 272.77 855.584 0.697333 1.733 0.259066
-278 93.0081 933.866 68.8873 55.5356 44.7564
278 49.708 809.008 41.7014 108.061 17.6108
278 117.669 1253.08 68.8873 55.5356 44.7564
194.31 220.832 1306 80.636 6.70709 0
253.901 278 1112.08 148.378 12.0864 0
-278 193.618 1112.86 68.8873 55.5356 44.7564
-59.3632 -43.1954 1306 24.9408 64.629 10.5327
278 -82.4774 1234.15 10.3233 26.1972 4.08901
278 -171.907 763.574 68.8873 55.5356 44.7564
-278 -228.91 975.621 128.144 10.6587 0
-239.012 -278 1002.28 45.6332 12.2003 0
-270.527 -7.80646 1306 60.48 15.8351 0
-125.105 167.982 1306 68.8873 55.5356 44.7564
-54.1151 278 1301.97 4.24292 3.34979 2.58554
-104.838 -192.204 834.572 68.8873 55.5356 44.7564
-278 -28.4527 1218.17 68.8873 55.5356 44.7564
-157.304 278 1297.1 15.2748 39.5814 6.45064
-156.416 274.921 1306 9.94522 25.2378 3.93925
-155.62 278 1298.04 18.4723 45.9069 6.86264
278 -164.155 1237.36 68.8873 55.5356 44.7564
-278 241.976 795.574 68.8873 55.5356 44.7564
-239.062 278 846.982 22.5938 58.5473 9.54155
-278 261.304 880.542 13.9588 35.4229 5.529
-275.983 278 885.524 0.998604 8.14545 0.257103
-278 211.92 996.414 68.8873 55.5356 44.7564
278 35.2448 1098.5 68.8873 55.5356 44.7564
-278 238.714 1153.31 68.8873 55.5356 44.7564
-253.05 278 1266.64 8.72892 22.6192 3.68629
-229.611 271.659 1306 2.3935 6.07395 0.948056
-218.853 278 1302.01 1.45579 3.61789 0.540839
278 78.7969 904.57 68.8873 55.5356 44.7564
121.502 -278 1300.25 68.8873 55.5356 44.7564
167.174 -251.464 1306 68.8056 54.3221 41.9286
-278 131.091 787.348 68.8873 55.5356 44.7564
278 93.3943 1280.06 68.8873 55.5356 44.7564
227.082 -278 1148.68 17.6603 1.46894 0
278 -248.561 1225.77 10.7234 0.873489 0
-278 171.129 1162.42 68.8873 55.5356 44.7564
-17.633 192.678 1306 68.8873 55.5356 44.7564
-252.694 278 1288.49 9.62206 7.59663 5.86347
-278 220.574 1131.65 6.54185 5.05794 3.73902
278 247.324 1037.34 68.8873 55.5356 44.7564
-278 18.4442 1160.42 124.814 10.3817 0
-49.339 25.7713 1306 68.8873 55.5356 44.7564
-278 7.22325 1032.78 105.513 83.3026 64.2972
-97.7176 62.9844 1306 35.6443 90.4538 14.1185
-37.2253 -17.1792 1306 68.8873 55.5356 44.7564
70.7976 -278 1246.8 28.2764 22.3243 17.231
-159.357 131.924 1306 68.8873 55.5356 44.7564
236.805 -278 980.342 68.8873 55.5356 44.7564
278 -70.7084 1065.96 125.245 98.881 76.3214
86.4196 -278 1171.12 159.317 12.9774 0
278 163.024 767.531 68.8873 55.5356 44.7564
-37.0787 43.4941 1306 68.8873 55.5356 44.7564
-278 -25.3181 1086.42 68.8873 55.5356 44.7564
-252.742 278 1154.63 3.4709 8.99412 1.46579
-27.2516 -278 798.258 5.5308 14.0354 2.19073
278 -23.6553 1272.92 4.54507 11.2953 1.68854
-278 269.714 1070.87 68.8873 55.5356 44.7564
-270.849 278 1080 21.5048 55.7253 9.08164
9.67667 190.659 1306 68.8873 55.5356 44.7564
-107.858 278 1242.99 54.4589 42.9954 33.186
-68.3851 -163.315 1081.61 68.8873 55.5356 44.7564
-111.35 -278 941.3 50.9216 40.2027 31.0305
278 -60.685 814.616 47.7459 36.9155 27.2893
152.985 -238.479 862.557 53.6362 4.27862 0
166.248 -278 1130.89 68.8873 55.5356 44.7564
278 182.738 962.476 68.8873 55.5356 44.7564
59.1196 -278 1154.81 55.318 4.6012 0
278 -229.62 810.503 68.8873 55.5356 44.7564
156.666 -278 813.542 127.942 10.6419 0
278 -99.9001 871.133 204.302 16.6417 0
278 -189.607 828.987 68.8873 55.5356 44.7564
-278 -206.264 961.595 133.959 11.1423 0
-256.815 -278 921.751 20.8356 5.57052 0
278 145.301 895.544 68.8873 55.5356 44.7564
-278 36.3447 1078.09 68.8873 55.5356 44.7564
-278 204.044 1060.58 68.8873 55.5356 44.7564
48.8451 -278 803.653 68.8873 55.5356 44.7564
278 -246.395 789.743 18.7892 14.8341 11.4497
109.441 -151.278 1306 11.4885 0.935816 0
278 -107.24 1050.48 18.9843 1.5144 0
-248.104 -63.9873 1306 68.8873 55.5356 44.7564
-278 -55.8084 1281.43 85.5848 67.5693 52.1534
-147.998 -244.453 1306 30.0456 76.2461 11.9009
-278 -248.452 1234.21 29.0372 72.1626 10.7876
-185.012 -78 1160.19 68.8873 55.5356 44.7564
-138.863 30.6667 1306 68.8873 55.5356 44.7564
278 273.613 1271.68 68.8873 55.5356 44.7564
267.148 278 1275.31 121.979 10.1459 0
278 275.31 1266.45 45.9778 3.74519 0
274.052 278 1272.02 49.4484 0.415576 0
278 198.634 1225.71 68.8873 55.5356 44.7564
95.292 278 1075.35 100.86 8.38931 0
-108.211 -183.134 820.485 68.8873 55.5356 44.7564
278 82.8569 1192.9 68.8873 55.5356 44.7564
278 247.074 750.689 68.8873 55.5356 44.7564
278 243.739 793.485 68.8873 55.5356 44.7564
-278 -230.025 1243.35 68.8873 55.5356 44.7564
-40.0522 -278 908.084 68.8873 55.5356 44.7564
278 -87.0205 915.263 68.8873 55.5356 44.7564
203.094 278 925.902 27.684 2.30269 0
278 207.465 954.058 36.6112 2.98222 0
278 -85.2652 1152.38 68.8873 55.5356 44.7564
-278 30.0764 1074.52 133.652 11.1168 0
-187.956 -83.1761 1137.96 47.3993 12.6725 0
231.798 -219.749 1306 68.8873 55.5356 44.7564
62.2708 123.725 1306 68.8873 55.5356 44.7564
120.118 -278 1023.83 68.8873 55.5356 44.7564
118.912 -254.844 946.141 39.3486 31.0657 23.9781
278 242.958 958.227 68.8873 55.5356 44.7564
91.4922 278 1039.6 124.447 10.3511 0
278 -140.395 1275.51 68.8873 55.5356 44.7564
278 164.123 1133.84 68.8873 55.5356 44.7564
92.5154 -278 1237.15 68.8873 55.5356 44.7564
122.028 -255.632 1306 39.4198 31.122 24.0216
158.891 -278 1295.77 18.1954 14.0681 10.3997
-278 175.474 1148.02 68.8873 55.5356 44.7564
-199.52 98.1742 1306 68.8873 55.5356 44.7564
-278 -33.6062 1079.05 114.15 90.1216 69.5605
19.1075 -100.258 1306 68.8873 55.5356 44.7564
-278 89.6728 1084.79 68.8873 55.5356 44.7564
-278 187.96 813.064 68.8873 55.5356 44.7564
278 211.524 911.367 42.1719 109.28 17.8095
234.404 278 968.953 37.4582 10.0147 0
278 118.288 1013.86 68.8873 55.5356 44.7564
93.8675 -278 1124.62 56.2756 4.68086 0
278 166.262 916.03 68.8873 55.5356 44.7564
251.104 278 909.046 32.1821 2.67682 0
-217.725 -278 1082.72 68.8873 55.5356 44.7564
-44.1457 -278 789 68.8873 55.5356 44.7564
114.701 -161.751 1306 68.8873 55.5356 44.7564
-58.1284 278 757.759 104.364 82.3953 63.5969
98.4257 -73.1629 1306 68.8873 55.5356 44.7564
278 -141.271 1082.53 68.8873 55.5356 44.7564
132.593 -170.987 1306 74.678 6.21152 0
278 -152.747 1265.76 39.551 3.22168 0
278 -244.91 1073.7 68.8873 55.5356 44.7564
270.682 -278 1020.8 16.0469 1.33474 0
-278 98.87 1036.11 68.8873 55.5356 44.7564
-23.2375 -78 1162.93 68.8873 55.5356 44.7564
-207.024 123.537 1306 90.1514 71.1746 54.9362
86.9273 -278 1158.77 51.1529 39.5497 29.2366
-96.9181 -278 946.047 68.8873 55.5356 44.7564
278 112.227 1236.55 87.5346 69.1086 53.3416
-278 235.478 997.544 157.603 12.8378 0
-278 152.126 1242.31 68.8873 55.5356 44.7564
-246.414 278 1267.88 10.2354 26.5228 4.32247
278 -229.689 1049.32 13.6402 34.6144 5.4028
-123.19 39.6086 1306 20.0034 5.23738 0
-85.1191 226.985 1306 68.8873 55.5356 44.7564
278 -220.555 1213.08 21.9296 17.3134 13.3634
-220.756 -98.2944 1306 68.8873 55.5356 44.7564
-278 -27.5598 1255.95 66.3996 52.4226 40.4624
-266.745 -46.7979 1306 8.4864 21.5358 3.36142
-143.241 -176.736 1206.76 8.22036 20.4291 3.05395
-70.6287 116.996 1306 68.8873 55.5356 44.7564
-269.966 -278 1142.85 47.6662 37.6325 29.0467
-278 13.9684 1126.97 95.1559 73.5714 54.3867
-278 -38.0019 996.971 68.8873 55.5356 44.7564
278 173.592 1255.77 68.8873 55.5356 44.7564
278 -205.077 764.59 68.8873 55.5356 44.7564
-95.4987 278 954.446 80.4719 6.69344 0
-108.177 -78 1166.82 68.8873 55.5356 44.7564
-278 -21.7728 1130.89 42.456 33.519 25.8717
-183.06 278 1071.7 7.83829 19.8911 3.10471
-278 247.607 1157.69 3.61906 8.99401 1.34452
-278 161.995 947.429 68.8873 55.5356 44.7564
-146.327 278 754.046 21.613 56.0055 9.12731
278 -113.489 983.306 27.242 69.1315 10.7904
275.607 -278 1092.05 0.660902 0.17304 0
-101.742 89.1588 1306 68.8873 55.5356 44.7564
4.42311 -213.37 1306 68.8873 55.5356 44.7564
-278 -104.032 1264.59 68.8873 55.5356 44.7564
177.295 -278 1123.34 68.8873 55.5356 44.7564
278 -258.878 1080.21 23.6895 18.7029 14.4358
-57.6127 -78 1117.52 68.8873 55.5356 44.7564
-76.3075 35.6653 1306 70.8937 55.9707 43.201
-172.77 -278 1204.91 41.7404 32.2723 23.8569
-42.1202 162.206 1306 68.8873 55.5356 44.7564
-278 266.837 1261.23 23.5536 18.5956 14.353
-278 101.255 1184.09 68.8873 55.5356 44.7564
-278 192.904 1140.08 68.8873 55.5356 44.7564
-201.68 278 1186.13 26.5456 68.7876 11.2104
-278 -58.5129 1070.06 49.0743 124.535 19.4381
-278 -98.8274 1301.47 68.8873 55.5356 44.7564
-60.9209 215.387 1306 68.8873 55.5356 44.7564
73.9517 278 1017.33 122.48 96.6979 74.6364
278 176.781 859.204 89.4191 69.1358 51.1078
-278 271.954 1054.9 68.8873 55.5356 44.7564
252.19 -278 1160.34 68.8873 55.5356 44.7564
278 162.604 1270.69 68.8873 55.5356 44.7564
207.501 278 1262.85 71.7062 5.96434 0
-278 129.159 987.782 68.8873 55.5356 44.7564
175.49 -271.881 1306 68.8873 55.5356 44.7564
170.775 278 1304.7 0.32605 0.257416 0.198687
170.506 275.728 1306 0.562785 0.435127 0.321662
168.246 278 1302.42 0.838583 0.63495 0.449546
278 142.642 1146.3 68.8873 55.5356 44.7564
249.81 164.315 1306 23.7383 1.97449 0
278 103.231 1289.14 11.5388 0.93991 0
269.233 103.737 1306 10.6441 0.0894559 0
-278 9.63275 931.063 68.8873 55.5356 44.7564
278 183.636 1069.83 39.7936 103.117 16.8051
-278 100.27 958.009 77.1954 20.6386 0
278 27.1673 973.933 68.8873 55.5356 44.7564
-278 -55.4771 985.457 68.8873 55.5356 44.7564
278 200.93 946.38 68.8873 55.5356 44.7564
238.735 278 1143.7 25.1087 2.08847 0
278 208.794 1267.43 68.8873 55.5356 44.7564
259.015 182.381 1306 51.8391 4.31184 0
128.223 -228.447 941.741 68.8873 55.5356 44.7564
138.152 -278 959.083 23.1016 18.2388 14.0776
140.119 -42.8094 1306 25.9265 20.0455 14.8184
278 209.662 1198.99 18.0781 13.6882 9.6913
177.277 -278 1154.28 68.8873 55.5356 44.7564
-127.174 248.257 1306 68.8873 55.5356 44.7564
-278 177.343 1251.97 42.4902 33.546 25.8925
-247.429 147.259 1306 11.7155 29.7303 4.64047
-278 125.904 1291.01 8.7381 21.7157 3.24629
278 21.51 1056.73 68.8873 55.5356 44.7564
278 114.801 785.374 68.8873 55.5356 44.7564
86.4213 278 896.667 95.9188 7.97827 0
278 18.9504 1011.13 145.342 11.839 0
-73.8821 -278 1017.54 222.13 1.86683 0
-274.024 90.1129 1306 68.8873 55.5356 44.7564
-278 88.9845 1302.36 91.1268 71.9447 55.5306
-278 57.7622 774.909 68.8873 55.5356 44.7564
-277.392 278 938.901 0.0948257 0.245721 0.0400456
278 -160.963 1032.56 68.8873 55.5356 44.7564
-30.0918 139.068 1306 68.8873 55.5356 44.7564
-171.57 -78 1130.03 68.8873 55.5356 44.7564
-278 -37.7703 1232.76 36.1564 28.5455 22.0329
-50.7997 278 1288.85 13.0049 33.0023 5.15118
-53.4799 -278 1213.3 25.7727 64.0497 9.57481
38.3062 133.627 1306 68.8873 55.5356 44.7564
-278 -88.7151 1138.82 68.8873 55.5356 44.7564
-195.639 -173.159 1154.36 29.6715 76.8876 12.5305
-278 -86.2344 1247.85 48.571 123.258 19.2388
-227.331 -65.2756 1306 19.1588 156.275 4.93265
76.9773 199.742 1306 68.8873 55.5356 44.7564
-278 254.867 932.232 68.8873 55.5356 44.7564
278 124.803 1090.45 68.8873 55.5356 44.7564
-278 198.318 1172.21 68.8873 55.5356 44.7564
278 -126.622 1214.55 68.8873 55.5356 44.7564
278 216.294 784.008 68.8873 55.5356 44.7564
-278 -252.806 1009.42 68.8873 55.5356 44.7564
-66.6964 278 794.765 14.8401 38.4551 6.2671
-278 216.99 1023.22 68.8873 55.5356 44.7564
182.269 260.723 1306 68.8873 55.5356 44.7564
278 250.723 1300.07 8.46898 6.68627 5.16081
-144.789 -278 933.347 68.8873 55.5356 44.7564
278 111.845 1133.64 68.8873 55.5356 44.7564
-13.0077 -15.36 1306 110.954 9.22883 0
-278 -27.377 970.447 174.082 14.1801 0
91.578 -25.549 1306 68.8873 55.5356 44.7564
278 -33.1487 750.956 68.8873 55.5356 44.7564
-278 -23.5076 1186.87 68.8873 55.5356 44.7564
-121.941 -63.8017 1306 33.3748 86.484 14.0944
278 245.499 951.41 68.8873 55.5356 44.7564
278 -83.8427 947.418 68.8873 55.5356 44.7564
165.19 102.541 1306 37.0427 3.08111 0
-62.7344 168.549 1306 68.8873 55.5356 44.7564
278 209.072 1281.53 68.8873 55.5356 44.7564
265.263 198.886 1306 59.6727 4.96342 0
278 194.456 1265.13 113.334 9.23181 0
257.789 278 1275.69 52.8989 0.444575 0
-278 -34.7166 1183.39 68.8873 55.5356 44.7564
274.408 -142.933 1306 41.0999 106.502 17.3568
278 -137.707 1303.16 33.6119 85.2962 13.3135
278 259.732 1158.44 68.8873 55.5356 44.7564
278 181.174 1026.92 68.8873 55.5356 44.7564
-111.283 -192.157 832.986 93.5725 7.78311 0
-278 -30.0605 821.183 68.8873 55.5356 44.7564
-253.614 -278 971.601 68.8873 55.5356 44.7564
-278 217.278 920.783 68.8873 55.5356 44.7564
278 110.147 814.613 68.8873 55.5356 44.7564
190.024 -260.396 932.982 30.3922 2.52794 0
278 -216.571 890.316 57.158 4.65589 0
260.672 -278 859.382 27.9282 0.234716 0
-103.329 -85.5674 1306 68.8873 55.5356 44.7564
-107.227 240.283 1306 68.8873 55.5356 44.7564
-96.7069 278 1301.47 15.8332 12.5004 9.64842
-55.2362 252.843 1306 16.3523 12.6431 9.34624
-278 -17.2668 1070.66 68.8873 55.5356 44.7564
278 212.983 1171.85 68.8873 55.5356 44.7564
274.57 176.443 1306 3.39762 0.282605 0
278 104.47 1050.7 68.8873 55.5356 44.7564
197.306 278 1249.77 40.2602 3.34874 0
195.781 253.245 1306 32.4334 2.64191 0
189.714 278 1305.74 0.652371 0.0520404 0
278 -90.9307 777.729 68.8873 55.5356 44.7564
54.6369 67.6261 1306 68.8873 55.5356 44.7564
-278 144.193 1103.34 70.3381 55.532 42.8625
90.3832 74.7395 1306 68.8873 55.5356 44.7564
278 146.178 1137.55 68.8873 55.5356 44.7564
98.2274 -278 1178.22 53.5534 4.45443 0
-72.0757 -78 1178.52 68.8873 55.5356 44.7564
-278 271.145 1209.54 68.8873 55.5356 44.7564
-28.672 265.187 1306 68.8873 55.5356 44.7564
-278 -114.332 839.409 68.8873 55.5356 44.7564
-278 258.662 951.347 68.8873 55.5356 44.7564
-267.698 278 940.595 18.0917 46.8809 7.64026
-278 264.599 1026.17 5.55897 14.1069 2.20188
-202.215 157.502 1306 68.8873 55.5356 44.7564
-278 145.828 1253.49 77.8425 61.4567 47.4355
278 94.9905 1068.58 68.8873 55.5356 44.7564
249.008 -278 1290.82 9.1791 0.763494 0
226.405 -265.197 1306 7.81138 0.636287 0
228.143 -278 1304.84 1.39852 0.111562 0
226.176 225.624 1306 68.8873 55.5356 44.7564
278 196.711 1275.25 63.3891 50.0457 38.6279
177.974 175.25 1306 68.8873 55.5356 44.7564
241.236 278 1275.69 33.5671 26.5012 20.455
76.3124 -278 886.543 53.4454 41.3222 30.5469
-278 -230.08 965.112 13.9922 10.5945 7.50092
-12.1046 153.215 1306 68.8873 55.5356 44.7564
142.525 278 1238.27 44.4525 35.0953 27.0884
-278 -170.625 1148.45 68.8873 55.5356 44.7564
69.4599 -278 837.526 68.8873 55.5356 44.7564
130.937 -228.996 896.293 68.7837 54.3048 41.9153
-31.0252 278 1111.68 20.6271 15.9482 11.7895
-278 265.496 881.061 1.52553 1.15509 0.817805
227.006 -278 1299.7 68.8873 55.5356 44.7564
223.721 -269.796 1306 104.151 82.2271 63.4671
225.186 -278 1304.06 47.181 36.4787 26.9665
278 233.193 830.429 68.8873 55.5356 44.7564
-278 204.582 868.179 137.277 11.4184 0
-79.8111 -10.0299 1306 68.8873 55.5356 44.7564
-34.6352 -278 1218.49 42.2311 33.3415 25.7347
-90.1934 -228.797 1240.19 53.7464 41.5549 30.719
-59.1528 -179.023 1306 83.5019 63.2251 44.7635
203.464 175.061 1306 68.8873 55.5356 44.7564
-278 224.663 1226.96 22.2047 17.5306 13.531
54.7355 -278 1081.9 68.8873 55.5356 44.7564
-52.4715 -229.899 815.409 22.7542 17.9645 13.8659
-43.3332 -278 838.94 14.8824 11.5065 8.50607
-278 -79.7143 1106.16 68.8873 55.5356 44.7564
-152.027 -78 1111.27 68.8873 55.5356 44.7564
-278 -263.899 812.655 68.8873 55.5356 44.7564
-253.564 -278 820.986 35.6054 92.264 15.0364
278 266.591 944.115 68.8873 55.5356 44.7564
278 142.501 1109.02 68.8873 55.5356 44.7564
245.616 124.684 1306 68.8873 55.5356 44.7564
278 131.438 1295.59 41.3504 32.6462 25.198
278 -117.696 1087.71 68.8873 55.5356 44.7564
-42.9577 -60.3488 1306 68.8873 55.5356 44.7564
-278 -25.0871 1174.01 66.8895 52.8093 40.7609
278 -18.6649 1197.28 68.8873 55.5356 44.7564
-79.1817 79.9298 1306 68.8873 55.5356 44.7564
-278 -237.57 1244.23 22.4136 17.6956 13.6584
-278 181.504 952.689 68.8873 55.5356 44.7564
278 -191.021 944.992 68.8873 55.5356 44.7564
132.081 -138.857 926.809 128.85 10.7174 0
278 -11.007 1222.08 68.8873 55.5356 44.7564
-261.684 278 1040.2 116.427 9.68406 0
-278 224.983 1085.88 171.809 13.995 0
-19.9066 278 974.445 96.4463 25.252 0
-278 -79.1229 1226.24 68.8873 55.5356 44.7564
-124.435 278 1076.77 15.8042 40.9533 6.67422
7.01152 -278 1003.38 30.5098 77.4241 12.0848
278 -91.6644 888.581 68.8873 55.5356 44.7564
-260.505 -191.868 1306 68.8873 55.5356 44.7564
-278 -132.992 1246.72 95.6823 75.5413 58.3067
-278 183.087 1001.23 68.8873 55.5356 44.7564
-183.621 -192.204 1306 68.8873 55.5356 44.7564
-80.7175 -278 1273.99 32.0173 25.2777 19.5106
-117.653 -266.121 1306 15.1214 11.6914 8.64272
-54.1539 278 1248.55 3.15437 2.38839 1.69099
278 121.964 1045.53 68.8873 55.5356 44.7564
-135.326 117.842 1306 68.8873 55.5356 44.7564
278 151.693 1287.45 6.15535 4.85966 3.75093
245.698 278 1246.73 2.91139 0.237151 0
278 203.007 1245.4 5.34707 0.426542 0
191.847 -278 1133.31 68.8873 55.5356 44.7564
106.765 278 801.358 117.288 92.5986 71.4724
278 270.954 1045.04 68.8873 55.5356 44.7564
113.601 -21.2639 1306 68.8873 55.5356 44.7564
278 231.678 771.345 68.8873 55.5356 44.7564
-278 -32.1662 1168.01 68.8873 55.5356 44.7564
44.3571 -278 1095.17 68.8873 55.5356 44.7564
199.85 278 875.507 124.011 97.9068 75.5695
-278 86.3022 1078.92 85.8843 66.4029 49.0875
278 241.494 1151.68 51.0677 126.912 18.9722
227.83 -278 1163.19 68.8873 55.5356 44.7564
224.647 -183.283 1306 76.1387 60.1116 46.3972
119.309 -278 1214.08 82.8902 64.0879 47.3762
-125.269 93.5966 1306 68.8873 55.5356 44.7564
-218.627 278 1214.67 55.6851 43.9635 33.9333
-212.076 157.367 1306 68.8873 55.5356 44.7564
-278 6.29152 1271.54 28.1967 22.2613 17.1824
-255.32 278 1280.84 1.45852 3.70126 0.577712
278 105.298 1243.33 0.896656 2.22835 0.333117
-278 -90.8469 878.792 68.8873 55.5356 44.7564
-120.996 -278 1051.32 22.5022 58.3098 9.50284
-278 78.5703 1095.96 68.8873 55.5356 44.7564
111.235 -272.59 949.098 30.6456 79.4117 12.9419
47.6547 -278 969.184 17.3367 43.9951 6.86699
-170.77 87.5108 1306 68.8873 55.5356 44.7564
-132.475 278 1277.76 19.8154 15.6443 12.075
-278 219.898 1297.46 14.5801 11.2728 8.33332
86.0986 98.1008 1306 68.8873 55.5356 44.7564
-278 -73.7023 895.191 68.8873 55.5356 44.7564
143.772 124.762 1306 68.8873 55.5356 44.7564
278 181.293 1231.77 62.5612 49.3921 38.1234
257.193 234.14 1306 27.853 2.26881 0
72.454 -278 912.04 68.8873 55.5356 44.7564
-278 183.994 799.92 68.8873 55.5356 44.7564
-94.3653 -78 1170.89 68.8873 55.5356 44.7564
-113.475 -17.3965 1306 55.922 44.1505 34.0776
-259.936 -278 1226.64 28.6985 22.1887 16.4027
-278 -265.121 1199.29 20.9942 15.8962 11.2545
278 -0.914307 1076.24 68.8873 55.5356 44.7564
175.809 236.731 1306 68.8873 55.5356 44.7564
278 233.025 1230.82 81.6063 64.4282 49.729
156.588 99.4811 1306 101.352 8.25581 0
211.368 278 990.981 174.371 13.9098 0
-278 134.991 1190.23 68.8873 55.5356 44.7564
278 -196.248 991.291 68.8873 55.5356 44.7564
-278 192.569 996.861 68.8873 55.5356 44.7564
-41.4054 -161.496 1306 68.8873 55.5356 44.7564
-278 173.751 857.471 68.8873 55.5356 44.7564
-246.502 278 826.392 11.9213 30.8916 5.03445
-278 242.117 854.711 15.4116 39.1097 6.10446
-278 -147.514 1277.65 68.8873 55.5356 44.7564
-278 267.155 857.677 68.8873 55.5356 44.7564
-278 78.8158 935.879 68.8873 55.5356 44.7564
-278 113.842 979.789 68.8873 55.5356 44.7564
278 -56.985 975.399 40.9718 106.17 17.3027
-89.2757 240.847 1306 68.8873 55.5356 44.7564
278 97.0117 1107.48 61.9391 48.901 37.7443
7.98505 63.4445 1306 99.3094 8.08939 0
-98.7889 278 1219.3 67.5714 5.39025 0
-278 246.252 1094.81 68.8873 55.5356 44.7564
278 132.721 1183.37 41.4944 107.524 17.5234
213.37 278 1250.58 31.0702 8.30679 0
264.494 218.669 1306 38.4264 10.061 0
-258.964 138.908 1306 68.8873 55.5356 44.7564
-278 177.796 1269.16 89.2829 70.489 54.407
278 76.6502 876.756 68.8873 55.5356 44.7564
278 157.591 786.262 68.8873 55.5356 44.7564
-21.8518 -278 1287.85 68.8873 55.5356 44.7564
-7.11598 -270.159 1306 43.8056 34.5846 26.6942
278 -30.7869 1215.15 20.7706 16.0591 11.8715
-205.899 278 1059.2 33.7939 2.69578 0
15.1043 228.212 1306 68.8873 55.5356 44.7564
5.96401 278 1294.17 31.3557 24.7553 19.1074
-278 -52.7019 1298.78 47.5754 36.7837 27.1919
-250.593 -278 1232.66 3.43203 8.52921 1.27503
-278 226.888 830.672 68.8873 55.5356 44.7564
-278 157.705 817.329 68.8873 55.5356 44.7564
-278 236.365 812.852 68.8873 55.5356 44.7564
-256.722 278 875.951 11.6126 30.0918 4.90411
278 253.406 952.836 1.05622 2.68034 0.418362
147.039 278 994.906 1.97981 0.518363 0
136.993 -195.264 936.211 68.8873 55.5356 44.7564
278 -195.364 1017.51 67.8686 53.5823 41.3576
-278 -92.4962 966.336 68.8873 55.5356 44.7564
278 272.142 1191.8 33.9443 87.9597 14.3349
-54.264 -278 894.06 68.8873 55.5356 44.7564
-278 -42.4099 792.237 95.3302 75.2633 58.0921
-278 164.492 1131.06 68.8873 55.5356 44.7564
-278 202.049 807.725 68.8873 55.5356 44.7564
-266.027 278 833.347 6.3321 16.4083 2.67409
59.412 182.619 1306 2.07643 5.26933 0.822466
-2.93177 278 1194.93 2.89864 7.20364 1.07687
-278 -38.3822 943.403 68.8873 55.5356 44.7564
-51.7143 -278 866.148 68.8873 55.5356 44.7564
278 140.82 1132.79 68.8873 55.5356 44.7564
-215.672 278 1080.45 132.058 10.9842 0
-278 187.775 1150.15 183.391 14.9384 0
132.203 -278 962.24 68.8873 55.5356 44.7564
-278 141.146 985.631 68.8873 55.5356 44.7564
2.86444 -277.55 1306 68.8873 55.5356 44.7564
-278 155.139 1030.5 68.8873 55.5356 44.7564
120.121 -278 1042.14 68.8873 55.5356 44.7564
-278 70.8812 1250.12 68.8873 55.5356 44.7564
278 -42.3368 1278.97 41.9471 108.697 17.7146
13.9837 257.2 1306 68.8873 55.5356 44.7564
8.05199 278 1271.56 116.671 92.1122 71.0969
278 207.874 973.568 68.8873 55.5356 44.7564
278 -261.305 1165.84 68.8873 55.5356 44.7564
134.83 -278 1047.21 68.8873 55.5356 44.7564
247.354 -125.716 1306 65.4302 51.6572 39.8717
267.192 -278 1218.47 64.7977 50.0994 37.0354
15.2223 173.623 1306 68.8873 55.5356 44.7564
61.5751 278 1269.16 42.2921 33.3896 25.7718
-278 164.023 978.283 68.8873 55.5356 44.7564
-115.76 278 791.45 25.5261 66.1456 10.7799
-265.765 -278 1088 68.8873 55.5356 44.7564
-31.1225 238.49 1306 68.8873 55.5356 44.7564
-87.2934 272.763 1306 68.8873 55.5356 44.7564
-116.858 278 1277.46 94.9253 74.9436 57.8454
-278 -11.1285 949.263 68.8873 55.5356 44.7564
96.1338 -278 940.872 68.8873 55.5356 44.7564
-278 199.394 1033.15 68.8873 55.5356 44.7564
-247.033 278 924.491 9.64323 24.9885 4.07241
-278 244.064 934.819 13.8995 35.2726 5.50554
-265.391 203.937 1306 0.291919 2.38113 0.0751579
278 233.666 1240.6 68.8873 55.5356 44.7564
271.034 269.869 1306 12.7831 1.06327 0
278 66.6911 1148.09 68.8873 55.5356 44.7564
278 -156.834 1053.18 68.8873 55.5356 44.7564
70.8145 -278 1131.16 113.11 9.40823 0
278 238.184 899.577 193.813 15.7873 0
-278 221.232 900.848 68.8873 55.5356 44.7564
26.6699 -252.024 1306 68.8873 55.5356 44.7564
-35.2908 -278 1089.99 68.8873 55.5356 44.7564
-17.8343 278 914.76 131.344 103.696 80.0383
-247.631 -76.5059 1306 68.8873 55.5356 44.7564
-173.44 278 1275.14 11.6953 9.23346 7.12686
-278 234.468 987.549 68.8873 55.5356 44.7564
-257.674 278 764.405 3.81678 9.8904 1.61185
-278 262.868 762.669 4.54773 11.5407 1.80133
-40.639 -207.249 1109.36 68.8873 55.5356 44.7564
25.1684 -278 953.357 68.8873 55.5356 44.7564
-15.2172 -115.238 1134.78 90.7658 71.6597 55.3107
223.204 278 818.221 127.6 98.6559 72.9302
278 237.094 980.364 59.3215 44.9165 31.801
-278 117.079 1012.65 68.8873 55.5356 44.7564
-263.4 -278 1139.33 68.8873 55.5356 44.7564
-111.789 -130.707 1238.21 86.9595 68.6547 52.9912
-226.62 -228.765 1306 135.683 104.906 77.5503
-244.983 -278 1260.28 178.113 134.862 95.4824
278 179.279 1035.53 68.8873 55.5356 44.7564
-278 137.796 1120.53 68.8873 55.5356 44.7564
-176.39 -85.5378 1126.39 17.7456 45.984 7.49408
-278 -76.2007 1117.1 27.1622 68.9289 10.7588
91.4261 278 773.196 10.1258 82.5942 2.607
278 89.2133 1018.74 68.8873 55.5356 44.7564
-278 19.5024 1096.87 68.8873 55.5356 44.7564
-107.335 -43.4052 1306 68.8873 55.5356 44.7564
278 -29.4813 913.542 68.8873 55.5356 44.7564
248.848 -253.414 1306 8.87011 0.737792 0
172.261 278 969.172 9.42769 0.767947 0
150.622 245.988 1306 68.8873 55.5356 44.7564
221.467 278 1291.8 24.7497 19.5399 15.0819
251.956 218.72 1306 43.0532 33.2873 24.6072
227.351 278 1187.98 75.643 57.2746 40.5506
142.584 -172.578 1306 68.8873 55.5356 44.7564
278 -40.2996 1225.49 53.9185 42.5687 32.8567
23.4907 -278 973.947 68.8873 55.5356 44.7564
-57.8894 173.05 1306 68.8873 55.5356 44.7564
-278 85.7011 1236.46 38.8211 30.6493 23.6567
-278 147.71 883.826 68.8873 55.5356 44.7564
-146.663 83.3319 1306 12.5998 32.6498 5.32099
18.8355 278 1038.39 18.2262 46.2523 7.21931
278 172.596 990.003 68.8873 55.5356 44.7564
278 130.341 1253.63 68.8873 55.5356 44.7564
124.139 278 1140.37 87.7908 7.30221 0
67.1625 178.151 1306 86.9552 7.08306 0
278 102.823 1301.25 3.68813 0.294207 0
-47.1027 -170.145 1306 68.8873 55.5356 44.7564
-278 138.843 1028.83 68.8873 55.5356 44.7564
278 213.189 1044.72 68.8873 55.5356 44.7564
-219.641 -278 837.322 68.8873 55.5356 44.7564
121.888 -256.543 909.801 8.45136 6.67236 5.15007
27.1898 -66.2412 1306 68.8873 55.5356 44.7564
-41.3803 -165.456 1191.38 94.9117 74.9329 57.837
-34.5867 -148.149 1306 140.345 108.51 80.2146
278 -133.451 1259.21 41.5086 31.4291 22.2519
30.1738 -278 1134.86 68.8873 55.5356 44.7564
-25.1828 -163.526 1306 73.972 58.401 45.0769
-278 -78.3899 1232.38 39.3591 30.4311 22.4958
-278 0.244354 911.296 68.8873 55.5356 44.7564
-100.896 -143.642 1050.9 28.3783 73.5365 11.9844
278 109.61 769.62 68.8873 55.5356 44.7564
-278 -34.5837 978.196 68.8873 55.5356 44.7564
278 50.0299 1128.76 68.8873 55.5356 44.7564
-110.523 64.5987 1306 125.274 10.42 0
-98.5499 -278 981.481 68.8873 55.5356 44.7564
-278 52.5746 983.028 68.8873 55.5356 44.7564
-196.533 278 884.101 13.4664 34.8953 5.68695
-278 230.542 898.27 13.4063 34.0209 5.31017
-259.74 278 920.469 2.74524 22.3925 0.706794
-278 -28.5485 1177.9 68.8873 55.5356 44.7564
-99.9424 -160.181 1306 29.8344 77.3098 12.5993
278 -275.096 1045.4 32.8579 83.383 13.0149
-27.3691 -278 999.283 68.8873 55.5356 44.7564
139.086 116.573 1306 68.8873 55.5356 44.7564
-278 -17.562 1298.2 2.45265 1.93637 1.49459
218.332 278 1184.82 1.28666 3.26514 0.509641
278 212.833 1181.13 1.89627 4.71257 0.704483
255.274 -278 924.859 68.8873 55.5356 44.7564
55.3738 -75.906 1306 58.5598 46.233 35.685
-222.576 -211.79 1306 68.8873 55.5356 44.7564
-249.545 111.247 1306 68.8873 55.5356 44.7564
63.9286 -109.129 1306 68.8873 55.5356 44.7564
-76.144 175.461 1306 68.8873 55.5356 44.7564
272.979 -278 994.311 65.8973 52.026 40.1563
-76.7292 -84.3049 1073.27 62.6467 48.4363 35.806
278 55.121 1015.78 68.8873 55.5356 44.7564
55.7093 -278 1014.93 76.4733 6.36085 0
95.2719 211.745 1306 68.8873 55.5356 44.7564
59.045 -266.397 1306 68.8873 55.5356 44.7564
94.8509 12.9613 1306 68.8873 55.5356 44.7564
-278 -25.1967 1044.99 78.7353 62.1616 47.9795
-134.974 212.461 1306 68.8873 55.5356 44.7564
-278 150.971 1269.71 31.2739 24.6908 19.0576
-245.616 278 1237.04 4.66433 11.8366 1.84752
-278 262.053 1274.72 2.8508 7.08474 1.0591
-104.581 266.567 1306 68.8873 55.5356 44.7564
215.321 -278 1256.4 68.8873 55.5356 44.7564
190.004 -260.676 1306 40.9226 32.3085 24.9373
-268.045 -278 854.094 68.8873 55.5356 44.7564
-278 169.919 1165 68.8873 55.5356 44.7564
278 90.0753 791.816 68.8873 55.5356 44.7564
-278 -203.697 773.168 121.763 10.1279 0
-278 88.3822 825.503 68.8873 55.5356 44.7564
-199.955 242.032 1306 68.8873 55.5356 44.7564
-278 -208.546 818.678 68.8873 55.5356 44.7564
-156.049 -185.52 1106.05 16.6989 43.2719 7.05208
-202.313 278 1021.23 6.53785 16.591 2.58961
-140.68 270.362 1306 0.342639 0.851518 0.127294
-278 128.029 884.814 68.8873 55.5356 44.7564
-278 176.057 1078.52 68.8873 55.5356 44.7564
-278 72.1297 1207.27 68.8873 55.5356 44.7564
278 -148.713 1059.94 38.6801 100.232 16.3349
278 98.4839 941.494 68.8873 55.5356 44.7564
-12.1515 16.311 1306 68.8873 55.5356 44.7564
36.974 -278 1170.8 56.8614 44.8921 34.65
-21.1147 -224.901 1128.89 67.7211 52.3597 38.7063
-72.6213 -278 898.977 70.7434 53.5648 37.924
-13.0587 166.12 1306 68.8873 55.5356 44.7564
134.286 67.0349 1306 68.8873 55.5356 44.7564
278 200.002 1204.27 68.8873 55.5356 44.7564
49.8956 59.3332 1306 109.636 9.11923 0
278 116.122 891.569 190.727 15.536 0
278 54.8887 904.999 68.8873 55.5356 44.7564
278 -144.777 1206.99 68.8873 55.5356 44.7564
249.008 -278 1263.53 27.0621 2.25096 0
278 -151.482 1238.56 51.8064 4.21997 0
198.334 -278 1214.89 54.5304 0.458286 0
-278 251.574 1074.06 68.8873 55.5356 44.7564
-159.423 278 1197.2 29.3826 76.1391 12.4085
49.5736 198.031 1306 68.8873 55.5356 44.7564
85.5737 -278 1295.4 68.8873 55.5356 44.7564
49.0424 -167.091 1306 130.323 102.89 79.4161
-47.2106 -278 1290.59 68.8873 55.5356 44.7564
-25.5276 -266.855 1175.53 13.0535 10.3058 7.95453
278 142.983 1122.02 9.00041 6.95882 5.14422
-278 -46.3844 893.65 68.8873 55.5356 44.7564
-278 109.567 948.149 68.8873 55.5356 44.7564
-111.636 -7.44135 1306 68.8873 55.5356 44.7564
27.7951 278 930.896 105.137 83.0054 64.0678
278 158.407 1106.35 76.6306 59.2482 43.7985
278 246.337 904.957 68.8873 55.5356 44.7564
278 113.277 1002.98 68.8873 55.5356 44.7564
-211.447 160.03 1306 68.8873 55.5356 44.7564
-278 157.503 1305.93 0.150887 0.119126 0.0919474
-33.6445 212.103 1306 68.8873 55.5356 44.7564
278 -131.281 1008.8 68.8873 55.5356 44.7564
-64.43 247.675 1306 68.8873 55.5356 44.7564
278 262.321 1084.48 68.8873 55.5356 44.7564
-63.9223 96.9612 1306 68.8873 55.5356 44.7564
-278 100.53 1252.4 33.46 26.4167 20.3898
278 251.053 923.757 68.8873 55.5356 44.7564
184.854 278 968.028 120.393 10.014 0
278 255.416 907.319 47.9288 3.90411 0
113.377 103.122 1306 68.8873 55.5356 44.7564
92.9333 278 1275.23 23.7161 18.7239 14.4521
115.709 272.684 1306 6.52378 5.04397 3.72869
116.276 278 1300.39 9.44558 7.15191 5.06357
-114.433 234.277 1306 68.8873 55.5356 44.7564
98.6343 -278 1145.82 38.215 30.1708 23.2874
-278 57.2353 1213.2 68.8873 55.5356 44.7564
-126.756 -242.184 1223.24 19.317 50.0562 8.15773
-278 -154.36 1104.45 4.19256 10.6394 1.66065
-278 132.058 818.031 68.8873 55.5356 44.7564
-278 -85.3863 1302.03 68.8873 55.5356 44.7564
-149.515 118.389 1306 68.8873 55.5356 44.7564
-90.6784 -254.428 841.408 106.934 84.4248 65.1634
278 -149.84 1100.4 68.8873 55.5356 44.7564
149.464 278 1106.98 39.6368 3.29689 0
108.614 164.414 1306 38.6839 3.15106 0
109.68 -125.803 1306 68.8873 55.5356 44.7564
-278 75.3518 836.224 68.8873 55.5356 44.7564
-15.9726 -278 772.75 68.8873 55.5356 44.7564
88.7934 278 1208.98 107.222 84.6521 65.3388
57.2532 -278 1010.23 68.8873 55.5356 44.7564
62.8003 -62.5553 1306 81.1094 64.036 49.4263
-90.3894 -89.5266 1240.39 63.0457 48.7448 36.034
278 -106.256 1262.95 94.3463 71.4362 50.577
-278 177.277 1130.94 68.8873 55.5356 44.7564
278 -162.791 1270.22 68.8873 55.5356 44.7564
-278 258.284 786.107 90.2264 7.5048 0
-278 35.5219 1094.41 68.8873 55.5356 44.7564
-84.5008 73.9186 1306 68.8873 55.5356 44.7564
278 126.656 1092.58 69.3555 54.7562 42.2637
-159.595 96.4687 1306 68.8873 55.5356 44.7564
-278 99.7922 1113.75 117.298 92.6065 71.4785
-278 -37.8302 1170.44 68.8873 55.5356 44.7564
16.7426 -278 820.165 68.8873 55.5356 44.7564
278 240.637 1015.86 68.8873 55.5356 44.7564
89.6822 246.629 1306 68.8873 55.5356 44.7564
278 -113.448 1092.88 63.9928 50.5224 38.9958
-181.078 -278 998.133 118.268 9.63373 0
278 190.808 939.659 68.8873 55.5356 44.7564
278 -13.6805 842.233 68.8873 55.5356 44.7564
278 -159.691 1014.82 68.8873 55.5356 44.7564
-243.484 174.232 1306 68.8873 55.5356 44.7564
-278 129.499 1271.38 71.986 56.833 43.8666
-243.462 29.6444 1306 68.8873 55.5356 44.7564
119.941 -278 845.644 68.8873 55.5356 44.7564
-11.5818 -223.661 1138.42 22.9978 18.1568 14.0144
76.8598 -278 1018.89 42.7261 33.0344 24.4203
23.0519 -278 1136.27 68.8873 55.5356 44.7564
-65.9547 154.264 1306 125.95 99.4376 76.7511
278 -23.2219 1219.9 54.6969 42.2898 31.2622
-278 -75.1137 794.811 86.6663 6.91347 0
-278 -65.9615 824.935 68.8873 55.5356 44.7564
71.8616 -65.8326 1306 68.8873 55.5356 44.7564
-278 128.924 1141.37 68.8873 55.5356 44.7564
278 100.829 968.826 68.8873 55.5356 44.7564
253.476 169.058 1306 9.79681 0.814873 0
-209.221 -278 995.194 68.8873 55.5356 44.7564
278 242.525 1056.84 68.8873 55.5356 44.7564
278 264.021 1228.15 68.8873 55.5356 44.7564
141.756 -278 1089.82 32.6027 2.7118 0
91.5174 278 1027.01 64.5335 5.25667 0
-278 158.345 1305.41 68.8873 55.5356 44.7564
278 180.512 893.527 34.4243 89.2035 14.5376
88.6927 -278 1257.42 21.1854 5.66404 0
-116.539 -78 1180.18 68.8873 55.5356 44.7564
278 -76.4431 1151.87 68.8873 55.5356 44.7564
245.796 278 1095.04 12.3103 1.02394 0
278 259.592 1129.24 8.98339 0.731755 0
233.336 260.517 1306 4.40135 0.03699 0
84.1117 201.377 1306 68.8873 55.5356 44.7564
278 -162.237 1237.37 68.8873 55.5356 44.7564
-278 149.564 874.784 68.8873 55.5356 44.7564
114.531 -278 1077.41 27.3679 70.9184 11.5577
-278 160.059 776.191 36.2835 92.076 14.3717
278 102.774 1152.97 68.8873 55.5356 44.7564
236.106 81.6555 1306 36.0614 2.99949 0
-143.837 278 1114.27 29.5045 2.40333 0
-189.489 -160.239 1306 53.8167 4.29302 0
-278 92.5509 991.921 68.8873 55.5356 44.7564
-140.007 -278 985.578 68.8873 55.5356 44.7564
278 121.004 1121.65 68.8873 55.5356 44.7564
278 7.43594 835.195 68.8873 55.5356 44.7564
198.51 -278 1039.35 68.8873 55.5356 44.7564
278 -262.177 1018.24 26.0285 20.5495 15.8612
278 49.9381 918.571 68.8873 55.5356 44.7564
278 196.919 1026.66 68.8873 55.5356 44.7564
16.3688 -278 1029.66 66.4781 5.52947 0
278 -188.147 997.07 42.8891 3.4936 0
-278 135.256 1051.43 68.8873 55.5356 44.7564
-84.1379 265.391 1306 68.8873 55.5356 44.7564
-230.399 -39.6391 1306 68.8873 55.5356 44.7564
50.0659 99.5662 1306 68.8873 55.5356 44.7564
278 32.2552 958.838 113.686 89.7552 69.2777
278 259.474 1147.33 68.8873 55.5356 44.7564
20.1723 -278 831.801 52.6666 4.38067 0
155.85 278 905.667 101.489 8.26691 0
-278 62.4258 1229.77 68.8873 55.5356 44.7564
-278 176.339 1230.78 68.8873 55.5356 44.7564
-136.206 -278 1216.96 12.7642 33.0759 5.39044
-45.9691 -108.594 1306 20.4392 51.8682 8.09587
-278 -27.6332 1235.65 11.2495 27.9571 4.17932
278 110.569 781.828 68.8873 55.5356 44.7564
-278 -92.0913 1091.43 68.8873 55.5356 44.7564
-219.157 -278 1163.16 12.1391 31.4559 5.12642
-195.786 -275.721 1145.79 1.89376 4.80576 0.750109
-202.355 -278 1147.27 1.91594 4.76146 0.711792
145.005 -245.603 944.601 68.8873 55.5356 44.7564
-278 21.1222 1097.15 51.2084 40.4291 31.2053
123.154 -237.115 943.186 68.8873 55.5356 44.7564
73.7844 -278 985.96 63.4147 50.066 38.6435
278 218.032 1015.68 68.8873 55.5356 44.7564
259.151 278 1240.99 11.1018 0.92342 0
-278 227.07 965.453 68.8873 55.5356 44.7564
-227.225 278 868.898 18.0768 46.8424 7.63398
-278 275.14 803.745 1.25077 3.17405 0.495422
-278 183.175 1253.33 68.8873 55.5356 44.7564
-133.767 244.921 1306 68.8873 55.5356 44.7564
2.19434 278 1265.69 38.1369 30.1091 23.2397
278 -130.202 1264.87 63.1999 48.8641 36.1222
161.65 -259.374 1306 82.3223 6.56694 0
172.307 157.386 1306 68.8873 55.5356 44.7564
203.536 278 1096.18 118.463 93.5266 72.1886
278 95.8396 1106.97 218.981 169.309 125.16
-45.664 -111.366 1195.66 359.403 28.67 0
-43.9914 -132.379 1106.01 68.8873 55.5356 44.7564
278 -104.165 1045.73 113.263 89.4214 69.0201
-85.6749 -129.938 1064.33 68.8873 55.5356 44.7564
278 0.939133 1118.56 77.2391 60.9804 47.0678
278 -83.7467 775.597 68.8873 55.5356 44.7564
278 -202.487 1064.44 68.8873 55.5356 44.7564
125.854 -278 1007.14 116.937 9.72648 0
180.426 -224.339 941.056 124.112 10.1097 0
-47.0389 -278 953.604 68.8873 55.5356 44.7564
61.1241 -261.467 1306 6.17293 4.87354 3.76165
278 -212.378 1250.62 68.8873 55.5356 44.7564
194.682 -278 1279.08 104.536 8.69505 0
-222.518 278 1237.76 166.934 13.5979 0
-278 255.736 1233.18 123.974 9.88952 0
278 -224.712 1172.25 68.8873 55.5356 44.7564
-96.3 98.6628 1306 68.8873 55.5356 44.7564
2.48383 250.871 1306 68.8873 55.5356 44.7564
27.815 278 1268.33 98.1438 77.4846 59.8066
278 242.428 1113.12 23.5442 18.2036 13.4568
-159.314 234.474 1306 68.8873 55.5356 44.7564
278 161.07 1026.03 68.8873 55.5356 44.7564
233.498 278 1034.11 48.9029 4.06762 0
278 245.551 994.287 46.6953 3.80363 0
-179.164 -278 867.16 68.8873 55.5356 44.7564
-278 -222.219 872.819 67.6325 53.3959 41.2137
-238.131 278 894.818 3.34026 8.47652 1.32306
278 137.225 1109.81 68.8873 55.5356 44.7564
278 241.228 857.832 68.8873 55.5356 44.7564
275.783 278 862.185 8.23244 0.684753 0
278 276.459 864.776 6.77955 0.552238 0
231.366 278 819.471 9.7226 0.081711 0
278 1.15533 981.825 68.8873 55.5356 44.7564
104.679 -75.0113 1306 63.6085 5.29079 0
-278 -202.151 845.477 68.8873 55.5356 44.7564
153.492 258.595 1306 68.8873 55.5356 44.7564
-0.105804 -278 1113.26 44.9702 35.504 27.4038
278 99.9261 785.141 59.3655 45.8994 33.9306
-278 -58.8353 858.174 68.8873 55.5356 44.7564
219.279 127.763 1306 68.8873 55.5356 44.7564
183.975 278 1262.46 37.4127 29.5374 22.7984
135.38 229.885 1306 44.4076 34.3345 25.3813
-118.683 -278 951.781 47.0041 35.5901 25.1979
70.3315 -134.118 1306 68.8873 55.5356 44.7564
278 -232.984 1073.47 97.9532 77.3341 59.6905
-278 -1.51428 1019.14 68.8873 55.5356 44.7564
111.584 190.088 1306 68.8873 55.5356 44.7564
278 171.517 1282.88 18.8418 14.8756 11.4817
278 227.887 1019.61 68.8873 55.5356 44.7564
4.00342 -185.631 1306 65.905 5.4818 0
-278 -180.27 1005.67 68.8873 55.5356 44.7564
-271.711 -101.62 1306 0.868071 2.24943 0.366593
278 214.281 956.662 68.8873 55.5356 44.7564
-278 -21.5534 1046.65 125.452 10.4347 0
278 129.741 813.694 68.8873 55.5356 44.7564
278 243.315 1228.08 68.8873 55.5356 44.7564
67.9462 108.015 1306 110.574 9.19722 0
278 -16.2754 1134.41 127.185 10.36 0
8.12494 50.4032 1306 210.138 1.76605 0
278 106.038 1005.26 68.8873 55.5356 44.7564
266.725 173.31 1306 5.03729 0.418989 0
-176.261 -5.25037 1306 68.8873 55.5356 44.7564
-278 -2.78832 1278.54 35.8913 28.3362 21.8713
-276.945 -278 885.512 68.8873 55.5356 44.7564
138.891 -278 1153.51 68.8873 55.5356 44.7564
42.141 -223.413 1306 39.8627 31.4716 24.2914
-86.8197 -260.657 1236.82 36.5235 28.2387 20.8751
278 104.984 1244.05 37.2016 28.1679 19.943
-180.523 74.0735 1306 68.8873 55.5356 44.7564
-87.3202 -78 1192.5 73.9677 58.3976 45.0742
-242.819 278 1199.9 135.543 104.797 77.4699
-278 254.19 1170.85 125.42 94.9642 67.2349
278 -29.2559 1146.67 68.8873 55.5356 44.7564
191.178 -229.462 941.91 68.8873 55.5356 44.7564
278 -96.5641 1148.68 119.343 94.2212 72.7248
-278 224.839 1102.89 68.8873 55.5356 44.7564
-91.2994 -181.964 782.534 68.8873 55.5356 44.7564
-249.143 142.019 1306 19.0714 15.0569 11.6217
-278 135.555 1282.49 23.738 18.3534 13.5675
-0.765228 -278 899.187 6.51695 16.1958 2.42111
254.737 -274.15 1306 68.8873 55.5356 44.7564
-278 159.792 1109.11 68.8873 55.5356 44.7564
-257.836 278 1165.25 6.52742 16.9145 2.75658
-278 250.615 1244.03 4.16647 10.5732 1.65032
-244.973 60.2273 1306 0.421925 3.44158 0.10863
-278 -2.73447 838.79 68.8873 55.5356 44.7564
-211.457 -278 1227.59 5.92975 15.3657 2.50418
-113.311 256.17 1306 68.8873 55.5356 44.7564
-134.803 278 1245.17 123.052 97.1498 74.9852
-52.1274 -78 1134.77 68.8873 55.5356 44.7564
93.5693 136.967 1306 95.2137 75.1713 58.0211
11.6655 -278 1070.65 68.8873 55.5356 44.7564
186.851 -242.185 1306 16.6942 13.1801 10.1731
-18.5271 -186.639 1168.53 18.1203 14.01 10.3567
120.801 -261.69 911.117 68.8873 55.5356 44.7564
-278 -118.296 1058.39 92.3355 72.899 56.2672
-278 166.563 880.353 68.8873 55.5356 44.7564
-255.962 278 866.433 8.25361 21.3875 3.48556
52.1826 245.179 1306 68.8873 55.5356 44.7564
96.1264 -278 801.723 68.8873 55.5356 44.7564
278 -191.408 827.306 58.7537 46.3861 35.8032
-118.247 175.953 1306 68.8873 55.5356 44.7564
278 -199.728 1170.43 33.198 26.2099 20.2301
83.6187 69.8606 1306 68.8873 55.5356 44.7564
-278 -172.207 1209.78 29.7442 23.483 18.1254
-122.154 212.24 1306 68.8873 55.5356 44.7564
-278 -229.946 994.409 76.2586 60.2063 46.4703
-278 239.982 1065.81 68.8873 55.5356 44.7564
-234.841 278 1157.99 17.0263 44.1202 7.19033
25.5123 37.7608 1306 68.8873 55.5356 44.7564
91.3021 -278 912.51 106.553 84.1233 64.9307
-22.6021 -254.322 1127.4 20.649 15.9651 11.802
-48.8698 -278 1098.41 1.73917 1.31684 0.932329
205.596 256.105 1306 68.8873 55.5356 44.7564
188.045 278 1297.98 37.8528 29.8849 23.0667
198.7 273.018 1306 26.492 20.4827 15.1416
-278 260.329 872.094 68.8873 55.5356 44.7564
278 246.838 1107.31 68.8873 55.5356 44.7564
236.765 278 1103.74 109.655 9.12084 0
228.758 248.834 1306 31.2753 2.54758 0
2.57724 238.303 1306 68.8873 55.5356 44.7564
-278 25.2523 994.166 68.8873 55.5356 44.7564
-222.518 -119.256 1306 6.83094 17.701 2.88476
-278 -43.8936 1247.25 7.26375 18.4331 2.87714
-243.706 -278 1170.71 0.623283 5.08402 0.160472
278 72.4844 1280.82 68.8873 55.5356 44.7564
217.828 278 1237.16 37.9323 3.15511 0
-136.391 -278 1009.6 60.4814 4.9266 0
-76.3292 278 1077.17 119.395 9.52428 0
16.4368 248.104 1306 68.8873 55.5356 44.7564
-278 31.5599 1160.63 68.8873 55.5356 44.7564
-39.0957 213.55 1306 68.8873 55.5356 44.7564
-278 49.7241 1102.61 68.8873 55.5356 44.7564
-278 247.523 870.612 68.8873 55.5356 44.7564
-242.887 278 972.495 13.439 34.8244 5.67539
133.437 -90.4739 914.381 18.6908 47.4314 7.40335
16.3453 -278 1178.8 68.8873 55.5356 44.7564
-58.1333 -194.812 1306 67.7169 53.4625 41.2651
278 -10.6414 1091.21 66.209 51.1906 37.842
-278 175.067 1128.12 68.8873 55.5356 44.7564
-125.285 278 1190.64 33.657 87.2153 14.2136
-278 157.467 811.893 19.0553 48.3562 7.54771
-153.416 195.941 1306 68.8873 55.5356 44.7564
278 131.459 1118.08 68.8873 55.5356 44.7564
-55.3618 141.657 1306 68.8873 55.5356 44.7564
-278 269.193 1196.27 54.1748 42.7711 33.0129
278 264.518 789.901 68.8873 55.5356 44.7564
-84.7223 -82.0254 1065.28 87.3258 7.26353 0
22.9732 -27.0326 1306 68.8873 55.5356 44.7564
-278 25.9371 1125.12 70.1752 55.4034 42.7632
-162.656 -2.11254 1306 23.2789 59.0744 9.22066
278 75.5935 944.225 29.272 72.7462 10.8749
278 -130.706 1119.24 68.8873 55.5356 44.7564
-278 110.547 983.78 68.8873 55.5356 44.7564
16.6247 152.678 1306 68.8873 55.5356 44.7564
-203.736 -278 1220.77 23.9045 18.8726 14.5669
-278 -251.83 1270.94 13.4006 10.3609 7.65917
-253.656 278 850.148 0.299813 0.74509 0.111384
231.655 -278 1161.43 68.8873 55.5356 44.7564
-278 -61.0052 915.603 68.8873 55.5356 44.7564
-202.979 -194.117 1306 7.67021 19.8758 3.23919
-168.884 -128.19 1181.12 13.1872 33.4649 5.22338
-278 -189.504 1244.52 22.9313 56.9884 8.51922
278 149.493 1064.46 68.8873 55.5356 44.7564
140.835 -42.1116 1306 56.003 4.65818 0
-278 127.383 1269.21 9.09098 0.740519 0
-249.229 278 1231.27 1.03026 0.269746 0
-278 185.759 809.005 68.8873 55.5356 44.7564
-276.018 250.246 1306 0.169463 0.439129 0.0715655
-278 250.186 1305.97 0.00428027 0.010862 0.00169539
-278 237.913 1199.2 68.8873 55.5356 44.7564
278 106.458 1210.61 68.8873 55.5356 44.7564
176.063 -49.9625 1306 68.8873 55.5356 44.7564
278 72.0239 1283.57 19.2495 15.1975 11.7302
-278 204.042 1202.39 37.0853 3.02084 0
278 80.4415 1302.53 22.1852 5.80861 0
278 -112.317 1235.63 68.8873 55.5356 44.7564
176.302 -148.507 1306 108.737 9.04447 0
192.287 -278 1233.46 105.676 8.60802 0
-79.2549 -278 911.946 68.8873 55.5356 44.7564
-278 -265.315 951.478 8.60752 6.79565 5.24523
278 262.683 779.569 68.8873 55.5356 44.7564
-207.507 163.481 1306 92.5216 7.69571 0
-238.869 278 1175.8 136.725 11.1372 0
278 -266.117 829.539 68.8873 55.5356 44.7564
-278 -61.4789 884.91 68.8873 55.5356 44.7564
4.81745 140.016 1306 68.8873 55.5356 44.7564
66.2313 278 1261.78 38.7125 30.5635 23.5905
111.908 264.174 1306 16.4531 12.721 9.40381
-112.514 -78 1131.86 12.8849 9.75604 6.9073
-70.6219 170.398 1306 68.8873 55.5356 44.7564
-48.2731 278 1248.44 63.9246 50.4685 38.9542
-278 197.967 1082.38 34.7393 26.8592 19.8554
278 213.547 1102.65 21.5927 53.6618 8.02192
278 -250.185 1146.04 68.8873 55.5356 44.7564
-36.5559 -278 1256.36 68.8873 55.5356 44.7564
-3.6215 -239.522 1153.62 46.2799 36.5381 28.202
30.0782 -278 1155.1 44.9975 34.7905 25.7185
-7.11753 -80.9296 1142.88 88.2698 66.8353 47.3195
-278 -4.36578 1180.95 68.8873 55.5356 44.7564
278 113.222 964.226 68.8873 55.5356 44.7564
-278 262.294 994.769 68.8873 55.5356 44.7564
221.767 44.9666 1306 68.8873 55.5356 44.7564
-278 108.836 860.781 68.8873 55.5356 44.7564
278 251.057 948.155 41.0531 106.381 17.337
274.163 278 909.783 6.6959 1.79019 0
-162.479 219.971 1306 68.8873 55.5356 44.7564
186.09 257.333 1306 68.8873 55.5356 44.7564
-278 -266.905 845.246 68.8873 55.5356 44.7564
-41.9973 219.734 1306 68.8873 55.5356 44.7564
30.2707 278 1262.31 58.6681 46.3186 35.751
278 228.79 772.519 68.8873 55.5356 44.7564
278 158.603 997.89 68.8873 55.5356 44.7564
-278 124.325 1051.1 136.89 11.3862 0
-262.004 64.852 1306 5.19552 1.38905 0
-278 81.4435 1304.09 0.855904 0.224096 0
278 214.79 1133.89 68.8873 55.5356 44.7564
223.747 125.837 1306 37.1525 3.09025 0
-278 208.784 994.606 68.8873 55.5356 44.7564
278 82.8978 754.891 68.8873 55.5356 44.7564
278 187.928 820.788 68.8873 55.5356 44.7564
278 139.201 966.258 68.8873 55.5356 44.7564
-278 144.428 951.878 137.722 11.4554 0
-220.79 -278 944.253 11.4987 3.07426 0
-176.046 194.549 1306 18.2096 4.76772 0
-278 -18.6428 1099.69 68.8873 55.5356 44.7564
278 261.464 1005.96 68.8873 55.5356 44.7564
74.1215 2.57431 1306 63.0281 5.24251 0
278 -2.17078 1023.6 68.8873 55.5356 44.7564
145.646 -278 777.02 46.4069 3.86001 0
-67.3195 141.67 1306 68.8873 55.5356 44.7564
-278 -208.343 991.51 84.0425 66.3516 51.2136
155.817 278 1152.96 33.788 85.7431 13.3833
117.691 239.305 1306 16.1017 40.0157 5.98195
-278 -36.5408 959.693 68.8873 55.5356 44.7564
-184.24 -77.637 1306 68.8873 55.5356 44.7564
-278 -58.9755 1296.09 14.2046 11.2146 8.65597
-277.323 -91.0099 1306 0.178367 0.452638 0.0706502
-278 -91.5418 1305.47 0.187772 0.466646 0.0697591
-278 193.617 1032.08 68.8873 55.5356 44.7564
-178.424 -10.9836 1306 68.8873 55.5356 44.7564
278 151.777 1075.79 59.1199 46.6752 36.0263
59.0218 -278 803.28 68.8873 55.5356 44.7564
278 122.099 1203.4 68.8873 55.5356 44.7564
278 137.444 1055.11 68.8873 55.5356 44.7564
278 199.607 813.584 68.8873 55.5356 44.7564
-127.001 154.465 1306 68.8873 55.5356 44.7564
278 178.43 1097.85 68.8873 55.5356 44.7564
278 31.1029 1253.28 68.8873 55.5356 44.7564
-278 123.547 1040.51 127.151 10.5761 0
-232.225 278 915.148 17.7415 4.74331 0
-278 228.517 958.183 21.9546 5.74825 0
278 -8.20441 1016.68 68.8873 55.5356 44.7564
-278 214.26 1018.36 68.8873 55.5356 44.7564
-278 136.047 1133.05 68.8873 55.5356 44.7564
58.5774 -278 968.603 25.8379 66.9536 10.9115
-143.383 224.548 1306 68.8873 55.5356 44.7564
15.9488 278 1181.06 82.1996 64.8967 50.0906
235.306 -278 1103.46 151.655 117.255 86.6791
278 -80.3332 1153.7 287.728 217.859 154.245
278 189.142 1163.45 68.8873 55.5356 44.7564
-278 -200.306 1303.28 68.8873 55.5356 44.7564
-278 -114.803 1013.7 68.8873 55.5356 44.7564
278 236.056 1030.66 68.8873 55.5356 44.7564
-278 -85.3951 777.429 68.8873 55.5356 44.7564
-88.4001 75.5088 1306 68.8873 55.5356 44.7564
156.516 -96.9426 1306 68.8873 55.5356 44.7564
278 95.0398 1282.98 68.8873 55.5356 44.7564
217.519 278 1162.89 36.6995 3.05257 0
278 133.224 1069.09 58.1301 4.73507 0
-278 100.02 906.585 68.8873 55.5356 44.7564
117.823 278 779.018 37.5064 97.1901 15.8392
-202.617 169.926 1306 12.9471 32.8556 5.12828
-212.394 278 1029.01 24.11 59.9177 8.95711
278 -196.802 1296.77 68.8873 55.5356 44.7564
185.201 -278 1061.6 48.1486 4.00487 0
278 -212.801 1040.81 54.4519 4.43546 0
-278 227.503 913.295 68.8873 55.5356 44.7564
129.728 -104.654 919.436 33.2294 86.1072 14.033
-278 232.731 1255.84 68.8873 55.5356 44.7564
-247.525 246.202 1306 21.6928 56.2125 9.16105
44.7918 -278 1304.53 0.105883 0.268698 0.0419399
-41.1212 -262.555 1191.12 0.022853 0.0567938 0.00849012
-278 267.619 976.956 68.8873 55.5356 44.7564
-272.656 278 964.916 13.6554 35.3853 5.76679
73.9902 256.884 1306 68.8873 55.5356 44.7564
278 -230.909 1300.33 1.47699 1.16608 0.900042
46.4397 -278 882.778 1.4257 0.116133 0
-208.484 -278 1053.99 68.8873 55.5356 44.7564
278 71.9229 831.586 68.8873 55.5356 44.7564
182.06 -278 1107.79 28.9868 2.41105 0
80.8133 278 1030.11 56.5045 4.60265 0
278 117.655 1231.77 55.8511 4.45531 0
-167.594 -278 1015.94 68.8873 55.5356 44.7564
-81.0835 -278 1012.96 68.8873 55.5356 44.7564
118.624 -195.859 926.442 48.6482 38.4078 29.6451
-99.5329 -187.242 1050.47 54.2148 41.9171 30.9867
278 93.3244 928.718 68.8873 55.5356 44.7564
278 161.972 1261.1 68.8873 55.5356 44.7564
181.746 278 1150.98 71.033 5.90834 0
-278 243.955 1030.92 10.1526 0.826997 0
-278 272.44 906.305 68.8873 55.5356 44.7564
278 147.695 771.609 40.7018 105.47 17.1887
-61.1852 -130.832 1088.81 50.9877 13.6319 0
127.167 278 1079.7 31.6252 8.28024 0
-278 187.324 885.22 68.8873 55.5356 44.7564
-2.44805 139.265 1306 68.8873 55.5356 44.7564
278 -222.832 841.208 98.1355 77.4781 59.8016
220.433 -278 840.895 141.705 11.5428 0
278 0.393402 956.045 257.237 20.5201 0
-278 -74.9885 1027.79 68.8873 55.5356 44.7564
-278 78.3692 990.707 68.8873 55.5356 44.7564
-49.7487 250.673 1306 68.8873 55.5356 44.7564
278 142.046 1239.89 25.9094 20.4555 15.7886
-278 -64.3105 1121.07 68.8873 55.5356 44.7564
-278 -151.956 1130.92 68.8873 55.5356 44.7564
-106.865 -278 1248.02 30.2283 78.3304 12.7656
-48.3724 -149.442 1306 50.9059 129.183 20.1636
278 -68.902 1294.28 3.54686 8.81457 1.31769
-85.6223 -180.353 804.806 68.8873 55.5356 44.7564
278 147.452 1054.53 68.8873 55.5356 44.7564
274.333 278 1216.31 2.4296 0.202088 0
-209.865 -278 832.486 3.25035 0.264762 0
-117.467 -274.692 796.162 0.216426 0.0172646 0
278 30.5998 1300.43 68.8873 55.5356 44.7564
278 183.352 835.174 68.8873 55.5356 44.7564
216.705 -75.8832 1306 68.8873 55.5356 44.7564
278 -96.5996 1286.13 40.4465 31.9326 24.6472
-278 42.7828 1260.56 68.8873 55.5356 44.7564
65.8006 -278 1231.35 68.8873 55.5356 44.7564
-278 194.902 822.936 68.8873 55.5356 44.7564
-33.6133 -78 1133.2 68.8873 55.5356 44.7564
-140.086 57.7013 1306 76.576 60.4569 46.6637
-275.507 -278 1154.03 68.8873 55.5356 44.7564
-278 -238.271 1211.1 78.6667 62.1075 47.9377
